block_id,season,plot_id,treat_code,treat_details,urea_rate_timing,crop,prior_season_crop,planting_date,compost_tha,compost_quality,seed_variety,seeds_kgha,dap_kgha,urea_planting_kgha,germ_count_date,germination_rate,urea_V6_date,urea_V6_kgha,urea_V10_date,urea_V10_kgha,urea_total_kgha,N_kgha,silking_date,R3_date,harvest_date,yield_tha
adfa31ad-95bf-453d-94f1-d163a97756ee,21A,adfa31ad-95bf-453d-94f1-d163a97756ee-21A-A,A,DAP 1Kg/Are + Urea 0.5Kg/Are at V6,Urea 0.5Kg/Are(V6),maize,maize,2020-09-26,8,Well_decomposed,MV_403,28,100,0,2020-10-28,88,2020-11-11,50,,0,50,41,2020-12-24,2021-01-13,2021-02-24,4.52
adfa31ad-95bf-453d-94f1-d163a97756ee,21A,adfa31ad-95bf-453d-94f1-d163a97756ee-21A-B,B,DAP 1Kg/Are + Urea 0.5Kg/Are at Planting and Urea 0.5Kg/Are at V6,Urea1kg/Are(Planting+V6),maize,maize,2020-09-26,8,Well_decomposed,MV_403,28,100,50,2020-10-28,84,2020-11-11,50,,0,100,64,2020-12-24,2021-01-13,2021-02-24,4.2
adfa31ad-95bf-453d-94f1-d163a97756ee,21A,adfa31ad-95bf-453d-94f1-d163a97756ee-21A-C,C,DAP 1Kg/Are + Urea 0.5Kg/Are at V6 + Urea 0.5Kg/Are at V10,Urea 1kg/Are(V6 + V10),maize,maize,2020-09-26,8,Well_decomposed,MV_403,28,100,0,2020-10-28,92,2020-11-11,50,2020-12-03,50,100,64,2020-12-24,2021-01-13,2021-02-24,3.49
adfa31ad-95bf-453d-94f1-d163a97756ee,21A,adfa31ad-95bf-453d-94f1-d163a97756ee-21A-D,D,DAP 1Kg/Are at planting+ Urea 1Kg/Are at V6,Urea 1kg/Are(V6),maize,maize,2020-09-26,8,Well_decomposed,MV_403,28,100,0,2020-10-28,94,2020-11-11,100,,0,100,64,2020-12-24,2021-01-13,2021-02-24,3.58
d8807f25-e675-49ae-87a3-d228eca23c72,21A,d8807f25-e675-49ae-87a3-d228eca23c72-21A-A,A,DAP 1Kg/Are + Urea 0.5Kg/Are at V6,Urea 0.5Kg/Are(V6),maize,maize,2020-09-26,10,Well_decomposed,MV_403,30,99,0,2020-10-28,69,2020-11-11,50,,0,50,41,2020-12-24,2021-01-13,2021-02-24,4.59
d8807f25-e675-49ae-87a3-d228eca23c72,21A,d8807f25-e675-49ae-87a3-d228eca23c72-21A-B,B,DAP 1Kg/Are + Urea 0.5Kg/Are at Planting and Urea 0.5Kg/Are at V6,Urea1kg/Are(Planting+V6),maize,maize,2020-09-26,10,Well_decomposed,MV_403,30,99,50,2020-10-24,88,2020-11-11,50,,0,99,63,2020-12-24,2021-01-13,2021-02-24,4.76
d8807f25-e675-49ae-87a3-d228eca23c72,21A,d8807f25-e675-49ae-87a3-d228eca23c72-21A-C,C,DAP 1Kg/Are + Urea 0.5Kg/Are at V6 + Urea 0.5Kg/Are at V10,Urea 1kg/Are(V6 + V10),maize,maize,2020-09-26,10,Well_decomposed,MV_403,30,99,0,2020-10-28,72,2020-11-11,50,2020-12-03,50,99,63,2020-12-24,2021-01-13,2021-02-24,5.59
d8807f25-e675-49ae-87a3-d228eca23c72,21A,d8807f25-e675-49ae-87a3-d228eca23c72-21A-D,D,DAP 1Kg/Are at planting+ Urea 1Kg/Are at V6,Urea 1kg/Are(V6),maize,maize,2020-09-26,10,Well_decomposed,MV_403,30,99,0,2020-10-24,87,2020-11-11,99,,0,99,63,2020-12-24,2021-01-13,2021-02-24,5.13
262efa71-6ff4-4e18-b6f1-0c3d293504c0,21A,262efa71-6ff4-4e18-b6f1-0c3d293504c0-21A-A,A,DAP 1Kg/Are + Urea 0.5Kg/Are at V6,Urea 0.5Kg/Are(V6),maize,Beans,2020-09-29,10,Well_decomposed,MV_403,28,100,0,2020-10-28,89,2020-11-05,50,,0,50,41,2020-12-31,2021-01-25,2021-02-25,5.45
262efa71-6ff4-4e18-b6f1-0c3d293504c0,21A,262efa71-6ff4-4e18-b6f1-0c3d293504c0-21A-B,B,DAP 1Kg/Are + Urea 0.5Kg/Are at Planting and Urea 0.5Kg/Are at V6,Urea1kg/Are(Planting+V6),maize,Beans,2020-09-29,10,Well_decomposed,MV_403,28,100,50,2020-10-28,90,2020-11-05,50,,0,100,64,2020-12-31,2021-01-25,2021-02-25,4.78
262efa71-6ff4-4e18-b6f1-0c3d293504c0,21A,262efa71-6ff4-4e18-b6f1-0c3d293504c0-21A-C,C,DAP 1Kg/Are + Urea 0.5Kg/Are at V6 + Urea 0.5Kg/Are at V10,Urea 1kg/Are(V6 + V10),maize,Beans,2020-09-29,10,Well_decomposed,MV_403,28,100,0,2020-10-28,84,2020-11-05,50,2020-11-30,50,100,64,2020-12-31,2021-01-25,2021-02-25,5.57
262efa71-6ff4-4e18-b6f1-0c3d293504c0,21A,262efa71-6ff4-4e18-b6f1-0c3d293504c0-21A-D,D,DAP 1Kg/Are at planting+ Urea 1Kg/Are at V6,Urea 1kg/Are(V6),maize,Beans,2020-09-29,10,Well_decomposed,MV_403,28,100,0,2020-10-28,91,2020-11-05,100,,0,100,64,2020-12-31,2021-01-25,2021-02-25,6.68
95c016dd-908a-4f07-9e49-926e9a9f4f19,21A,95c016dd-908a-4f07-9e49-926e9a9f4f19-21A-A,A,DAP 1Kg/Are + Urea 0.5Kg/Are at V6,Urea 0.5Kg/Are(V6),maize,sorghum,2020-09-29,10,Well_decomposed,MV_403,29,100,0,2020-10-28,94,2020-11-05,50,,0,50,41,2020-12-24,2021-01-14,2021-02-19,6.71
95c016dd-908a-4f07-9e49-926e9a9f4f19,21A,95c016dd-908a-4f07-9e49-926e9a9f4f19-21A-B,B,DAP 1Kg/Are + Urea 0.5Kg/Are at Planting and Urea 0.5Kg/Are at V6,Urea1kg/Are(Planting+V6),maize,sorghum,2020-09-29,10,Well_decomposed,MV_403,29,100,50,2020-10-28,92,2020-11-05,50,,0,100,64,2020-12-24,2021-01-14,2021-02-19,5.73
95c016dd-908a-4f07-9e49-926e9a9f4f19,21A,95c016dd-908a-4f07-9e49-926e9a9f4f19-21A-C,C,DAP 1Kg/Are + Urea 0.5Kg/Are at V6 + Urea 0.5Kg/Are at V10,Urea 1kg/Are(V6 + V10),maize,sorghum,2020-09-29,10,Well_decomposed,MV_403,29,100,0,2020-10-28,89,2020-11-05,50,2020-11-30,50,100,64,2020-12-24,2021-01-14,2021-02-19,7.05
95c016dd-908a-4f07-9e49-926e9a9f4f19,21A,95c016dd-908a-4f07-9e49-926e9a9f4f19-21A-D,D,DAP 1Kg/Are + Urea 1Kg/Are at V6,Urea 1kg/Are(V6),maize,sorghum,2020-09-29,10,Well_decomposed,MV_403,29,100,0,2020-10-28,88,2020-11-05,100,,0,100,64,2020-12-24,2021-01-14,2021-02-19,5.98
1d5c61a0-ca6b-4db8-87c3-5ca46c7cad6d,21A,1d5c61a0-ca6b-4db8-87c3-5ca46c7cad6d-21A-A,A,DAP 1Kg/Are + Urea 0.5Kg/Are at V6,Urea 0.5Kg/Are(V6),maize,Beans,2020-09-30,10,Well_decomposed,MV_403,27,99,0,2020-10-28,94,2020-11-11,50,,0,50,41,2020-12-24,2021-01-14,2021-02-19,3.1
1d5c61a0-ca6b-4db8-87c3-5ca46c7cad6d,21A,1d5c61a0-ca6b-4db8-87c3-5ca46c7cad6d-21A-B,B,DAP 1Kg/Are + Urea 0.5Kg/Are at Planting and Urea 0.5Kg/Are at V6,Urea1kg/Are(Planting+V6),maize,Beans,2020-09-30,10,Well_decomposed,MV_403,27,99,50,2020-10-28,92,2020-11-11,50,,0,99,63,2020-12-24,2021-01-14,2021-02-19,3.32
1d5c61a0-ca6b-4db8-87c3-5ca46c7cad6d,21A,1d5c61a0-ca6b-4db8-87c3-5ca46c7cad6d-21A-C,C,DAP 1Kg/Are + Urea 0.5Kg/Are at V6 + Urea 0.5Kg/Are at V10,Urea 1kg/Are(V6 + V10),maize,Beans,2020-09-30,10,Well_decomposed,MV_403,27,99,0,2020-10-28,94,2020-11-11,50,2020-11-30,50,99,63,2020-12-24,2021-01-14,2021-02-19,2.88
1d5c61a0-ca6b-4db8-87c3-5ca46c7cad6d,21A,1d5c61a0-ca6b-4db8-87c3-5ca46c7cad6d-21A-D,D,DAP 1Kg/Are at planting+ Urea 1Kg/Are at V6,Urea 1kg/Are(V6),maize,Beans,2020-09-30,10,Well_decomposed,MV_403,27,99,0,2020-10-28,96,2020-11-11,99,,0,99,63,2020-12-24,2021-01-14,2021-02-19,3.29
6bbda1ad-cac0-405a-af23-1d7b92b9e8c2,21A,6bbda1ad-cac0-405a-af23-1d7b92b9e8c2-21A-A,A,DAP 1Kg/Are + Urea 0.5Kg/Are at V6,Urea 0.5Kg/Are(V6),maize,maize,2020-09-30,10,Well_decomposed,MV_403,28,100,0,2020-10-26,94,2020-11-11,50,,0,50,41,2020-12-30,2021-01-27,2021-03-01,5.39
6bbda1ad-cac0-405a-af23-1d7b92b9e8c2,21A,6bbda1ad-cac0-405a-af23-1d7b92b9e8c2-21A-B,B,DAP 1Kg/Are + Urea 0.5Kg/Are at Planting and Urea 0.5Kg/Are at V6,Urea1kg/Are(Planting+V6),maize,maize,2020-09-30,10,Well_decomposed,MV_403,28,100,50,2020-10-26,79,2020-11-11,50,,0,100,64,2020-12-30,2021-01-27,2021-03-01,5.13
6bbda1ad-cac0-405a-af23-1d7b92b9e8c2,21A,6bbda1ad-cac0-405a-af23-1d7b92b9e8c2-21A-C,C,DAP 1Kg/Are + Urea 0.5Kg/Are at V6 + Urea 0.5Kg/Are at V10,Urea 1kg/Are(V6 + V10),maize,maize,2020-09-30,10,Well_decomposed,MV_403,28,100,0,2020-11-26,90,2020-11-11,50,2020-12-04,50,100,64,2020-12-30,2021-01-27,2021-03-01,6.13
6bbda1ad-cac0-405a-af23-1d7b92b9e8c2,21A,6bbda1ad-cac0-405a-af23-1d7b92b9e8c2-21A-D,D,DAP 1Kg/Are at planting+ Urea 1Kg/Are at V6,Urea 1kg/Are(V6),maize,maize,2020-09-30,10,Well_decomposed,MV_403,28,100,0,2020-10-26,93,2020-11-11,100,,0,100,64,2020-12-30,2021-01-27,2021-03-01,5.09
975e5e46-7503-4d90-b32a-f33a234a1bd5,21A,975e5e46-7503-4d90-b32a-f33a234a1bd5-21A-A,A,DAP 1Kg/Are + Urea 0.5Kg/Are at V6,Urea 0.5Kg/Are(V6),maize,maize,2020-10-01,10,Well_decomposed,MV_403,28,100,0,2020-10-30,82,2020-11-11,50,,0,50,41,2021-01-07,2021-01-25,2021-02-23,4.49
975e5e46-7503-4d90-b32a-f33a234a1bd5,21A,975e5e46-7503-4d90-b32a-f33a234a1bd5-21A-B,B,DAP 1Kg/Are + Urea 0.5Kg/Are at Planting and Urea 0.5Kg/Are at V6,Urea1kg/Are(Planting+V6),maize,maize,2020-10-01,10,Well_decomposed,MV_403,28,100,50,2020-10-30,75,2020-11-11,50,,0,100,64,2021-01-07,2021-01-25,2021-02-23,5.73
975e5e46-7503-4d90-b32a-f33a234a1bd5,21A,975e5e46-7503-4d90-b32a-f33a234a1bd5-21A-C,C,DAP 1Kg/Are + Urea 0.5Kg/Are at V6 + Urea 0.5Kg/Are at V10,Urea 1kg/Are(V6 + V10),maize,maize,2020-10-01,10,Well_decomposed,MV_403,28,100,0,2020-10-30,89,2020-11-11,50,2020-12-04,50,100,64,2021-01-07,2021-01-25,2021-02-23,5.22
975e5e46-7503-4d90-b32a-f33a234a1bd5,21A,975e5e46-7503-4d90-b32a-f33a234a1bd5-21A-D,D,DAP 1Kg/Are at planting+ Urea 1Kg/Are at V6,Urea 1kg/Are(V6),maize,maize,2020-10-01,10,Well_decomposed,MV_403,28,100,0,2020-10-30,82,2020-11-11,100,,0,100,64,2021-01-07,2021-01-25,2021-02-23,5.08
27591843-dba1-44c0-8014-d6a31f341e4c,21A,27591843-dba1-44c0-8014-d6a31f341e4c-21A-A,A,DAP 1Kg/Are + Urea 0.5Kg/Are at V6,Urea 0.5Kg/Are(V6),maize,cassava,2020-10-05,10,Well_decomposed,MV_403,27,100,0,2020-11-09,79,2020-11-19,50,,0,50,41,2021-01-11,2021-02-02,2021-03-01,2.47
27591843-dba1-44c0-8014-d6a31f341e4c,21A,27591843-dba1-44c0-8014-d6a31f341e4c-21A-B,B,DAP 1Kg/Are + Urea 0.5Kg/Are at Planting and Urea 0.5Kg/Are at V6,Urea1kg/Are(Planting+V6),maize,cassava,2020-10-05,10,Well_decomposed,MV_403,27,100,50,2020-11-09,68,2020-11-19,50,,0,100,64,2021-01-11,2021-02-02,2021-03-01,2.1
27591843-dba1-44c0-8014-d6a31f341e4c,21A,27591843-dba1-44c0-8014-d6a31f341e4c-21A-C,C,DAP 1Kg/Are + Urea 0.5Kg/Are at V6 + Urea 0.5Kg/Are at V10,Urea 1kg/Are(V6 + V10),maize,cassava,2020-10-05,10,Well_decomposed,MV_403,27,100,0,2020-11-09,82,2020-11-19,50,2020-12-09,50,100,64,2021-01-11,2021-02-02,2021-03-01,3.34
27591843-dba1-44c0-8014-d6a31f341e4c,21A,27591843-dba1-44c0-8014-d6a31f341e4c-21A-D,D,DAP 1Kg/Are at planting+ Urea 1Kg/Are at V6,Urea 1kg/Are(V6),maize,cassava,2020-10-05,10,Well_decomposed,MV_403,27,100,0,2020-11-09,69,2020-11-19,100,,0,100,64,2021-01-11,2021-02-02,2021-03-01,2.3
730838ee-584a-4aaf-afb5-1ea2abe5180b,21A,730838ee-584a-4aaf-afb5-1ea2abe5180b-21A-A,A,DAP 1Kg/Are + Urea 0.5Kg/Are at V6,Urea 0.5Kg/Are(V6),maize,Beans,2020-10-06,10,Well_decomposed,MV_403,28,100,0,2020-11-09,70,2020-11-23,50,,0,50,41,2021-01-08,2021-01-29,2021-03-13,4.46
730838ee-584a-4aaf-afb5-1ea2abe5180b,21A,730838ee-584a-4aaf-afb5-1ea2abe5180b-21A-B,B,DAP 1Kg/Are + Urea 0.5Kg/Are at Planting and Urea 0.5Kg/Are at V6,Urea1kg/Are(Planting+V6),maize,Beans,2020-10-06,10,Well_decomposed,MV_403,28,100,50,2020-11-09,69,2020-11-23,50,,0,100,64,2021-01-08,2021-01-29,2021-03-13,4.11
730838ee-584a-4aaf-afb5-1ea2abe5180b,21A,730838ee-584a-4aaf-afb5-1ea2abe5180b-21A-C,C,DAP 1Kg/Are + Urea 0.5Kg/Are at V6 + Urea 0.5Kg/Are at V10,Urea 1kg/Are(V6 + V10),maize,Beans,2020-10-06,10,Well_decomposed,MV_403,28,100,0,2020-11-09,79,2020-11-23,50,2020-12-09,50,100,64,2021-01-08,2021-01-29,2021-03-13,5.39
730838ee-584a-4aaf-afb5-1ea2abe5180b,21A,730838ee-584a-4aaf-afb5-1ea2abe5180b-21A-D,D,DAP 1Kg/Are at planting+ Urea 1Kg/Are at V6,Urea 1kg/Are(V6),maize,Beans,2020-10-06,10,Well_decomposed,MV_403,28,100,0,2020-11-09,61,2020-11-23,100,,0,100,64,2021-01-08,2021-01-29,2021-03-13,5.27
fe2d2425-acd9-43dc-a38c-4d36729b57f4,21A,fe2d2425-acd9-43dc-a38c-4d36729b57f4-21A-A,A,DAP 1Kg/Are + Urea 0.5Kg/Are at V6,Urea 0.5Kg/Are(V6),maize,Beans,2020-10-06,10,Well_decomposed,MV_403,27,99,0,2020-11-06,75,2020-11-19,50,,0,50,41,2021-01-08,2021-02-02,2021-03-08,7.03
fe2d2425-acd9-43dc-a38c-4d36729b57f4,21A,fe2d2425-acd9-43dc-a38c-4d36729b57f4-21A-B,B,DAP 1Kg/Are + Urea 0.5Kg/Are at Planting and Urea 0.5Kg/Are at V6,Urea1kg/Are(Planting+V6),maize,Beans,2020-10-06,10,Well_decomposed,MV_403,27,99,50,2020-11-06,82,2020-11-19,50,,0,99,63,2021-01-08,2021-02-02,2021-03-08,5.65
fe2d2425-acd9-43dc-a38c-4d36729b57f4,21A,fe2d2425-acd9-43dc-a38c-4d36729b57f4-21A-C,C,DAP 1Kg/Are + Urea 0.5Kg/Are at V6 + Urea 0.5Kg/Are at V10,Urea 1kg/Are(V6 + V10),maize,Beans,2020-10-06,10,Well_decomposed,MV_403,27,99,0,2020-11-06,89,2020-11-19,50,2020-12-10,50,99,63,2021-01-08,2021-02-02,2021-03-08,7.4
fe2d2425-acd9-43dc-a38c-4d36729b57f4,21A,fe2d2425-acd9-43dc-a38c-4d36729b57f4-21A-D,D,DAP 1Kg/Are at planting+ Urea 1Kg/Are at V6,Urea 1kg/Are(V6),maize,Beans,2020-10-06,10,Well_decomposed,MV_403,27,99,0,2020-11-06,79,2020-11-19,99,,0,99,63,2021-01-08,2021-02-02,2021-03-08,6.93
8dd62e1f-f676-44f9-8bf7-76a969e2474a,21A,8dd62e1f-f676-44f9-8bf7-76a969e2474a-21A-A,A,DAP 1Kg/Are + Urea 0.5Kg/Are at V6,Urea 0.5Kg/Are(V6),maize,maize,2020-10-07,10,Well_decomposed,MV_403,28,100,0,2020-11-09,95,2020-11-19,50,,0,50,41,2020-12-31,2021-01-29,2021-03-04,4.43
8dd62e1f-f676-44f9-8bf7-76a969e2474a,21A,8dd62e1f-f676-44f9-8bf7-76a969e2474a-21A-B,B,DAP 1Kg/Are + Urea 0.5Kg/Are at Planting and Urea 0.5Kg/Are at V6,Urea1kg/Are(Planting+V6),maize,maize,2020-10-07,10,Well_decomposed,MV_403,28,100,50,2020-11-09,90,2020-11-19,50,,0,100,64,2020-12-31,2021-01-29,2021-03-04,4.22
8dd62e1f-f676-44f9-8bf7-76a969e2474a,21A,8dd62e1f-f676-44f9-8bf7-76a969e2474a-21A-C,C,DAP 1Kg/Are + Urea 0.5Kg/Are at V6 + Urea 0.5Kg/Are at V10,Urea 1kg/Are(V6 + V10),maize,maize,2020-10-07,10,Well_decomposed,MV_403,28,100,0,2020-11-09,91,2020-11-19,50,2020-12-09,50,100,64,2020-12-31,2021-01-29,2021-03-04,5.64
8dd62e1f-f676-44f9-8bf7-76a969e2474a,21A,8dd62e1f-f676-44f9-8bf7-76a969e2474a-21A-D,D,DAP 1Kg/Are at planting+ Urea 1Kg/Are at V6,Urea 1kg/Are(V6),maize,maize,2020-10-07,10,Well_decomposed,MV_403,28,100,0,2020-11-09,93,2020-11-19,100,,0,100,64,2020-12-31,2021-01-29,2021-03-04,5.01
f19aaddb-d22a-40df-afb8-f489b1358d16,21A,f19aaddb-d22a-40df-afb8-f489b1358d16-21A-A,A,DAP 1Kg/Are + Urea 0.5Kg/Are at V6,Urea 0.5Kg/Are(V6),maize,maize,2020-10-07,10,Well_decomposed,MV_403,27,99,0,2020-11-09,89,2020-11-18,50,,0,50,41,2020-12-31,2021-01-29,2021-03-09,5.57
f19aaddb-d22a-40df-afb8-f489b1358d16,21A,f19aaddb-d22a-40df-afb8-f489b1358d16-21A-B,B,DAP 1Kg/Are + Urea 0.5Kg/Are at Planting and Urea 0.5Kg/Are at V6,Urea1kg/Are(Planting+V6),maize,Beans maize,2020-10-07,10,Well_decomposed,MV_403,27,99,50,2020-11-09,84,2020-11-18,50,,0,99,63,2020-12-31,2021-01-29,2021-03-09,4.85
f19aaddb-d22a-40df-afb8-f489b1358d16,21A,f19aaddb-d22a-40df-afb8-f489b1358d16-21A-C,C,DAP 1Kg/Are + Urea 0.5Kg/Are at V6 + Urea 0.5Kg/Are at V10,Urea 1kg/Are(V6 + V10),maize,Beans,2020-10-07,10,Well_decomposed,MV_403,27,99,0,2020-11-09,91,2020-11-18,50,2020-12-07,50,99,63,2020-12-31,2021-01-29,2021-03-09,6.93
f19aaddb-d22a-40df-afb8-f489b1358d16,21A,f19aaddb-d22a-40df-afb8-f489b1358d16-21A-D,D,DAP 1Kg/Are at planting+ Urea 1Kg/Are at V6,Urea 1kg/Are(V6),maize,Beans,2020-10-07,10,Well_decomposed,MV_403,27,99,0,2020-11-09,90,2020-11-18,99,,0,99,63,2020-12-31,2021-01-29,2021-03-09,7.68
e8ef26c0-2a9c-4699-b8fa-16509d29122d,21A,e8ef26c0-2a9c-4699-b8fa-16509d29122d-21A-A,A,DAP 1Kg/Are + Urea 0.5Kg/Are at V6,Urea 0.5Kg/Are(V6),maize,tomato,2020-10-09,10,Well_decomposed,MV_403,27,99,0,2020-11-06,69,2020-11-25,50,,0,50,41,2021-01-06,2021-02-02,2021-03-20,5.68
e8ef26c0-2a9c-4699-b8fa-16509d29122d,21A,e8ef26c0-2a9c-4699-b8fa-16509d29122d-21A-B,B,DAP 1Kg/Are + Urea 0.5Kg/Are at Planting and Urea 0.5Kg/Are at V6,Urea1kg/Are(Planting+V6),maize,maize,2020-10-09,10,Well_decomposed,MV_403,27,99,50,2020-11-06,71,2020-11-25,50,,0,99,63,2021-01-06,2021-02-02,2021-03-20,5.95
e8ef26c0-2a9c-4699-b8fa-16509d29122d,21A,e8ef26c0-2a9c-4699-b8fa-16509d29122d-21A-C,C,DAP 1Kg/Are + Urea 0.5Kg/Are at V6 + Urea 0.5Kg/Are at V10,Urea 1kg/Are(V6 + V10),maize,maize,2020-10-09,10,Well_decomposed,MV_403,27,99,0,2020-11-06,74,2020-11-25,50,2020-12-16,50,99,63,2021-01-06,2021-02-02,2021-03-20,6.47
e8ef26c0-2a9c-4699-b8fa-16509d29122d,21A,e8ef26c0-2a9c-4699-b8fa-16509d29122d-21A-D,D,DAP 1Kg/Are at planting+ Urea 1Kg/Are at V6,Urea 1kg/Are(V6),maize,maize,2020-10-09,10,Well_decomposed,MV_403,27,99,0,2020-11-06,73,2020-11-25,99,,0,99,63,2021-01-06,2021-02-02,2021-03-20,6.04
fd2519ff-db5c-4673-89bb-382a801825f8,21A,fd2519ff-db5c-4673-89bb-382a801825f8-21A-A,A,DAP 1Kg/Are + Urea 0.5Kg/Are at V6,Urea 0.5Kg/Are(V6),maize,maize,2020-10-09,10,Well_decomposed,MV_403,28,100,0,2020-11-09,95,2020-11-23,50,,0,50,41,2021-01-08,2021-02-02,2021-03-13,6.21
fd2519ff-db5c-4673-89bb-382a801825f8,21A,fd2519ff-db5c-4673-89bb-382a801825f8-21A-B,B,DAP 1Kg/Are + Urea 0.5Kg/Are at Planting and Urea 0.5Kg/Are at V6,Urea1kg/Are(Planting+V6),maize,maize,2020-10-09,10,Well_decomposed,MV_403,28,100,50,2020-11-09,92,2020-11-23,50,,0,100,64,2021-01-08,2021-02-02,2021-03-13,5.43
fd2519ff-db5c-4673-89bb-382a801825f8,21A,fd2519ff-db5c-4673-89bb-382a801825f8-21A-C,C,DAP 1Kg/Are + Urea 0.5Kg/Are at V6 + Urea 0.5Kg/Are at V10,Urea 1kg/Are(V6 + V10),maize,maize,2020-10-09,10,Well_decomposed,MV_403,28,100,0,2020-11-09,93,2020-11-23,50,2020-12-16,50,100,64,2021-01-08,2021-02-02,2021-03-13,6.37
fd2519ff-db5c-4673-89bb-382a801825f8,21A,fd2519ff-db5c-4673-89bb-382a801825f8-21A-D,D,DAP 1Kg/Are at planting+ Urea 1Kg/Are at V6,Urea 1kg/Are(V6),maize,maize,2020-10-09,10,Well_decomposed,MV_403,28,100,0,2020-11-09,94,2020-11-23,100,,0,100,64,2021-01-08,2021-02-02,2021-03-13,4.35
34519590-bff7-434c-80ce-89a5c91d461f,21A,34519590-bff7-434c-80ce-89a5c91d461f-21A-A,A,DAP 1Kg/Are + Urea 0.5Kg/Are at V6,Urea 0.5Kg/Are(V6),maize,maize,2020-10-10,10,Well_decomposed,MV_403,27,99,0,2020-11-09,81,2020-11-19,50,,0,50,41,2021-01-08,2021-01-27,2021-02-18,5.58
34519590-bff7-434c-80ce-89a5c91d461f,21A,34519590-bff7-434c-80ce-89a5c91d461f-21A-B,B,DAP 1Kg/Are + Urea 0.5Kg/Are at Planting and Urea 0.5Kg/Are at V6,Urea1kg/Are(Planting+V6),maize,maize,2020-10-10,10,Well_decomposed,MV_403,27,99,50,2020-11-09,64,2020-11-19,50,,0,99,63,2021-01-08,2021-01-27,2021-02-18,4.73
34519590-bff7-434c-80ce-89a5c91d461f,21A,34519590-bff7-434c-80ce-89a5c91d461f-21A-C,C,DAP 1Kg/Are + Urea 0.5Kg/Are at V6 + Urea 0.5Kg/Are at V10,Urea 1kg/Are(V6 + V10),maize,maize,2020-10-10,10,Well_decomposed,MV_403,27,99,0,2020-11-09,89,2020-11-19,50,2020-12-07,50,99,63,2021-01-08,2021-01-27,2021-02-18,6.07
34519590-bff7-434c-80ce-89a5c91d461f,21A,34519590-bff7-434c-80ce-89a5c91d461f-21A-D,D,DAP 1Kg/Are at planting+ Urea 1Kg/Are at V6,Urea 1kg/Are(V6),maize,maize,2020-10-10,10,Well_decomposed,MV_403,27,99,0,2020-11-09,88,2020-11-19,99,,0,99,63,2021-01-08,2021-01-27,2021-02-18,6.61
19f383fd-78f4-4ee7-b8cc-a6d1feef9eba,21A,19f383fd-78f4-4ee7-b8cc-a6d1feef9eba-21A-A,A,DAP 1Kg/Are + Urea 0.5Kg/Are at V6,Urea 0.5Kg/Are(V6),maize,Beans,2020-09-15,12,Well_decomposed,MV_403,33,101,0,2020-10-23,80,2020-11-13,50,,0,50,41,2020-12-23,2021-01-11,2021-02-21,4.39
19f383fd-78f4-4ee7-b8cc-a6d1feef9eba,21A,19f383fd-78f4-4ee7-b8cc-a6d1feef9eba-21A-B,B,DAP 1Kg/Are + Urea 0.5Kg/Are at Planting and Urea 0.5Kg/Are at V6,Urea1kg/Are(Planting+V6),maize,Beans,2020-09-15,12,Well_decomposed,MV_403,33,101,50,2020-10-23,82,2020-11-13,50,,0,101,64,2020-12-23,2021-01-11,2021-02-21,4.19
19f383fd-78f4-4ee7-b8cc-a6d1feef9eba,21A,19f383fd-78f4-4ee7-b8cc-a6d1feef9eba-21A-C,C,DAP 1Kg/Are + Urea 0.5Kg/Are at V6 + Urea 0.5Kg/Are at V10,Urea 1kg/Are(V6 + V10),maize,Beans,2020-09-15,12,Well_decomposed,MV_403,33,101,0,2020-10-23,90,2020-11-13,50,2020-11-24,50,101,64,2020-12-23,2021-01-11,2021-02-21,5.24
19f383fd-78f4-4ee7-b8cc-a6d1feef9eba,21A,19f383fd-78f4-4ee7-b8cc-a6d1feef9eba-21A-D,D,DAP 1Kg/Are at planting+ Urea 1Kg/Are at V6,Urea 1kg/Are(V6),maize,Beans,2020-09-15,12,Well_decomposed,MV_403,33,101,0,2020-10-23,89,2020-11-13,101,,0,101,64,2020-12-23,2021-01-11,2021-02-21,4.4
f72efb59-2156-4f30-81d4-51c1b0061ac0,21A,f72efb59-2156-4f30-81d4-51c1b0061ac0-21A-A,A,DAP 1Kg/Are + Urea 0.5Kg/Are at V6,Urea 0.5Kg/Are(V6),maize,Beans,2020-09-23,11,Well_decomposed,MV_403,35,100,0,2020-10-23,99,2020-11-13,52,,0,52,42,2020-12-23,2021-01-11,2021-03-01,3.76
f72efb59-2156-4f30-81d4-51c1b0061ac0,21A,f72efb59-2156-4f30-81d4-51c1b0061ac0-21A-B,B,DAP 1Kg/Are + Urea 0.5Kg/Are at Planting and Urea 0.5Kg/Are at V6,Urea1kg/Are(Planting+V6),maize,Beans,2020-09-23,11,Well_decomposed,MV_403,35,100,52,2020-10-23,96,2020-11-13,52,,0,104,66,2020-12-23,2021-01-11,2021-03-01,4.44
f72efb59-2156-4f30-81d4-51c1b0061ac0,21A,f72efb59-2156-4f30-81d4-51c1b0061ac0-21A-C,C,DAP 1Kg/Are + Urea 0.5Kg/Are at V6 + Urea 0.5Kg/Are at V10,Urea 1kg/Are(V6 + V10),maize,Beans,2020-09-23,11,Well_decomposed,MV_403,35,100,0,2020-10-23,95,2020-11-13,52,2020-11-24,52,104,66,2020-12-23,2021-01-11,2021-03-01,4.54
f72efb59-2156-4f30-81d4-51c1b0061ac0,21A,f72efb59-2156-4f30-81d4-51c1b0061ac0-21A-D,D,DAP 1Kg/Are at planting+ Urea 1Kg/Are at V6,Urea 1kg/Are(V6),maize,Beans,2020-09-23,11,Well_decomposed,MV_403,35,100,0,2020-10-23,98,2020-11-13,104,,0,104,66,2020-12-23,2021-01-11,2021-03-01,4.25
45496105-4777-4bb5-b1d7-54f9e4f7e2c2,21A,45496105-4777-4bb5-b1d7-54f9e4f7e2c2-21A-A,A,DAP 1Kg/Are + Urea 0.5Kg/Are at V6,Urea 0.5Kg/Are(V6),maize,Beans,2020-09-23,10,Well_decomposed,MV_403,32,100,0,2020-10-23,82,2020-11-07,50,,0,50,41,2020-12-18,2021-01-11,2021-02-24,2.78
45496105-4777-4bb5-b1d7-54f9e4f7e2c2,21A,45496105-4777-4bb5-b1d7-54f9e4f7e2c2-21A-B,B,DAP 1Kg/Are + Urea 0.5Kg/Are at Planting and Urea 0.5Kg/Are at V6,Urea1kg/Are(Planting+V6),maize,Beans,2020-09-23,10,Well_decomposed,MV_403,34,100,50,2020-10-23,71,2020-11-07,50,,0,100,64,2020-12-18,2021-01-11,2021-02-24,3.42
45496105-4777-4bb5-b1d7-54f9e4f7e2c2,21A,45496105-4777-4bb5-b1d7-54f9e4f7e2c2-21A-C,C,DAP 1Kg/Are + Urea 0.5Kg/Are at V6 + Urea 0.5Kg/Are at V10,Urea 1kg/Are(V6 + V10),maize,Beans,2020-09-23,10,Well_decomposed,MV_403,32,100,0,2020-10-23,94,2020-11-07,50,2020-11-24,50,100,64,2020-12-18,2021-01-11,2021-02-24,3.98
45496105-4777-4bb5-b1d7-54f9e4f7e2c2,21A,45496105-4777-4bb5-b1d7-54f9e4f7e2c2-21A-D,D,DAP 1Kg/Are at planting+ Urea 1Kg/Are at V6,Urea 1kg/Are(V6),maize,Beans,2020-09-23,10,Well_decomposed,MV_403,32,100,0,2020-10-23,95,2020-11-07,100,,0,100,64,2020-12-18,2021-01-11,2021-02-24,3.98
dc347ce0-fe83-4c4e-90ee-47e3005699e9,21A,dc347ce0-fe83-4c4e-90ee-47e3005699e9-21A-A,A,DAP 1Kg/Are + Urea 0.5Kg/Are at V6,Urea 0.5Kg/Are(V6),maize,fallow,2020-09-23,10,Well_decomposed,MV_403,33,100,0,2020-10-23,86,2020-11-06,50,,0,50,41,2020-12-10,2021-01-05,2021-02-18,5.21
dc347ce0-fe83-4c4e-90ee-47e3005699e9,21A,dc347ce0-fe83-4c4e-90ee-47e3005699e9-21A-B,B,DAP 1Kg/Are + Urea 0.5Kg/Are at Planting and Urea 0.5Kg/Are at V6,Urea1kg/Are(Planting+V6),maize,Beans,2020-09-23,10,Well_decomposed,MV_403,33,100,50,2020-10-23,76,2020-11-06,50,,0,100,64,2020-12-10,2021-01-05,2021-02-18,4.69
dc347ce0-fe83-4c4e-90ee-47e3005699e9,21A,dc347ce0-fe83-4c4e-90ee-47e3005699e9-21A-C,C,DAP 1Kg/Are + Urea 0.5Kg/Are at V6 + Urea 0.5Kg/Are at V10,Urea 1kg/Are(V6 + V10),maize,Beans,2020-09-23,10,Well_decomposed,MV_403,33,100,0,2020-10-23,92,2020-11-06,50,2020-11-26,50,100,64,2020-12-10,2021-01-05,2021-02-18,5.65
dc347ce0-fe83-4c4e-90ee-47e3005699e9,21A,dc347ce0-fe83-4c4e-90ee-47e3005699e9-21A-D,D,DAP 1Kg/Are at planting+ Urea 1Kg/Are at V6,Urea 1kg/Are(V6),maize,Beans,2020-09-23,10,Well_decomposed,MV_403,33,100,0,2020-10-23,90,2020-11-06,100,,0,100,64,2020-12-10,2021-01-05,2021-02-18,5.87
4e195dd2-245e-4ac7-af83-fce75c5e8a0f,21A,4e195dd2-245e-4ac7-af83-fce75c5e8a0f-21A-A,A,DAP 1Kg/Are + Urea 0.5Kg/Are at V6,Urea 0.5Kg/Are(V6),maize,Beans,2020-09-24,9,Well_decomposed,MV_403,33,100,0,2020-10-23,97,2020-11-04,50,,0,50,41,2020-12-10,2021-01-07,2021-02-15,6.72
4e195dd2-245e-4ac7-af83-fce75c5e8a0f,21A,4e195dd2-245e-4ac7-af83-fce75c5e8a0f-21A-B,B,DAP 1Kg/Are + Urea 0.5Kg/Are at Planting and Urea 0.5Kg/Are at V6,Urea1kg/Are(Planting+V6),maize,Beans,2020-09-24,9,Well_decomposed,MV_403,33,100,50,2020-10-23,98,2020-11-04,50,,0,100,64,2020-12-10,2021-01-07,2021-02-15,7.57
4e195dd2-245e-4ac7-af83-fce75c5e8a0f,21A,4e195dd2-245e-4ac7-af83-fce75c5e8a0f-21A-C,C,DAP 1Kg/Are + Urea 0.5Kg/Are at V6 + Urea 0.5Kg/Are at V10,Urea 1kg/Are(V6 + V10),maize,Beans,2020-09-24,9,Well_decomposed,MV_403,33,100,0,2020-10-23,96,2020-11-04,50,2020-11-26,50,100,64,2020-12-10,2021-01-07,2021-02-15,6.38
4e195dd2-245e-4ac7-af83-fce75c5e8a0f,21A,4e195dd2-245e-4ac7-af83-fce75c5e8a0f-21A-D,D,DAP 1Kg/Are at planting+ Urea 1Kg/Are at V6,Urea 1kg/Are(V6),maize,Beans,2020-09-24,9,Well_decomposed,MV_403,33,100,0,2020-10-23,100,2020-11-04,100,,0,100,64,2020-12-10,2021-01-07,2021-02-15,7.98
d0bcd085-2d73-4a5b-837e-39d89c81e1b7,21A,d0bcd085-2d73-4a5b-837e-39d89c81e1b7-21A-A,A,DAP 1Kg/Are + Urea 0.5Kg/Are at V6,Urea 0.5Kg/Are(V6),maize,cassava,2020-09-24,9,Well_decomposed,MV_403,32,100,0,2020-10-28,86,2020-11-06,50,,0,50,41,2020-12-18,2021-01-11,2021-03-15,5.85
d0bcd085-2d73-4a5b-837e-39d89c81e1b7,21A,d0bcd085-2d73-4a5b-837e-39d89c81e1b7-21A-B,B,DAP 1Kg/Are + Urea 0.5Kg/Are at Planting and Urea 0.5Kg/Are at V6,Urea1kg/Are(Planting+V6),maize,cassava,2020-09-24,9,Well_decomposed,MV_403,32,100,50,2020-10-28,88,2020-11-06,50,,0,100,64,2020-12-18,2021-01-11,2021-03-15,4.51
d0bcd085-2d73-4a5b-837e-39d89c81e1b7,21A,d0bcd085-2d73-4a5b-837e-39d89c81e1b7-21A-C,C,DAP 1Kg/Are + Urea 0.5Kg/Are at V6 + Urea 0.5Kg/Are at V10,Urea 1kg/Are(V6 + V10),maize,cassava,2020-09-24,9,Well_decomposed,MV_403,32,100,0,2020-10-28,94,2020-11-06,50,2020-11-27,50,100,64,2020-12-18,2021-01-11,2021-03-15,7.29
d0bcd085-2d73-4a5b-837e-39d89c81e1b7,21A,d0bcd085-2d73-4a5b-837e-39d89c81e1b7-21A-D,D,DAP 1Kg/Are at planting+ Urea 1Kg/Are at V6,Urea 1kg/Are(V6),maize,cassava,2020-09-24,9,Well_decomposed,MV_403,32,100,0,2020-10-28,92,2020-11-06,100,,0,100,64,2020-12-18,2021-01-11,2021-03-15,6.81
d6de3c11-9291-4fec-80b8-89f08f8ce265,21A,d6de3c11-9291-4fec-80b8-89f08f8ce265-21A-A,A,DAP 1Kg/Are + Urea 0.5Kg/Are at V6,Urea 0.5Kg/Are(V6),maize,Beans,2020-09-26,10,Well_decomposed,MV_403,31,99,0,2020-10-30,95,2020-11-16,50,,0,50,41,2020-12-22,2021-01-15,2021-03-05,4.39
d6de3c11-9291-4fec-80b8-89f08f8ce265,21A,d6de3c11-9291-4fec-80b8-89f08f8ce265-21A-B,B,DAP 1Kg/Are + Urea 0.5Kg/Are at Planting and Urea 0.5Kg/Are at V6,Urea1kg/Are(Planting+V6),maize,Beans,2020-09-26,10,Well_decomposed,MV_403,31,99,50,2020-10-30,97,2020-11-16,50,,0,99,63,2020-12-22,2021-01-15,2021-03-05,5.01
d6de3c11-9291-4fec-80b8-89f08f8ce265,21A,d6de3c11-9291-4fec-80b8-89f08f8ce265-21A-C,C,DAP 1Kg/Are + Urea 0.5Kg/Are at V6 + Urea 0.5Kg/Are at V10,Urea 1kg/Are(V6 + V10),maize,Beans,2020-09-26,10,Well_decomposed,MV_403,31,99,0,2020-10-30,95,2020-11-16,50,2020-12-02,50,99,63,2020-12-22,2021-01-15,2021-03-05,5.82
d6de3c11-9291-4fec-80b8-89f08f8ce265,21A,d6de3c11-9291-4fec-80b8-89f08f8ce265-21A-D,D,DAP 1Kg/Are at planting+ Urea 1Kg/Are at V6,Urea 1kg/Are(V6),maize,Beans,2020-09-26,10,Well_decomposed,MV_403,31,99,0,2020-10-30,92,2020-11-16,99,,0,99,63,2020-12-22,2021-01-15,2021-03-05,5.23
b985141a-f340-41b3-96bf-94b2814e7636,21A,b985141a-f340-41b3-96bf-94b2814e7636-21A-A,A,DAP 1Kg/Are + Urea 0.5Kg/Are at V6,Urea 0.5Kg/Are(V6),maize,sweet_potato,2020-09-28,9,Well_decomposed,MV_403,32,100,0,2020-10-28,100,2020-10-30,50,,0,50,41,2020-12-10,2021-01-06,2021-03-06,5.53
b985141a-f340-41b3-96bf-94b2814e7636,21A,b985141a-f340-41b3-96bf-94b2814e7636-21A-B,B,DAP 1Kg/Are + Urea 0.5Kg/Are at Planting and Urea 0.5Kg/Are at V6,Urea1kg/Are(Planting+V6),maize,sweet_potato,2020-09-28,9,Well_decomposed,MV_403,32,100,50,2020-10-28,94,2020-10-30,50,,0,100,64,2020-12-10,2021-01-06,2021-03-06,5.03
b985141a-f340-41b3-96bf-94b2814e7636,21A,b985141a-f340-41b3-96bf-94b2814e7636-21A-C,C,DAP 1Kg/Are + Urea 0.5Kg/Are at V6 + Urea 0.5Kg/Are at V10,Urea 1kg/Are(V6 + V10),maize,sweet_potato,2020-09-28,9,Well_decomposed,MV_403,32,100,0,2020-10-28,98,2020-10-30,50,2020-11-19,50,100,64,2020-12-10,2021-01-06,2021-03-06,4.54
b985141a-f340-41b3-96bf-94b2814e7636,21A,b985141a-f340-41b3-96bf-94b2814e7636-21A-D,D,DAP 1Kg/Are at planting+ Urea 1Kg/Are at V6,Urea 1kg/Are(V6),maize,sweet_potato,2020-09-28,9,Well_decomposed,MV_403,32,100,0,2020-10-28,99,2020-10-30,100,,0,100,64,2020-12-10,2021-01-06,2021-03-06,6.09
3d205c80-725b-4cfe-8251-b39cf5afb9ef,21A,3d205c80-725b-4cfe-8251-b39cf5afb9ef-21A-A,A,DAP 1Kg/Are + Urea 0.5Kg/Are at V6,Urea 0.5Kg/Are(V6),maize,Beans,2020-09-30,10,Well_decomposed,MV_403,31,99,0,2020-10-28,100,2020-11-04,50,,0,50,41,2020-12-10,2021-01-06,2021-03-06,4.3
3d205c80-725b-4cfe-8251-b39cf5afb9ef,21A,3d205c80-725b-4cfe-8251-b39cf5afb9ef-21A-B,B,DAP 1Kg/Are + Urea 0.5Kg/Are at Planting and Urea 0.5Kg/Are at V6,Urea1kg/Are(Planting+V6),maize,Beans,2020-09-30,10,Well_decomposed,MV_403,31,99,50,2020-10-28,96,2020-11-04,50,,0,99,63,2020-12-10,2021-01-06,2021-03-06,4.11
3d205c80-725b-4cfe-8251-b39cf5afb9ef,21A,3d205c80-725b-4cfe-8251-b39cf5afb9ef-21A-C,C,DAP 1Kg/Are + Urea 0.5Kg/Are at V6 + Urea 0.5Kg/Are at V10,Urea 1kg/Are(V6 + V10),maize,Beans,2020-09-30,10,Well_decomposed,MV_403,31,99,0,2020-10-28,100,2020-11-04,50,2020-11-24,50,99,63,2020-12-10,2021-01-06,2021-03-06,5.84
3d205c80-725b-4cfe-8251-b39cf5afb9ef,21A,3d205c80-725b-4cfe-8251-b39cf5afb9ef-21A-D,D,DAP 1Kg/Are at planting+ Urea 1Kg/Are at V6,Urea 1kg/Are(V6),maize,Beans,2020-09-30,10,Well_decomposed,MV_403,31,99,0,2020-10-28,100,2020-11-04,99,,0,99,63,2020-12-10,2021-01-06,2021-03-06,6.94
81c0c661-893c-46ca-bc0b-25601627a38a,21A,81c0c661-893c-46ca-bc0b-25601627a38a-21A-A,A,DAP 1Kg/Are + Urea 0.5Kg/Are at V6,Urea 0.5Kg/Are(V6),maize,Beans,2020-09-30,10,Well_decomposed,MV_403,32,99,0,2020-10-28,100,2020-10-30,50,,0,50,41,2020-12-10,2020-12-31,2021-02-18,6.53
81c0c661-893c-46ca-bc0b-25601627a38a,21A,81c0c661-893c-46ca-bc0b-25601627a38a-21A-B,B,DAP 1Kg/Are + Urea 0.5Kg/Are at Planting and Urea 0.5Kg/Are at V6,Urea1kg/Are(Planting+V6),maize,Beans,2020-09-30,10,Well_decomposed,MV_403,32,99,50,2020-10-28,98,2020-10-30,50,,0,99,63,2020-12-10,2020-12-31,2021-02-18,6.65
81c0c661-893c-46ca-bc0b-25601627a38a,21A,81c0c661-893c-46ca-bc0b-25601627a38a-21A-C,C,DAP 1Kg/Are + Urea 0.5Kg/Are at V6 + Urea 0.5Kg/Are at V10,Urea 1kg/Are(V6 + V10),maize,Beans,2020-09-30,10,Well_decomposed,MV_403,32,99,0,2020-10-28,99,2020-10-30,50,2020-11-24,50,99,63,2020-12-10,2020-12-31,2021-02-18,7.78
81c0c661-893c-46ca-bc0b-25601627a38a,21A,81c0c661-893c-46ca-bc0b-25601627a38a-21A-D,D,DAP 1Kg/Are at planting+ Urea 1Kg/Are at V6,Urea 1kg/Are(V6),maize,Beans,2020-09-30,10,Well_decomposed,MV_403,32,99,0,2020-10-28,100,2020-10-30,99,,0,99,63,2020-12-10,2020-12-31,2021-02-18,6.95
eece4b14-c68f-41ce-a4f7-b8c6d3e3965e,21A,eece4b14-c68f-41ce-a4f7-b8c6d3e3965e-21A-A,A,DAP 1Kg/Are + Urea 0.5Kg/Are at V6,Urea 0.5Kg/Are(V6),maize,Beans,2020-09-30,11,Well_decomposed,MV_403,33,101,0,2020-10-30,98,2020-11-13,50,,0,50,41,2020-12-23,2021-01-19,2021-03-14,3.93
eece4b14-c68f-41ce-a4f7-b8c6d3e3965e,21A,eece4b14-c68f-41ce-a4f7-b8c6d3e3965e-21A-B,B,DAP 1Kg/Are + Urea 0.5Kg/Are at Planting and Urea 0.5Kg/Are at V6,Urea1kg/Are(Planting+V6),maize,Beans,2020-09-30,11,Well_decomposed,MV_403,33,101,50,2020-10-30,90,2020-11-13,50,,0,101,64,2020-12-23,2021-01-19,2021-03-14,5.24
eece4b14-c68f-41ce-a4f7-b8c6d3e3965e,21A,eece4b14-c68f-41ce-a4f7-b8c6d3e3965e-21A-C,C,DAP 1Kg/Are + Urea 0.5Kg/Are at V6 + Urea 0.5Kg/Are at V10,Urea 1kg/Are(V6 + V10),maize,Beans,2020-09-30,11,Well_decomposed,MV_403,33,101,0,2020-10-30,96,2020-11-13,50,2020-12-02,50,101,64,2020-12-23,2021-01-19,2021-03-14,4.71
eece4b14-c68f-41ce-a4f7-b8c6d3e3965e,21A,eece4b14-c68f-41ce-a4f7-b8c6d3e3965e-21A-D,D,DAP 1Kg/Are at planting+ Urea 1Kg/Are at V6,Urea 1kg/Are(V6),maize,Beans,2020-09-30,11,Well_decomposed,MV_403,33,101,0,2020-10-30,94,2020-11-13,101,,0,101,64,2020-12-23,2021-01-19,2021-03-14,5.56
3ad74e02-4e82-4c32-a898-7a4438c1573d,21A,3ad74e02-4e82-4c32-a898-7a4438c1573d-21A-A,A,DAP 1Kg/Are + Urea 0.5Kg/Are at V6,Urea 0.5Kg/Are(V6),maize,fallow,2020-09-30,10,Well_decomposed,MV_403,31,99,0,2020-11-04,97,2020-11-13,50,,0,50,41,2020-12-23,2021-01-19,2021-03-18,3.11
3ad74e02-4e82-4c32-a898-7a4438c1573d,21A,3ad74e02-4e82-4c32-a898-7a4438c1573d-21A-B,B,DAP 1Kg/Are + Urea 0.5Kg/Are at Planting and Urea 0.5Kg/Are at V6,Urea1kg/Are(Planting+V6),maize,fallow,2020-09-30,10,Well_decomposed,MV_403,31,99,50,2020-11-04,91,2020-11-13,50,,0,99,63,2020-12-23,2021-01-19,2021-03-18,3.85
3ad74e02-4e82-4c32-a898-7a4438c1573d,21A,3ad74e02-4e82-4c32-a898-7a4438c1573d-21A-C,C,DAP 1Kg/Are + Urea 0.5Kg/Are at V6 + Urea 0.5Kg/Are at V10,Urea 1kg/Are(V6 + V10),maize,fallow,2020-09-30,10,Well_decomposed,MV_403,31,99,0,2020-11-04,98,2020-11-13,50,2020-12-04,50,99,63,2020-12-23,2021-01-19,2021-03-18,5.48
3ad74e02-4e82-4c32-a898-7a4438c1573d,21A,3ad74e02-4e82-4c32-a898-7a4438c1573d-21A-D,D,DAP 1Kg/Are at planting+ Urea 1Kg/Are at V6,Urea 1kg/Are(V6),maize,fallow,2020-09-30,10,Well_decomposed,MV_403,31,99,0,2020-11-04,100,2020-11-13,99,,0,99,63,2020-12-23,2021-01-19,2021-03-18,3.67
02a456dc-95f9-4e68-8187-f67031bcb563,21A,02a456dc-95f9-4e68-8187-f67031bcb563-21A-A,A,DAP 1Kg/Are + Urea 0.5Kg/Are at V6,Urea 0.5Kg/Are(V6),maize,Beans,2020-10-02,9,Well_decomposed,MV_403,32,100,0,2020-11-04,96,2020-11-06,50,,0,50,41,2020-12-18,2021-01-13,2021-03-06,5.63
02a456dc-95f9-4e68-8187-f67031bcb563,21A,02a456dc-95f9-4e68-8187-f67031bcb563-21A-B,B,DAP 1Kg/Are + Urea 0.5Kg/Are at Planting and Urea 0.5Kg/Are at V6,Urea1kg/Are(Planting+V6),maize,Beans,2020-10-02,9,Well_decomposed,MV_403,32,100,50,2020-11-04,82,2020-11-06,50,,0,100,64,2020-12-18,2021-01-13,2021-03-06,4.11
02a456dc-95f9-4e68-8187-f67031bcb563,21A,02a456dc-95f9-4e68-8187-f67031bcb563-21A-C,C,DAP 1Kg/Are + Urea 0.5Kg/Are at V6 + Urea 0.5Kg/Are at V10,Urea 1kg/Are(V6 + V10),maize,Beans,2020-10-02,9,Well_decomposed,MV_403,32,100,0,2020-11-04,96,2020-11-06,50,2020-12-02,50,100,64,2020-12-18,2021-01-13,2021-03-06,4.02
02a456dc-95f9-4e68-8187-f67031bcb563,21A,02a456dc-95f9-4e68-8187-f67031bcb563-21A-D,D,DAP 1Kg/Are at planting+ Urea 1Kg/Are at V6,Urea 1kg/Are(V6),maize,Beans,2020-10-02,9,Well_decomposed,MV_403,32,100,0,2020-11-04,89,2020-11-06,100,,0,100,64,2020-12-18,2021-01-13,2021-03-06,4.3
d389faba-9203-4d79-9880-d4d43461a29c,21A,d389faba-9203-4d79-9880-d4d43461a29c-21A-A,A,DAP 1Kg/Are + Urea 0.5Kg/Are at V6,Urea 0.5Kg/Are(V6),maize,Beans,2020-10-04,10,Well_decomposed,MV_403,33,99,0,2020-11-06,97,2020-11-13,50,,0,50,41,2020-12-24,2021-01-19,2021-03-13,5.36
d389faba-9203-4d79-9880-d4d43461a29c,21A,d389faba-9203-4d79-9880-d4d43461a29c-21A-B,B,DAP 1Kg/Are + Urea 0.5Kg/Are at Planting and Urea 0.5Kg/Are at V6,Urea1kg/Are(Planting+V6),maize,Beans,2020-10-04,10,Well_decomposed,MV_403,33,99,50,2020-11-06,73,2020-11-13,50,,0,99,63,2020-12-24,2021-01-19,2021-03-13,5.32
d389faba-9203-4d79-9880-d4d43461a29c,21A,d389faba-9203-4d79-9880-d4d43461a29c-21A-C,C,DAP 1Kg/Are + Urea 0.5Kg/Are at V6 + Urea 0.5Kg/Are at V10,Urea 1kg/Are(V6 + V10),maize,Beans,2020-10-04,10,Well_decomposed,MV_403,33,99,0,2020-11-06,71,2020-11-13,50,2020-12-04,50,99,63,2020-12-24,2021-01-19,2021-03-13,5.75
d389faba-9203-4d79-9880-d4d43461a29c,21A,d389faba-9203-4d79-9880-d4d43461a29c-21A-D,D,DAP 1Kg/Are at planting+ Urea 1Kg/Are at V6,Urea 1kg/Are(V6),maize,Beans,2020-10-04,10,Well_decomposed,MV_403,33,99,0,2020-11-06,89,2020-11-13,99,,0,99,63,2020-12-24,2021-01-19,2021-03-13,5.8
c3695bce-45f7-4df9-910d-8b1480c4027a,21A,c3695bce-45f7-4df9-910d-8b1480c4027a-21A-A,A,DAP 1Kg/Are + Urea 0.5Kg/Are at V6,Urea 0.5Kg/Are(V6),maize,sweet_potato,2020-10-05,8,Well_decomposed,MV_403,33,100,0,2020-10-29,100,2020-11-11,50,,0,50,41,2020-12-23,2021-01-15,2021-03-05,5.27
c3695bce-45f7-4df9-910d-8b1480c4027a,21A,c3695bce-45f7-4df9-910d-8b1480c4027a-21A-B,B,DAP 1Kg/Are + Urea 0.5Kg/Are at Planting and Urea 0.5Kg/Are at V6,Urea1kg/Are(Planting+V6),maize,sweet_potato,2020-10-05,8,Well_decomposed,MV_403,33,100,50,2020-10-29,94,2020-11-11,50,,0,100,64,2020-12-23,2021-01-15,2021-03-05,5.2
c3695bce-45f7-4df9-910d-8b1480c4027a,21A,c3695bce-45f7-4df9-910d-8b1480c4027a-21A-C,C,DAP 1Kg/Are + Urea 0.5Kg/Are at V6 + Urea 0.5Kg/Are at V10,Urea 1kg/Are(V6 + V10),maize,sweet_potato,2020-10-05,8,Well_decomposed,MV_403,33,100,0,2020-10-29,99,2020-11-11,50,2020-11-27,50,100,64,2020-12-23,2021-01-15,2021-03-05,5.44
c3695bce-45f7-4df9-910d-8b1480c4027a,21A,c3695bce-45f7-4df9-910d-8b1480c4027a-21A-D,D,DAP 1Kg/Are at planting+ Urea 1Kg/Are at V6,Urea 1kg/Are(V6),maize,sweet_potato,2020-10-05,8,Well_decomposed,MV_403,33,100,0,2020-10-29,100,2020-11-11,100,,0,100,64,2020-12-23,2021-01-15,2021-03-05,5.35
797224dd-73a1-4bba-8228-d8f87fb9a91b,21A,797224dd-73a1-4bba-8228-d8f87fb9a91b-21A-A,A,DAP 1Kg/Are + Urea 0.5Kg/Are at V6,Urea 0.5Kg/Are(V6),maize,Beans maize,2020-09-29,10,Well_decomposed,MV_403,31,100,0,2020-10-28,96,2020-11-05,52,,0,52,42,2020-12-22,2021-01-20,2021-02-23,7.33
797224dd-73a1-4bba-8228-d8f87fb9a91b,21A,797224dd-73a1-4bba-8228-d8f87fb9a91b-21A-B,B,DAP 1Kg/Are + Urea 0.5Kg/Are at Planting and Urea 0.5Kg/Are at V6,Urea1kg/Are(Planting+V6),maize,Beans maize,2020-09-29,10,Well_decomposed,MV_403,31,100,50,2020-10-28,94,2020-11-05,52,,0,102,65,2020-12-22,2021-01-20,2021-02-23,7.62
797224dd-73a1-4bba-8228-d8f87fb9a91b,21A,797224dd-73a1-4bba-8228-d8f87fb9a91b-21A-C,C,DAP 1Kg/Are + Urea 0.5Kg/Are at V6 + Urea 0.5Kg/Are at V10,Urea 1kg/Are(V6 + V10),maize,Beans maize,2020-09-29,10,Well_decomposed,MV_403,31,100,0,2020-10-28,95,2020-11-05,52,2020-11-25,52,104,66,2020-12-22,2021-01-20,2021-02-23,7.59
797224dd-73a1-4bba-8228-d8f87fb9a91b,21A,797224dd-73a1-4bba-8228-d8f87fb9a91b-21A-D,D,DAP 1Kg/Are at planting+ Urea 1Kg/Are at V6,Urea 1kg/Are(V6),maize,Beans maize,2020-09-29,10,Well_decomposed,MV_403,31,100,0,2020-10-28,93,2020-11-05,104,,0,104,66,2020-12-22,2021-01-20,2021-02-23,6.92
90296410-375f-41b0-924b-0f59c6b88b20,21A,90296410-375f-41b0-924b-0f59c6b88b20-21A-A,A,DAP 1Kg/Are + Urea 0.5Kg/Are at V6,Urea 0.5Kg/Are(V6),maize,Beans maize,2020-09-29,10,Well_decomposed,MV_403,31,100,0,2020-10-28,96,2020-11-06,52,,0,52,42,2020-12-21,2021-01-13,2021-02-21,6.97
90296410-375f-41b0-924b-0f59c6b88b20,21A,90296410-375f-41b0-924b-0f59c6b88b20-21A-B,B,DAP 1Kg/Are + Urea 0.5Kg/Are at Planting and Urea 0.5Kg/Are at V6,Urea1kg/Are(Planting+V6),maize,Beans maize,2020-09-29,10,Well_decomposed,MV_403,31,100,50,2020-10-28,89,2020-11-06,52,,0,102,65,2020-12-21,2021-01-13,2021-02-21,6.45
90296410-375f-41b0-924b-0f59c6b88b20,21A,90296410-375f-41b0-924b-0f59c6b88b20-21A-C,C,DAP 1Kg/Are + Urea 0.5Kg/Are at V6 + Urea 0.5Kg/Are at V10,Urea 1kg/Are(V6 + V10),maize,Beans maize,2020-09-29,10,Well_decomposed,MV_403,31,100,0,2020-10-28,93,2020-11-06,52,2020-11-25,52,104,66,2020-12-21,2021-01-13,2021-02-21,5.0
90296410-375f-41b0-924b-0f59c6b88b20,21A,90296410-375f-41b0-924b-0f59c6b88b20-21A-D,D,DAP 1Kg/Are + Urea 1Kg/Are at V6,Urea 1kg/Are(V6),maize,Beans maize,2020-09-29,10,Well_decomposed,MV_403,31,100,0,2020-10-28,94,2020-11-06,104,,0,104,66,2020-12-21,2021-01-13,2021-02-21,8.35
6e947663-ab7f-45e0-9026-409a0ee08515,21A,6e947663-ab7f-45e0-9026-409a0ee08515-21A-A,A,DAP 1Kg/Are + Urea 0.5Kg/Are at V6,Urea 0.5Kg/Are(V6),maize,Beans maize,2020-09-29,10,Well_decomposed,MV_403,31,100,0,2020-10-29,85,2020-11-05,52,,0,52,42,2020-12-22,2021-01-20,2021-02-23,5.51
6e947663-ab7f-45e0-9026-409a0ee08515,21A,6e947663-ab7f-45e0-9026-409a0ee08515-21A-B,B,DAP 1Kg/Are + Urea 0.5Kg/Are at Planting and Urea 0.5Kg/Are at V6,Urea1kg/Are(Planting+V6),maize,Beans maize,2020-09-29,10,Well_decomposed,MV_403,31,100,50,2020-10-29,78,2020-11-05,52,,0,102,65,2020-12-22,2021-01-20,2021-02-23,5.24
6e947663-ab7f-45e0-9026-409a0ee08515,21A,6e947663-ab7f-45e0-9026-409a0ee08515-21A-C,C,DAP 1Kg/Are + Urea 0.5Kg/Are at V6 + Urea 0.5Kg/Are at V10,Urea 1kg/Are(V6 + V10),maize,Beans maize,2020-09-29,10,Well_decomposed,MV_403,31,100,0,2020-10-29,94,2020-11-05,52,2020-12-04,52,104,66,2020-12-22,2021-01-20,2021-02-23,7.16
6e947663-ab7f-45e0-9026-409a0ee08515,21A,6e947663-ab7f-45e0-9026-409a0ee08515-21A-D,D,DAP 1Kg/Are at planting+ Urea 1Kg/Are at V6,Urea 1kg/Are(V6),maize,Beans maize,2020-09-29,10,Well_decomposed,MV_403,31,100,0,2020-10-29,96,2020-11-05,104,,0,104,66,2020-12-22,2021-01-20,2021-02-23,8.21
61d746c1-0db7-455d-8fcb-ca9276a642db,21A,61d746c1-0db7-455d-8fcb-ca9276a642db-21A-A,A,DAP 1Kg/Are + Urea 0.5Kg/Are at V6,Urea 0.5Kg/Are(V6),maize,Beans maize,2020-09-29,10,Well_decomposed,MV_403,31,100,0,2020-10-29,92,2020-11-06,52,,0,52,42,2020-12-24,2021-01-20,2021-02-21,5.55
61d746c1-0db7-455d-8fcb-ca9276a642db,21A,61d746c1-0db7-455d-8fcb-ca9276a642db-21A-B,B,DAP 1Kg/Are + Urea 0.5Kg/Are at Planting and Urea 0.5Kg/Are at V6,Urea1kg/Are(Planting+V6),maize,Beans maize,2020-09-29,10,Well_decomposed,MV_403,31,100,50,2020-10-29,86,2020-11-06,52,,0,102,65,2020-12-24,2021-01-20,2021-02-21,4.75
61d746c1-0db7-455d-8fcb-ca9276a642db,21A,61d746c1-0db7-455d-8fcb-ca9276a642db-21A-C,C,DAP 1Kg/Are + Urea 0.5Kg/Are at V6 + Urea 0.5Kg/Are at V10,Urea 1kg/Are(V6 + V10),maize,Beans maize,2020-09-29,10,Well_decomposed,MV_403,31,100,0,2020-10-29,87,2020-11-06,52,2020-11-25,52,104,66,2020-12-25,2021-01-20,2021-02-21,3.77
61d746c1-0db7-455d-8fcb-ca9276a642db,21A,61d746c1-0db7-455d-8fcb-ca9276a642db-21A-D,D,DAP 1Kg/Are at planting+ Urea 1Kg/Are at V6,Urea 1kg/Are(V6),maize,Beans maize,2020-09-29,10,Well_decomposed,MV_403,31,100,0,2020-10-29,92,2020-11-06,104,,0,104,66,2020-12-24,2021-01-20,2021-02-21,6.61
a04caf43-b53e-4c1c-9318-7a00411854ec,21A,a04caf43-b53e-4c1c-9318-7a00411854ec-21A-A,A,DAP 1Kg/Are + Urea 0.5Kg/Are at V6,Urea 0.5Kg/Are(V6),maize,sorghum,2020-09-29,10,Well_decomposed,MV_403,30,100,0,2020-10-29,96,2020-10-30,52,,0,52,42,2020-12-21,2021-01-13,2021-02-19,6.63
a04caf43-b53e-4c1c-9318-7a00411854ec,21A,a04caf43-b53e-4c1c-9318-7a00411854ec-21A-B,B,DAP 1Kg/Are + Urea 0.5Kg/Are at Planting and Urea 0.5Kg/Are at V6,Urea1kg/Are(Planting+V6),maize,sorghum,2020-09-29,10,Well_decomposed,MV_403,30,100,50,2020-10-29,95,2020-10-30,52,,0,102,65,2020-12-21,2021-01-13,2021-02-19,7.62
a04caf43-b53e-4c1c-9318-7a00411854ec,21A,a04caf43-b53e-4c1c-9318-7a00411854ec-21A-C,C,DAP 1Kg/Are + Urea 0.5Kg/Are at V6 + Urea 0.5Kg/Are at V10,Urea 1kg/Are(V6 + V10),maize,sorghum,2020-09-29,10,Well_decomposed,MV_403,30,100,0,2020-10-29,93,2020-10-30,52,2020-11-26,52,104,66,2020-12-21,2021-01-13,2021-02-19,8.22
a04caf43-b53e-4c1c-9318-7a00411854ec,21A,a04caf43-b53e-4c1c-9318-7a00411854ec-21A-D,D,DAP 1Kg/Are at planting+ Urea 1Kg/Are at V6,Urea 1kg/Are(V6),maize,sorghum,2020-09-29,10,Well_decomposed,MV_403,30,100,0,2020-10-29,91,2020-10-30,104,,0,104,66,2020-12-21,2021-01-13,2021-02-19,7.81
d548245b-e443-4a59-886f-b82e7cebd671,21A,d548245b-e443-4a59-886f-b82e7cebd671-21A-A,A,DAP 1Kg/Are + Urea 0.5Kg/Are at V6,Urea 0.5Kg/Are(V6),maize,Beans maize,2020-09-29,10,Well_decomposed,MV_403,30,100,0,2020-10-22,88,2020-11-05,52,,0,52,42,2020-12-24,2021-01-20,2021-02-18,4.72
d548245b-e443-4a59-886f-b82e7cebd671,21A,d548245b-e443-4a59-886f-b82e7cebd671-21A-B,B,DAP 1Kg/Are + Urea 0.5Kg/Are at Planting and Urea 0.5Kg/Are at V6,Urea1kg/Are(Planting+V6),maize,Beans maize,2020-09-29,10,Well_decomposed,MV_403,30,100,50,2020-10-22,91,2020-11-05,52,,0,102,65,2020-12-24,2021-01-20,2021-02-18,6.33
d548245b-e443-4a59-886f-b82e7cebd671,21A,d548245b-e443-4a59-886f-b82e7cebd671-21A-C,C,DAP 1Kg/Are + Urea 0.5Kg/Are at V6 + Urea 0.5Kg/Are at V10,Urea 1kg/Are(V6 + V10),maize,Beans maize,2020-09-29,10,Well_decomposed,MV_403,30,100,0,2020-10-22,90,2020-11-05,52,2020-11-26,52,104,66,2020-12-24,2021-01-20,2021-02-18,6.25
d548245b-e443-4a59-886f-b82e7cebd671,21A,d548245b-e443-4a59-886f-b82e7cebd671-21A-D,D,DAP 1Kg/Are at planting+ Urea 1Kg/Are at V6,Urea 1kg/Are(V6),maize,Beans maize,2020-09-29,10,Well_decomposed,MV_403,30,100,0,2020-10-22,92,2020-11-05,104,,0,104,66,2020-12-24,2021-01-20,2021-02-18,5.57
7580f52e-1240-4ece-9834-53bdef2e06e2,21A,7580f52e-1240-4ece-9834-53bdef2e06e2-21A-A,A,DAP 1Kg/Are + Urea 0.5Kg/Are at V6,Urea 0.5Kg/Are(V6),maize,Beans maize cassava,2020-09-29,10,Well_decomposed,MV_403,30,99,0,2020-10-22,92,2020-11-05,50,,0,50,41,2020-12-21,2021-01-13,2021-02-18,6.97
7580f52e-1240-4ece-9834-53bdef2e06e2,21A,7580f52e-1240-4ece-9834-53bdef2e06e2-21A-B,B,DAP 1Kg/Are + Urea 0.5Kg/Are at Planting and Urea 0.5Kg/Are at V6,Urea1kg/Are(Planting+V6),maize,Beans maize sorghum,2020-09-29,10,Well_decomposed,MV_403,31,99,50,2020-10-22,90,2020-11-05,50,,0,99,63,2020-12-21,2021-01-13,2021-02-18,8.37
7580f52e-1240-4ece-9834-53bdef2e06e2,21A,7580f52e-1240-4ece-9834-53bdef2e06e2-21A-C,C,DAP 1Kg/Are + Urea 0.5Kg/Are at V6 + Urea 0.5Kg/Are at V10,Urea 1kg/Are(V6 + V10),maize,Beans maize cassava,2020-09-29,10,Well_decomposed,MV_403,31,95,0,2020-10-22,94,2020-11-05,50,2020-11-25,50,99,63,2020-12-21,2021-01-13,2021-02-18,8.3
7580f52e-1240-4ece-9834-53bdef2e06e2,21A,7580f52e-1240-4ece-9834-53bdef2e06e2-21A-D,D,DAP 1Kg/Are at planting+ Urea 1Kg/Are at V6,Urea 1kg/Are(V6),maize,Beans maize,2020-09-29,10,Well_decomposed,MV_605,31,99,0,2020-10-22,90,2020-11-05,99,,0,99,63,2020-12-21,2021-01-13,2021-02-18,7.88
b5b54ae1-b841-44b3-9ff6-efe1efff61a6,21A,b5b54ae1-b841-44b3-9ff6-efe1efff61a6-21A-A,A,DAP 1Kg/Are + Urea 0.5Kg/Are at V6,Urea 0.5Kg/Are(V6),maize,Beans maize,2020-09-29,10,Well_decomposed,MV_403,31,100,0,2020-11-05,86,2020-11-06,52,,0,52,42,2020-12-22,2021-01-20,2021-02-18,5.4
b5b54ae1-b841-44b3-9ff6-efe1efff61a6,21A,b5b54ae1-b841-44b3-9ff6-efe1efff61a6-21A-B,B,DAP 1Kg/Are + Urea 0.5Kg/Are at Planting and Urea 0.5Kg/Are at V6,Urea1kg/Are(Planting+V6),maize,Beans maize,2020-09-29,10,Well_decomposed,MV_403,31,100,50,2020-11-05,85,2020-11-06,52,,0,102,65,2020-12-22,2021-01-20,2021-02-18,6.56
b5b54ae1-b841-44b3-9ff6-efe1efff61a6,21A,b5b54ae1-b841-44b3-9ff6-efe1efff61a6-21A-C,C,DAP 1Kg/Are + Urea 0.5Kg/Are at V6 + Urea 0.5Kg/Are at V10,Urea 1kg/Are(V6 + V10),maize,Beans maize,2020-09-29,10,Well_decomposed,MV_403,31,100,0,2020-11-05,90,2020-11-06,52,2020-11-30,52,104,66,2020-12-22,2021-01-20,2021-02-18,7.73
b5b54ae1-b841-44b3-9ff6-efe1efff61a6,21A,b5b54ae1-b841-44b3-9ff6-efe1efff61a6-21A-D,D,DAP 1Kg/Are at planting+ Urea 1Kg/Are at V6,Urea 1kg/Are(V6),maize,Beans maize,2020-09-29,10,Well_decomposed,MV_403,31,100,0,2020-11-05,89,2020-11-06,104,,0,104,66,2020-12-22,2021-01-20,2021-02-18,4.87
b9352ec0-19ad-4761-a8d8-7ec859737f84,21A,b9352ec0-19ad-4761-a8d8-7ec859737f84-21A-A,A,DAP 1Kg/Are + Urea 0.5Kg/Are at V6,Urea 0.5Kg/Are(V6),maize,Beans,2020-09-30,10,Well_decomposed,MV_403,31,100,0,2020-11-06,82,2020-11-06,52,,0,52,42,2020-12-21,2021-01-13,2021-02-23,6.18
b9352ec0-19ad-4761-a8d8-7ec859737f84,21A,b9352ec0-19ad-4761-a8d8-7ec859737f84-21A-B,B,DAP 1Kg/Are + Urea 0.5Kg/Are at Planting and Urea 0.5Kg/Are at V6,Urea1kg/Are(Planting+V6),maize,Beans,2020-09-30,10,Well_decomposed,MV_403,31,100,50,2020-11-06,80,2020-11-06,52,,0,102,65,2020-12-21,2021-01-13,2021-02-23,5.92
b9352ec0-19ad-4761-a8d8-7ec859737f84,21A,b9352ec0-19ad-4761-a8d8-7ec859737f84-21A-C,C,DAP 1Kg/Are + Urea 0.5Kg/Are at V6 + Urea 0.5Kg/Are at V10,Urea 1kg/Are(V6 + V10),maize,Beans,2020-09-30,10,Well_decomposed,MV_403,31,100,0,2020-11-06,86,2020-11-06,52,2020-12-04,52,104,66,2020-12-21,2021-01-13,2021-02-23,5.8
b9352ec0-19ad-4761-a8d8-7ec859737f84,21A,b9352ec0-19ad-4761-a8d8-7ec859737f84-21A-D,D,DAP 1Kg/Are at planting+ Urea 1Kg/Are at V6,Urea 1kg/Are(V6),maize,Beans,2020-09-30,10,Well_decomposed,MV_403,31,100,0,2020-11-06,81,2020-11-06,104,,0,104,66,2020-12-21,2021-01-13,2021-02-23,6.33
f0e14959-f898-4490-baeb-e68f5f4dd139,21A,f0e14959-f898-4490-baeb-e68f5f4dd139-21A-A,A,DAP 1Kg/Are + Urea 0.5Kg/Are at V6,Urea 0.5Kg/Are(V6),maize,sorghum,2020-09-30,10,Well_decomposed,MV_403,31,100,0,2020-10-30,78,2020-11-06,52,,0,52,42,2020-11-05,2021-01-13,2021-02-26,5.71
f0e14959-f898-4490-baeb-e68f5f4dd139,21A,f0e14959-f898-4490-baeb-e68f5f4dd139-21A-B,B,DAP 1Kg/Are + Urea 0.5Kg/Are at Planting and Urea 0.5Kg/Are at V6,Urea1kg/Are(Planting+V6),maize,sorghum,2020-09-30,10,Well_decomposed,MV_403,31,100,50,2020-10-30,66,2020-11-06,52,,0,102,65,2020-12-22,2021-01-13,2021-02-26,4.23
f0e14959-f898-4490-baeb-e68f5f4dd139,21A,f0e14959-f898-4490-baeb-e68f5f4dd139-21A-C,C,DAP 1Kg/Are + Urea 0.5Kg/Are at V6 + Urea 0.5Kg/Are at V10,Urea 1kg/Are(V6 + V10),maize,sorghum,2020-09-30,10,Well_decomposed,MV_403,31,100,0,2020-10-30,59,2020-11-06,52,2020-12-04,52,104,66,2020-12-22,2021-01-13,2021-02-26,3.3
f0e14959-f898-4490-baeb-e68f5f4dd139,21A,f0e14959-f898-4490-baeb-e68f5f4dd139-21A-D,D,DAP 1Kg/Are at planting+ Urea 1Kg/Are at V6,Urea 1kg/Are(V6),maize,sorghum,2020-09-30,10,Well_decomposed,MV_403,31,100,0,2020-10-30,78,2020-11-06,104,,0,104,66,2020-12-22,2021-01-13,2021-02-26,5.1
c0c7d10a-1a47-4328-959b-616ccc264a9d,21A,c0c7d10a-1a47-4328-959b-616ccc264a9d-21A-A,A,DAP 1Kg/Are + Urea 0.5Kg/Are at V6,Urea 0.5Kg/Are(V6),maize,sorghum,2020-09-30,10,Well_decomposed,MV_403,31,100,0,2020-10-30,97,2020-10-30,52,,0,52,42,2020-12-21,2021-01-13,2021-02-25,6.25
c0c7d10a-1a47-4328-959b-616ccc264a9d,21A,c0c7d10a-1a47-4328-959b-616ccc264a9d-21A-B,B,DAP 1Kg/Are + Urea 0.5Kg/Are at Planting and Urea 0.5Kg/Are at V6,Urea1kg/Are(Planting+V6),maize,sorghum,2020-09-30,10,Well_decomposed,MV_403,31,100,50,2020-10-30,81,2020-10-30,52,,0,102,65,2020-12-21,2021-01-13,2021-02-25,6.67
c0c7d10a-1a47-4328-959b-616ccc264a9d,21A,c0c7d10a-1a47-4328-959b-616ccc264a9d-21A-C,C,DAP 1Kg/Are + Urea 0.5Kg/Are at V6 + Urea 0.5Kg/Are at V10,Urea 1kg/Are(V6 + V10),maize,sorghum,2020-09-30,10,Well_decomposed,MV_403,31,100,0,2020-10-30,95,2020-10-30,52,2020-11-26,52,104,66,2020-12-21,2021-01-13,2021-02-25,5.34
c0c7d10a-1a47-4328-959b-616ccc264a9d,21A,c0c7d10a-1a47-4328-959b-616ccc264a9d-21A-D,D,DAP 1Kg/Are at planting+ Urea 1Kg/Are at V6,Urea 1kg/Are(V6),maize,sorghum,2020-09-30,10,Well_decomposed,MV_403,31,100,0,2020-10-30,92,2020-10-30,104,,0,104,66,2020-12-21,2021-01-13,2021-02-25,5.73
b07f5cc1-f0bf-4244-88bd-f5e4812d21ff,21A,b07f5cc1-f0bf-4244-88bd-f5e4812d21ff-21A-A,A,DAP 1Kg/Are + Urea 0.5Kg/Are at V6,Urea 0.5Kg/Are(V6),maize,sorghum,2020-09-30,10,Well_decomposed,MV_403,31,100,0,2020-10-30,96,2020-11-12,52,,0,52,42,2020-12-22,2021-01-20,2021-02-23,4.14
b07f5cc1-f0bf-4244-88bd-f5e4812d21ff,21A,b07f5cc1-f0bf-4244-88bd-f5e4812d21ff-21A-B,B,DAP 1Kg/Are + Urea 0.5Kg/Are at Planting and Urea 0.5Kg/Are at V6,Urea1kg/Are(Planting+V6),maize,sorghum,2020-09-30,10,Well_decomposed,MV_403,31,100,50,2020-10-30,77,2020-11-12,52,,0,102,65,2020-12-22,2021-01-20,2021-02-23,3.98
b07f5cc1-f0bf-4244-88bd-f5e4812d21ff,21A,b07f5cc1-f0bf-4244-88bd-f5e4812d21ff-21A-C,C,DAP 1Kg/Are + Urea 0.5Kg/Are at V6 + Urea 0.5Kg/Are at V10,Urea 1kg/Are(V6 + V10),maize,sorghum,2020-09-30,10,Well_decomposed,MV_403,31,100,0,2020-10-30,92,2020-11-12,52,2020-12-04,52,104,66,2020-12-22,2021-01-20,2021-02-23,3.75
b07f5cc1-f0bf-4244-88bd-f5e4812d21ff,21A,b07f5cc1-f0bf-4244-88bd-f5e4812d21ff-21A-D,D,DAP 1Kg/Are at planting+ Urea 1Kg/Are at V6,Urea 1kg/Are(V6),maize,sorghum,2020-09-30,10,Well_decomposed,MV_403,31,100,0,2020-10-30,72,2020-11-12,104,,0,104,66,2020-12-22,2021-01-20,2021-02-23,3.57
ff120793-f8d1-42dd-a0ba-d577cfd102e9,21A,ff120793-f8d1-42dd-a0ba-d577cfd102e9-21A-A,A,DAP 1Kg/Are + Urea 0.5Kg/Are at V6,Urea 0.5Kg/Are(V6),maize,sweet_potato,2020-09-30,10,Well_decomposed,MV_403,30,99,0,2020-10-22,100,2020-11-12,50,,0,50,41,2020-12-21,2021-01-13,2021-02-19,5.94
ff120793-f8d1-42dd-a0ba-d577cfd102e9,21A,ff120793-f8d1-42dd-a0ba-d577cfd102e9-21A-B,B,DAP 1Kg/Are + Urea 0.5Kg/Are at Planting and Urea 0.5Kg/Are at V6,Urea1kg/Are(Planting+V6),maize,sweet_potato,2020-09-30,10,Well_decomposed,MV_403,30,99,50,2020-10-22,96,2020-11-12,50,,0,99,63,2020-12-21,2021-01-13,2021-02-19,6.33
ff120793-f8d1-42dd-a0ba-d577cfd102e9,21A,ff120793-f8d1-42dd-a0ba-d577cfd102e9-21A-C,C,DAP 1Kg/Are + Urea 0.5Kg/Are at V6 + Urea 0.5Kg/Are at V10,Urea 1kg/Are(V6 + V10),maize,sweet_potato,2020-09-30,10,Well_decomposed,MV_403,30,99,0,2020-10-22,99,2020-11-12,50,2020-12-04,50,99,63,2020-12-21,2021-01-13,2021-02-19,6.59
ff120793-f8d1-42dd-a0ba-d577cfd102e9,21A,ff120793-f8d1-42dd-a0ba-d577cfd102e9-21A-D,D,DAP 1Kg/Are at planting+ Urea 1Kg/Are at V6,Urea 1kg/Are(V6),maize,sweet_potato,2020-09-30,10,Well_decomposed,MV_403,30,99,0,2020-10-22,100,2020-11-12,99,,0,99,63,2020-12-21,2021-01-13,2021-02-19,6.01
3b981319-164b-4c3d-b942-af1de3700691,21A,3b981319-164b-4c3d-b942-af1de3700691-21A-A,A,DAP 1Kg/Are + Urea 0.5Kg/Are at V6,Urea 0.5Kg/Are(V6),maize,Soya_(soybean),2020-10-08,10,Well_decomposed,MV_403,30,99,0,2020-11-05,96,2020-11-18,50,,0,50,41,2020-12-31,2021-01-28,2021-03-08,3.6
3b981319-164b-4c3d-b942-af1de3700691,21A,3b981319-164b-4c3d-b942-af1de3700691-21A-B,B,DAP 1Kg/Are + Urea 0.5Kg/Are at Planting and Urea 0.5Kg/Are at V6,Urea1kg/Are(Planting+V6),maize,Soya_(soybean),2020-10-08,10,Well_decomposed,MV_403,30,99,50,2020-11-05,83,2020-11-18,50,,0,99,63,2020-12-31,2021-01-28,2021-03-08,3.62
3b981319-164b-4c3d-b942-af1de3700691,21A,3b981319-164b-4c3d-b942-af1de3700691-21A-C,C,DAP 1Kg/Are + Urea 0.5Kg/Are at V6 + Urea 0.5Kg/Are at V10,Urea 1kg/Are(V6 + V10),maize,Soya_(soybean),2020-10-08,10,Well_decomposed,MV_403,30,99,0,2020-11-05,93,2020-11-18,50,2020-12-10,50,99,63,2020-12-31,2021-01-28,2021-03-08,3.41
3b981319-164b-4c3d-b942-af1de3700691,21A,3b981319-164b-4c3d-b942-af1de3700691-21A-D,D,DAP 1Kg/Are at planting+ Urea 1Kg/Are at V6,Urea 1kg/Are(V6),maize,Soya_(soybean),2020-10-08,10,Well_decomposed,MV_403,30,99,0,2020-11-05,90,2020-11-18,99,,0,99,63,2020-12-31,2021-01-28,2021-03-08,3.48
04964b51-dbf6-4685-a928-cbbeabb249c9,21A,04964b51-dbf6-4685-a928-cbbeabb249c9-21A-A,A,DAP 1Kg/Are + Urea 0.5Kg/Are at V6,Urea 0.5Kg/Are(V6),maize,Beans maize cassava,2020-10-08,10,Well_decomposed,MV_403,31,100,0,2020-11-05,100,2020-11-18,52,,0,52,42,2020-12-31,2021-01-28,2021-03-04,4.61
04964b51-dbf6-4685-a928-cbbeabb249c9,21A,04964b51-dbf6-4685-a928-cbbeabb249c9-21A-B,B,DAP 1Kg/Are + Urea 0.5Kg/Are at Planting and Urea 0.5Kg/Are at V6,Urea1kg/Are(Planting+V6),maize,Beans maize cassava,2020-10-09,10,Well_decomposed,MV_403,31,100,50,2020-11-05,92,2020-11-18,52,,0,102,65,2020-12-31,2021-01-28,2021-03-04,3.86
04964b51-dbf6-4685-a928-cbbeabb249c9,21A,04964b51-dbf6-4685-a928-cbbeabb249c9-21A-C,C,DAP 1Kg/Are + Urea 0.5Kg/Are at V6 + Urea 0.5Kg/Are at V10,Urea 1kg/Are(V6 + V10),maize,Beans maize cassava,2020-10-09,10,Well_decomposed,MV_403,31,100,0,2020-11-05,98,2020-11-18,52,2020-12-10,52,104,66,2020-12-31,2021-01-28,2021-03-04,3.52
04964b51-dbf6-4685-a928-cbbeabb249c9,21A,04964b51-dbf6-4685-a928-cbbeabb249c9-21A-D,D,DAP 1Kg/Are at planting+ Urea 1Kg/Are at V6,Urea 1kg/Are(V6),maize,Beans maize cassava,2020-10-09,10,Well_decomposed,MV_403,31,100,0,2020-11-05,98,2020-11-18,104,,0,104,66,2020-12-31,2021-01-28,2021-03-04,5.33
dad51109dadf4856823ab8dfd1a2b690,22A,dad51109dadf4856823ab8dfd1a2b690-22A-A,A,DAP 1Kg/Are + Urea 0.5Kg/Are at V6,Urea 0.5Kg/Are(V6),Maize,,2021-09-25,8,Well_decomposed,MV_403,24,100,0,2021-10-19,99,2021-11-01,50,,0,50,41,2021-12-20,2022-01-15,2022-02-15,6.65
dad51109dadf4856823ab8dfd1a2b690,22A,dad51109dadf4856823ab8dfd1a2b690-22A-B,B,DAP 1Kg/Are + Urea 0.5Kg/Are at Planting and Urea 0.5Kg/Are at V6,Urea1kg/Are(Planting+V6),Maize,,2021-09-25,8,Well_decomposed,MV_403,24,100,50,2021-10-19,90,2021-11-01,50,,0,100,64,2021-12-20,2022-01-15,2022-02-15,5.79
dad51109dadf4856823ab8dfd1a2b690,22A,dad51109dadf4856823ab8dfd1a2b690-22A-C,C,DAP 1Kg/Are + Urea 0.5Kg/Are at V6 + Urea 0.5Kg/Are at V10,Urea 1kg/Are(V6 + V10),Maize,,2021-09-25,8,Well_decomposed,MV_403,24,100,0,2021-10-19,97,2021-11-01,50,,50,100,64,2021-12-20,2022-01-15,2022-02-15,7.91
dad51109dadf4856823ab8dfd1a2b690,22A,dad51109dadf4856823ab8dfd1a2b690-22A-D,D,DAP 1Kg/Are at planting+ Urea 1Kg/Are at V6,Urea 1kg/Are(V6),Maize,,2021-09-25,8,Well_decomposed,MV_403,24,100,0,2021-10-19,98,2021-11-01,100,,0,100,64,2021-12-20,2022-01-15,2022-02-15,7.18
3fb2973b98e84b7791dc68b51c7536d3,22A,3fb2973b98e84b7791dc68b51c7536d3-22A-A,A,DAP 1Kg/Are + Urea 0.5Kg/Are at V6,Urea 0.5Kg/Are(V6),Maize,,2021-09-23,10,Well_decomposed,MV_403,24,99,0,2021-10-23,92,2021-11-02,50,,0,50,41,2021-12-20,2022-01-11,2022-02-23,6.14
3fb2973b98e84b7791dc68b51c7536d3,22A,3fb2973b98e84b7791dc68b51c7536d3-22A-B,B,DAP 1Kg/Are + Urea 0.5Kg/Are at Planting and Urea 0.5Kg/Are at V6,Urea1kg/Are(Planting+V6),Maize,,2021-09-23,10,Well_decomposed,MV_403,24,99,50,2021-10-23,98,2021-11-02,50,,0,99,63,2021-12-20,2022-01-11,2022-02-23,7.01
3fb2973b98e84b7791dc68b51c7536d3,22A,3fb2973b98e84b7791dc68b51c7536d3-22A-C,C,DAP 1Kg/Are + Urea 0.5Kg/Are at V6 + Urea 0.5Kg/Are at V10,Urea 1kg/Are(V6 + V10),Maize,,2021-09-23,10,Well_decomposed,MV_403,24,99,0,2021-10-23,97,2021-11-02,50,,50,99,63,2021-12-20,2022-01-11,2022-02-23,6.83
3fb2973b98e84b7791dc68b51c7536d3,22A,3fb2973b98e84b7791dc68b51c7536d3-22A-D,D,DAP 1Kg/Are at planting+ Urea 1Kg/Are at V6,Urea 1kg/Are(V6),Maize,,2021-09-23,10,Well_decomposed,MV_403,24,99,0,2021-10-23,98,2021-11-02,99,,0,99,63,2021-12-20,2022-01-11,2022-02-23,6.42
e1abcae41c014c6abe4dd8172594de62,22A,e1abcae41c014c6abe4dd8172594de62-22A-A,A,DAP 1Kg/Are + Urea 0.5Kg/Are at V6,Urea 0.5Kg/Are(V6),Maize,,2021-09-23,9,Well_decomposed,MV_403,24,100,0,2021-10-19,96,2021-11-01,50,,0,50,41,2021-12-15,2022-01-11,2022-02-15,7.22
e1abcae41c014c6abe4dd8172594de62,22A,e1abcae41c014c6abe4dd8172594de62-22A-B,B,DAP 1Kg/Are + Urea 0.5Kg/Are at Planting and Urea 0.5Kg/Are at V6,Urea1kg/Are(Planting+V6),Maize,,2021-09-23,9,Well_decomposed,MV_403,24,100,50,2021-10-19,97,2021-11-01,50,,0,100,64,2021-12-15,2022-01-11,2022-02-15,7.32
e1abcae41c014c6abe4dd8172594de62,22A,e1abcae41c014c6abe4dd8172594de62-22A-C,C,DAP 1Kg/Are + Urea 0.5Kg/Are at V6 + Urea 0.5Kg/Are at V10,Urea 1kg/Are(V6 + V10),Maize,,2021-09-23,9,Well_decomposed,MV_403,24,100,0,2021-10-19,90,2021-11-01,50,,50,100,64,2021-12-15,2022-01-11,2022-02-15,6.7
e1abcae41c014c6abe4dd8172594de62,22A,e1abcae41c014c6abe4dd8172594de62-22A-D,D,DAP 1Kg/Are at planting+ Urea 1Kg/Are at V6,Urea 1kg/Are(V6),Maize,,2021-09-23,9,Well_decomposed,MV_403,24,100,0,2021-10-19,94,2021-11-01,100,,0,100,64,2021-12-15,2022-01-11,2022-02-15,6.95
7784a578928e49d6aa924934a610b976,22A,7784a578928e49d6aa924934a610b976-22A-A,A,DAP 1Kg/Are + Urea 0.5Kg/Are at V6,Urea 0.5Kg/Are(V6),Maize,,2021-09-22,14,Well_decomposed,MV_403,24,100,0,2021-10-21,98,2021-11-01,50,,0,50,41,2021-12-15,2022-01-11,2022-02-25,9.43
7784a578928e49d6aa924934a610b976,22A,7784a578928e49d6aa924934a610b976-22A-B,B,DAP 1Kg/Are + Urea 0.5Kg/Are at Planting and Urea 0.5Kg/Are at V6,Urea1kg/Are(Planting+V6),Maize,,2021-09-22,14,Well_decomposed,MV_403,24,100,50,2021-10-21,96,2021-11-01,50,,0,100,64,2021-12-15,2022-01-11,2022-02-25,9.7
7784a578928e49d6aa924934a610b976,22A,7784a578928e49d6aa924934a610b976-22A-C,C,DAP 1Kg/Are + Urea 0.5Kg/Are at V6 + Urea 0.5Kg/Are at V10,Urea 1kg/Are(V6 + V10),Maize,,2021-09-22,14,Well_decomposed,MV_403,24,100,0,2021-10-21,98,2021-11-01,50,,50,100,64,2021-12-15,2022-01-11,2022-02-25,9.45
7784a578928e49d6aa924934a610b976,22A,7784a578928e49d6aa924934a610b976-22A-D,D,DAP 1Kg/Are at planting+ Urea 1Kg/Are at V6,Urea 1kg/Are(V6),Maize,,2021-09-22,14,Well_decomposed,MV_403,24,100,0,2021-10-21,97,2021-11-01,100,,0,100,64,2021-12-15,2022-01-11,2022-02-25,9.62
3da78bcd7187499294e6e05e2784f349,22A,3da78bcd7187499294e6e05e2784f349-22A-A,A,DAP 1Kg/Are + Urea 0.5Kg/Are at V6,Urea 0.5Kg/Are(V6),Maize,,2021-09-24,10,Well_decomposed,MV_403,24,100,0,2021-10-23,99,2021-11-02,50,,0,50,41,2021-12-17,2022-01-11,2022-02-22,7.63
3da78bcd7187499294e6e05e2784f349,22A,3da78bcd7187499294e6e05e2784f349-22A-B,B,DAP 1Kg/Are + Urea 0.5Kg/Are at Planting and Urea 0.5Kg/Are at V6,Urea1kg/Are(Planting+V6),Maize,,2021-09-24,10,Well_decomposed,MV_403,24,100,50,2021-10-23,99,2021-11-02,50,,0,100,64,2021-12-17,2022-01-11,2022-02-22,7.43
3da78bcd7187499294e6e05e2784f349,22A,3da78bcd7187499294e6e05e2784f349-22A-C,C,DAP 1Kg/Are + Urea 0.5Kg/Are at V6 + Urea 0.5Kg/Are at V10,Urea 1kg/Are(V6 + V10),Maize,,2021-09-24,10,Well_decomposed,MV_403,24,100,0,2021-10-23,98,2021-11-02,50,,50,100,64,2021-12-17,2022-01-11,2022-02-22,8.39
3da78bcd7187499294e6e05e2784f349,22A,3da78bcd7187499294e6e05e2784f349-22A-D,D,DAP 1Kg/Are at planting+ Urea 1Kg/Are at V6,Urea 1kg/Are(V6),Maize,,2021-09-24,10,Well_decomposed,MV_403,24,100,0,2021-10-23,99,2021-11-02,100,,0,100,64,2021-12-17,2022-01-11,2022-02-22,8.31
8e8f45ea283f4d568d9b5d7f93e7d79b,22A,8e8f45ea283f4d568d9b5d7f93e7d79b-22A-A,A,DAP 1Kg/Are + Urea 0.5Kg/Are at V6,Urea 0.5Kg/Are(V6),Maize,,2021-09-24,9,Well_decomposed,MV_403,24,100,0,2021-10-19,97,2021-11-02,50,,0,50,41,2021-12-17,2022-01-11,2022-02-22,8.02
8e8f45ea283f4d568d9b5d7f93e7d79b,22A,8e8f45ea283f4d568d9b5d7f93e7d79b-22A-B,B,DAP 1Kg/Are + Urea 0.5Kg/Are at Planting and Urea 0.5Kg/Are at V6,Urea1kg/Are(Planting+V6),Maize,,2021-09-24,9,Well_decomposed,MV_403,24,100,50,2021-10-19,94,2021-11-02,50,,0,100,64,2021-12-17,2022-01-11,2022-02-22,7.88
8e8f45ea283f4d568d9b5d7f93e7d79b,22A,8e8f45ea283f4d568d9b5d7f93e7d79b-22A-C,C,DAP 1Kg/Are + Urea 0.5Kg/Are at V6 + Urea 0.5Kg/Are at V10,Urea 1kg/Are(V6 + V10),Maize,,2021-09-24,9,Well_decomposed,MV_403,24,100,0,2021-10-19,96,2021-11-02,50,,50,100,64,2021-12-17,2022-01-11,2022-02-22,8.68
8e8f45ea283f4d568d9b5d7f93e7d79b,22A,8e8f45ea283f4d568d9b5d7f93e7d79b-22A-D,D,DAP 1Kg/Are at planting+ Urea 1Kg/Are at V6,Urea 1kg/Are(V6),Maize,,2021-09-24,9,Well_decomposed,MV_403,24,100,0,2021-10-19,95,2021-11-02,100,,0,100,64,2021-12-17,2022-01-11,2022-02-22,8.1
d1eaa941fbcc41f0a703e554f52d5b2f,22A,d1eaa941fbcc41f0a703e554f52d5b2f-22A-A,A,DAP 1Kg/Are + Urea 0.5Kg/Are at V6,Urea 0.5Kg/Are(V6),Maize,,2021-09-28,8,Well_decomposed,MV_403,24,100,0,2021-10-23,91,2021-11-03,50,,0,50,41,2021-12-24,2022-01-15,2022-02-25,4.66
d1eaa941fbcc41f0a703e554f52d5b2f,22A,d1eaa941fbcc41f0a703e554f52d5b2f-22A-B,B,DAP 1Kg/Are + Urea 0.5Kg/Are at Planting and Urea 0.5Kg/Are at V6,Urea1kg/Are(Planting+V6),Maize,,2021-09-28,8,Well_decomposed,MV_403,24,100,50,2021-10-23,94,2021-11-03,50,,0,100,64,2021-12-24,2022-01-15,2022-02-25,4.84
d1eaa941fbcc41f0a703e554f52d5b2f,22A,d1eaa941fbcc41f0a703e554f52d5b2f-22A-C,C,DAP 1Kg/Are + Urea 0.5Kg/Are at V6 + Urea 0.5Kg/Are at V10,Urea 1kg/Are(V6 + V10),Maize,,2021-09-28,8,Well_decomposed,MV_403,24,100,0,2021-10-23,98,2021-11-03,50,,50,100,64,2021-12-24,2022-01-15,2022-02-25,5.51
d1eaa941fbcc41f0a703e554f52d5b2f,22A,d1eaa941fbcc41f0a703e554f52d5b2f-22A-D,D,DAP 1Kg/Are at planting+ Urea 1Kg/Are at V6,Urea 1kg/Are(V6),Maize,,2021-09-28,8,Well_decomposed,MV_403,24,100,0,2021-10-23,95,2021-11-03,100,,0,100,64,2021-12-24,2022-01-15,2022-02-25,5.18
c1eb7cb3dbea440da245a29d8d695953,22A,c1eb7cb3dbea440da245a29d8d695953-22A-A,A,DAP 1Kg/Are + Urea 0.5Kg/Are at V6,Urea 0.5Kg/Are(V6),Maize,,2021-09-28,9,Well_decomposed,MV_403,24,99,0,2021-10-23,95,2021-11-02,50,,0,50,41,2021-12-21,2022-01-19,2022-03-01,5.96
c1eb7cb3dbea440da245a29d8d695953,22A,c1eb7cb3dbea440da245a29d8d695953-22A-B,B,DAP 1Kg/Are + Urea 0.5Kg/Are at Planting and Urea 0.5Kg/Are at V6,Urea1kg/Are(Planting+V6),Maize,,2021-09-28,9,Well_decomposed,MV_403,24,99,50,2021-10-23,90,2021-11-02,50,,0,99,63,2021-12-21,2022-01-19,2022-03-01,5.94
c1eb7cb3dbea440da245a29d8d695953,22A,c1eb7cb3dbea440da245a29d8d695953-22A-C,C,DAP 1Kg/Are + Urea 0.5Kg/Are at V6 + Urea 0.5Kg/Are at V10,Urea 1kg/Are(V6 + V10),Maize,,2021-09-28,9,Well_decomposed,MV_403,24,99,0,2021-10-23,95,2021-11-02,50,,50,99,63,2021-12-21,2022-01-19,2022-03-01,6.57
c1eb7cb3dbea440da245a29d8d695953,22A,c1eb7cb3dbea440da245a29d8d695953-22A-D,D,DAP 1Kg/Are at planting+ Urea 1Kg/Are at V6,Urea 1kg/Are(V6),Maize,,2021-09-28,9,Well_decomposed,MV_403,24,99,0,2021-10-23,92,2021-11-02,99,,0,99,63,2021-12-21,2022-01-19,2022-03-01,6.21
c1a74eb21c0c489c82e2518bcc958cbb,22A,c1a74eb21c0c489c82e2518bcc958cbb-22A-A,A,DAP 1Kg/Are + Urea 0.5Kg/Are at V6,Urea 0.5Kg/Are(V6),Maize,,2021-09-28,3,Well_decomposed,MV_403,24,99,0,2021-10-21,92,2021-11-03,50,,0,50,41,2021-12-20,2022-01-15,2022-02-17,7.61
c1a74eb21c0c489c82e2518bcc958cbb,22A,c1a74eb21c0c489c82e2518bcc958cbb-22A-B,B,DAP 1Kg/Are + Urea 0.5Kg/Are at Planting and Urea 0.5Kg/Are at V6,Urea1kg/Are(Planting+V6),Maize,,2021-09-28,3,Well_decomposed,MV_403,24,99,50,2021-10-21,91,2021-11-03,50,,0,99,63,2021-12-20,2022-01-15,2022-02-17,8.43
c1a74eb21c0c489c82e2518bcc958cbb,22A,c1a74eb21c0c489c82e2518bcc958cbb-22A-C,C,DAP 1Kg/Are + Urea 0.5Kg/Are at V6 + Urea 0.5Kg/Are at V10,Urea 1kg/Are(V6 + V10),Maize,,2021-09-28,3,Well_decomposed,MV_403,24,99,0,2021-10-21,90,2021-11-03,50,,50,99,63,2021-12-20,2022-01-15,2022-02-17,8.19
c1a74eb21c0c489c82e2518bcc958cbb,22A,c1a74eb21c0c489c82e2518bcc958cbb-22A-D,D,DAP 1Kg/Are at planting+ Urea 1Kg/Are at V6,Urea 1kg/Are(V6),Maize,,2021-09-28,3,Well_decomposed,MV_403,24,99,0,2021-10-21,89,2021-11-03,99,,0,99,63,2021-12-20,2022-01-15,2022-02-17,7.89
e64f2db6c79843278dd43eb12cd90819,22A,e64f2db6c79843278dd43eb12cd90819-22A-A,A,DAP 1Kg/Are + Urea 0.5Kg/Are at V6,Urea 0.5Kg/Are(V6),Maize,,2021-09-27,12,Well_decomposed,MV_403,24,99,0,2021-10-23,96,2021-11-02,50,,0,50,41,2021-12-21,2022-01-12,2022-03-01,6.7
e64f2db6c79843278dd43eb12cd90819,22A,e64f2db6c79843278dd43eb12cd90819-22A-B,B,DAP 1Kg/Are + Urea 0.5Kg/Are at Planting and Urea 0.5Kg/Are at V6,Urea1kg/Are(Planting+V6),Maize,,2021-09-27,12,Well_decomposed,MV_403,24,99,50,2021-10-23,97,2021-11-02,50,,0,99,63,2021-12-21,2022-01-12,2022-03-01,6.85
e64f2db6c79843278dd43eb12cd90819,22A,e64f2db6c79843278dd43eb12cd90819-22A-C,C,DAP 1Kg/Are + Urea 0.5Kg/Are at V6 + Urea 0.5Kg/Are at V10,Urea 1kg/Are(V6 + V10),Maize,,2021-09-27,12,Well_decomposed,MV_403,24,99,0,2021-10-23,98,2021-11-02,50,,50,99,63,2021-12-21,2022-01-12,2022-03-01,7.66
e64f2db6c79843278dd43eb12cd90819,22A,e64f2db6c79843278dd43eb12cd90819-22A-D,D,DAP 1Kg/Are at planting+ Urea 1Kg/Are at V6,Urea 1kg/Are(V6),Maize,,2021-09-27,12,Well_decomposed,MV_403,24,99,0,2021-10-23,95,2021-11-02,99,,0,99,63,2021-12-21,2022-01-12,2022-03-01,7.17
bbdc5653ce6e4c52aed7d5a56bfe32ae,22A,bbdc5653ce6e4c52aed7d5a56bfe32ae-22A-A,A,DAP 1Kg/Are + Urea 0.5Kg/Are at V6,Urea 0.5Kg/Are(V6),Maize,,2021-09-25,9,Well_decomposed,MV_403,24,100,0,2021-10-23,98,2021-11-01,50,,0,50,41,2021-12-24,2022-01-12,2022-02-23,7.18
bbdc5653ce6e4c52aed7d5a56bfe32ae,22A,bbdc5653ce6e4c52aed7d5a56bfe32ae-22A-B,B,DAP 1Kg/Are + Urea 0.5Kg/Are at Planting and Urea 0.5Kg/Are at V6,Urea1kg/Are(Planting+V6),Maize,,2021-09-25,9,Well_decomposed,MV_403,24,100,50,2021-10-23,91,2021-11-01,50,,0,100,64,2021-12-24,2022-01-12,2022-02-23,6.02
bbdc5653ce6e4c52aed7d5a56bfe32ae,22A,bbdc5653ce6e4c52aed7d5a56bfe32ae-22A-C,C,DAP 1Kg/Are + Urea 0.5Kg/Are at V6 + Urea 0.5Kg/Are at V10,Urea 1kg/Are(V6 + V10),Maize,,2021-09-25,9,Well_decomposed,MV_403,24,100,0,2021-10-23,96,2021-11-01,50,,50,100,64,2021-12-24,2022-01-12,2022-02-23,6.98
bbdc5653ce6e4c52aed7d5a56bfe32ae,22A,bbdc5653ce6e4c52aed7d5a56bfe32ae-22A-D,D,DAP 1Kg/Are at planting+ Urea 1Kg/Are at V6,Urea 1kg/Are(V6),Maize,,2021-09-25,9,Well_decomposed,MV_403,24,100,0,2021-10-23,98,2021-11-01,100,,0,100,64,2021-12-24,2022-01-12,2022-02-23,6.27
dfc96da80fe04665b9149b4e8b19e81a,22A,dfc96da80fe04665b9149b4e8b19e81a-22A-A,A,DAP 1Kg/Are + Urea 0.5Kg/Are at V6,Urea 0.5Kg/Are(V6),Maize,,2021-09-22,8,Well_decomposed,MV_403,24,99,0,2021-10-19,90,2021-10-28,50,,0,50,41,2021-12-15,2022-01-07,2022-02-14,6.26
dfc96da80fe04665b9149b4e8b19e81a,22A,dfc96da80fe04665b9149b4e8b19e81a-22A-B,B,DAP 1Kg/Are + Urea 0.5Kg/Are at Planting and Urea 0.5Kg/Are at V6,Urea1kg/Are(Planting+V6),Maize,,2021-09-22,8,Well_decomposed,MV_403,24,99,50,2021-10-19,88,2021-10-28,50,,0,99,63,2021-12-15,2022-01-07,2022-02-14,5.51
dfc96da80fe04665b9149b4e8b19e81a,22A,dfc96da80fe04665b9149b4e8b19e81a-22A-C,C,DAP 1Kg/Are + Urea 0.5Kg/Are at V6 + Urea 0.5Kg/Are at V10,Urea 1kg/Are(V6 + V10),Maize,,2021-09-22,8,Well_decomposed,MV_403,24,99,0,2021-10-19,92,2021-10-28,50,,50,99,63,2021-12-15,2022-01-07,2022-02-14,5.85
dfc96da80fe04665b9149b4e8b19e81a,22A,dfc96da80fe04665b9149b4e8b19e81a-22A-D,D,DAP 1Kg/Are at planting+ Urea 1Kg/Are at V6,Urea 1kg/Are(V6),Maize,,2021-09-22,8,Well_decomposed,MV_403,24,99,0,2021-10-19,94,2021-10-28,99,,0,99,63,2021-12-15,2022-01-07,2022-02-14,7.35
12c9a141f14e4800ac34129fd234c86d,22A,12c9a141f14e4800ac34129fd234c86d-22A-A,A,DAP 1Kg/Are + Urea 0.5Kg/Are at V6,Urea 0.5Kg/Are(V6),Maize,,2021-09-27,11,Well_decomposed,MV_403,33,101,0,2021-10-25,98,2021-10-29,50,,0,50,41,2021-12-09,2022-01-04,2022-02-07,5.52
12c9a141f14e4800ac34129fd234c86d,22A,12c9a141f14e4800ac34129fd234c86d-22A-B,B,DAP 1Kg/Are + Urea 0.5Kg/Are at Planting and Urea 0.5Kg/Are at V6,Urea1kg/Are(Planting+V6),Maize,,2021-09-27,11,Well_decomposed,MV_403,33,101,50,2021-10-25,100,2021-10-29,50,,0,101,64,2021-12-09,2022-01-04,2022-02-07,6.55
12c9a141f14e4800ac34129fd234c86d,22A,12c9a141f14e4800ac34129fd234c86d-22A-C,C,DAP 1Kg/Are + Urea 0.5Kg/Are at V6 + Urea 0.5Kg/Are at V10,Urea 1kg/Are(V6 + V10),Maize,,2021-09-27,11,Well_decomposed,MV_403,33,101,0,2021-10-25,96,2021-10-29,50,,50,101,64,2021-12-09,2022-01-04,2022-02-07,6.97
12c9a141f14e4800ac34129fd234c86d,22A,12c9a141f14e4800ac34129fd234c86d-22A-D,D,DAP 1Kg/Are at planting+ Urea 1Kg/Are at V6,Urea 1kg/Are(V6),Maize,,2021-09-27,11,Well_decomposed,MV_403,33,101,0,2021-10-25,99,2021-10-29,101,,0,101,64,2021-12-09,2022-01-04,2022-02-07,7.0
c743468566db414f8a41b097468962e6,22A,c743468566db414f8a41b097468962e6-22A-A,A,DAP 1Kg/Are + Urea 0.5Kg/Are at V6,Urea 0.5Kg/Are(V6),Maize,,2021-09-23,10,Well_decomposed,MV_403,33,100,0,2021-10-14,100,2021-10-26,50,,0,50,41,2021-12-08,2021-12-28,2022-02-04,3.73
c743468566db414f8a41b097468962e6,22A,c743468566db414f8a41b097468962e6-22A-B,B,DAP 1Kg/Are + Urea 0.5Kg/Are at Planting and Urea 0.5Kg/Are at V6,Urea1kg/Are(Planting+V6),Maize,,2021-09-23,10,Well_decomposed,MV_403,33,100,50,2021-10-14,95,2021-10-26,50,,0,100,64,2021-12-08,2021-12-28,2022-02-04,4.47
c743468566db414f8a41b097468962e6,22A,c743468566db414f8a41b097468962e6-22A-C,C,DAP 1Kg/Are + Urea 0.5Kg/Are at V6 + Urea 0.5Kg/Are at V10,Urea 1kg/Are(V6 + V10),Maize,,2021-09-23,10,Well_decomposed,MV_403,33,100,0,2021-10-14,97,2021-10-26,50,,50,100,64,2021-12-08,2021-12-28,2022-02-04,3.95
c743468566db414f8a41b097468962e6,22A,c743468566db414f8a41b097468962e6-22A-D,D,DAP 1Kg/Are at planting+ Urea 1Kg/Are at V6,Urea 1kg/Are(V6),Maize,,2021-09-23,10,Well_decomposed,MV_403,33,100,0,2021-10-14,99,2021-10-26,100,,0,100,64,2021-12-08,2021-12-28,2022-02-04,4.51
6d84a7189ce742b5801e586d0e7bf877,22A,6d84a7189ce742b5801e586d0e7bf877-22A-A,A,DAP 1Kg/Are + Urea 0.5Kg/Are at V6,Urea 0.5Kg/Are(V6),Maize,,2021-09-23,11,Well_decomposed,MV_403,33,100,0,2021-10-22,96,2021-10-26,50,,0,50,41,2021-12-06,2021-12-28,2022-02-09,4.61
6d84a7189ce742b5801e586d0e7bf877,22A,6d84a7189ce742b5801e586d0e7bf877-22A-B,B,DAP 1Kg/Are + Urea 0.5Kg/Are at Planting and Urea 0.5Kg/Are at V6,Urea1kg/Are(Planting+V6),Maize,,2021-09-23,11,Well_decomposed,MV_403,33,100,50,2021-10-22,97,2021-10-26,50,,0,100,64,2021-12-06,2021-12-28,2022-02-09,5.62
6d84a7189ce742b5801e586d0e7bf877,22A,6d84a7189ce742b5801e586d0e7bf877-22A-C,C,DAP 1Kg/Are + Urea 0.5Kg/Are at V6 + Urea 0.5Kg/Are at V10,Urea 1kg/Are(V6 + V10),Maize,,2021-09-23,11,Well_decomposed,MV_403,33,100,0,2021-10-22,99,2021-10-26,50,,50,100,64,2021-12-06,2021-12-28,2022-02-09,5.44
6d84a7189ce742b5801e586d0e7bf877,22A,6d84a7189ce742b5801e586d0e7bf877-22A-D,D,DAP 1Kg/Are at planting+ Urea 1Kg/Are at V6,Urea 1kg/Are(V6),Maize,,2021-09-23,11,Well_decomposed,MV_403,33,100,0,2021-10-22,94,2021-10-26,100,,0,100,64,2021-12-06,2021-12-28,2022-02-09,6.13
116a558c6e004d58851afba371bbdc97,22A,116a558c6e004d58851afba371bbdc97-22A-A,A,DAP 1Kg/Are + Urea 0.5Kg/Are at V6,Urea 0.5Kg/Are(V6),Maize,,2021-10-04,10,Well_decomposed,MV_403,33,100,0,2021-10-26,91,2021-11-03,50,,0,50,41,2021-12-16,2022-01-13,2022-02-18,6.69
116a558c6e004d58851afba371bbdc97,22A,116a558c6e004d58851afba371bbdc97-22A-B,B,DAP 1Kg/Are + Urea 0.5Kg/Are at Planting and Urea 0.5Kg/Are at V6,Urea1kg/Are(Planting+V6),Maize,,2021-10-04,10,Well_decomposed,MV_403,33,100,50,2021-10-26,88,2021-11-03,50,,0,100,64,2021-12-16,2022-01-13,2022-02-18,7.68
116a558c6e004d58851afba371bbdc97,22A,116a558c6e004d58851afba371bbdc97-22A-C,C,DAP 1Kg/Are + Urea 0.5Kg/Are at V6 + Urea 0.5Kg/Are at V10,Urea 1kg/Are(V6 + V10),Maize,,2021-10-04,10,Well_decomposed,MV_403,33,100,0,2021-10-26,95,2021-11-03,50,,50,100,64,2021-12-16,2022-01-13,2022-02-18,7.45
116a558c6e004d58851afba371bbdc97,22A,116a558c6e004d58851afba371bbdc97-22A-D,D,DAP 1Kg/Are at planting+ Urea 1Kg/Are at V6,Urea 1kg/Are(V6),Maize,,2021-10-04,10,Well_decomposed,MV_403,33,100,0,2021-10-26,96,2021-11-03,100,,0,100,64,2021-12-16,2022-01-13,2022-02-18,9.08
92f891271f194fbdb493a0ffaf63105d,22A,92f891271f194fbdb493a0ffaf63105d-22A-A,A,DAP 1Kg/Are + Urea 0.5Kg/Are at V6,Urea 0.5Kg/Are(V6),Maize,,2021-10-01,11,Well_decomposed,MV_403,32,100,0,2021-10-28,97,2021-11-16,50,,0,50,41,2021-12-22,2022-01-18,2022-03-10,6.63
92f891271f194fbdb493a0ffaf63105d,22A,92f891271f194fbdb493a0ffaf63105d-22A-B,B,DAP 1Kg/Are + Urea 0.5Kg/Are at Planting and Urea 0.5Kg/Are at V6,Urea1kg/Are(Planting+V6),Maize,,2021-10-01,11,Well_decomposed,MV_403,32,100,50,2021-10-28,95,2021-11-16,50,,0,100,64,2021-12-22,2022-01-18,2022-03-10,6.77
92f891271f194fbdb493a0ffaf63105d,22A,92f891271f194fbdb493a0ffaf63105d-22A-C,C,DAP 1Kg/Are + Urea 0.5Kg/Are at V6 + Urea 0.5Kg/Are at V10,Urea 1kg/Are(V6 + V10),Maize,,2021-10-01,11,Well_decomposed,MV_403,32,100,0,2021-10-28,100,2021-11-16,50,,50,100,64,2021-12-22,2022-01-18,2022-03-10,7.55
92f891271f194fbdb493a0ffaf63105d,22A,92f891271f194fbdb493a0ffaf63105d-22A-D,D,DAP 1Kg/Are at planting+ Urea 1Kg/Are at V6,Urea 1kg/Are(V6),Maize,,2021-10-01,11,Well_decomposed,MV_403,32,100,0,2021-10-28,99,2021-11-16,100,,0,100,64,2021-12-22,2022-01-18,2022-03-10,8.11
f96bbd639ee946d3aa3a14f9677d5aba,22A,f96bbd639ee946d3aa3a14f9677d5aba-22A-A,A,DAP 1Kg/Are + Urea 0.5Kg/Are at V6,Urea 0.5Kg/Are(V6),Maize,,2021-10-07,11,Well_decomposed,MV_403,33,99,0,2021-11-05,92,2021-11-16,50,,0,50,41,2021-12-23,2022-01-18,2022-02-24,7.57
f96bbd639ee946d3aa3a14f9677d5aba,22A,f96bbd639ee946d3aa3a14f9677d5aba-22A-B,B,DAP 1Kg/Are + Urea 0.5Kg/Are at Planting and Urea 0.5Kg/Are at V6,Urea1kg/Are(Planting+V6),Maize,,2021-10-07,11,Well_decomposed,MV_403,34,99,50,2021-11-05,97,2021-11-16,50,,0,99,63,2021-12-23,2022-01-18,2022-02-24,6.71
f96bbd639ee946d3aa3a14f9677d5aba,22A,f96bbd639ee946d3aa3a14f9677d5aba-22A-C,C,DAP 1Kg/Are + Urea 0.5Kg/Are at V6 + Urea 0.5Kg/Are at V10,Urea 1kg/Are(V6 + V10),Maize,,2021-10-07,11,Well_decomposed,MV_403,34,99,0,2021-11-05,93,2021-11-16,50,,50,99,63,2021-12-23,2022-01-18,2022-02-24,6.19
f96bbd639ee946d3aa3a14f9677d5aba,22A,f96bbd639ee946d3aa3a14f9677d5aba-22A-D,D,DAP 1Kg/Are at planting+ Urea 1Kg/Are at V6,Urea 1kg/Are(V6),Maize,,2021-10-07,11,Well_decomposed,MV_403,34,99,0,2021-11-05,96,2021-11-16,99,,0,99,63,2021-12-23,2022-01-18,2022-02-24,6.91
6fbb4ee3ed784c71bbe92b168db46b1b,22A,6fbb4ee3ed784c71bbe92b168db46b1b-22A-A,A,DAP 1Kg/Are + Urea 0.5Kg/Are at V6,Urea 0.5Kg/Are(V6),Maize,,2021-09-23,10,Well_decomposed,MV_403,33,100,0,2021-10-21,94,2021-10-28,50,,0,50,41,2021-12-08,2021-12-28,2022-02-23,7.33
6fbb4ee3ed784c71bbe92b168db46b1b,22A,6fbb4ee3ed784c71bbe92b168db46b1b-22A-B,B,DAP 1Kg/Are + Urea 0.5Kg/Are at Planting and Urea 0.5Kg/Are at V6,Urea1kg/Are(Planting+V6),Maize,,2021-09-23,10,Well_decomposed,MV_403,33,100,50,2021-10-21,92,2021-10-28,50,,0,100,64,2021-12-08,2021-12-28,2022-02-23,7.7
6fbb4ee3ed784c71bbe92b168db46b1b,22A,6fbb4ee3ed784c71bbe92b168db46b1b-22A-C,C,DAP 1Kg/Are + Urea 0.5Kg/Are at V6 + Urea 0.5Kg/Are at V10,Urea 1kg/Are(V6 + V10),Maize,,2021-09-23,10,Well_decomposed,MV_403,33,100,0,2021-10-21,96,2021-10-28,50,,50,100,64,2021-12-08,2021-12-28,2022-02-23,6.97
6fbb4ee3ed784c71bbe92b168db46b1b,22A,6fbb4ee3ed784c71bbe92b168db46b1b-22A-D,D,DAP 1Kg/Are at planting+ Urea 1Kg/Are at V6,Urea 1kg/Are(V6),Maize,,2021-09-23,10,Well_decomposed,MV_403,33,100,0,2021-10-21,97,2021-10-28,100,,0,100,64,2021-12-08,2021-12-28,2022-02-23,6.82
ce2051bc40184211b04f277cf9bb6bab,22A,ce2051bc40184211b04f277cf9bb6bab-22A-A,A,DAP 1Kg/Are + Urea 0.5Kg/Are at V6,Urea 0.5Kg/Are(V6),Maize,,2021-10-02,9,Well_decomposed,MV_403,33,99,0,2021-10-21,94,2021-11-03,50,,0,50,41,2021-12-16,2022-01-13,2022-03-01,5.38
ce2051bc40184211b04f277cf9bb6bab,22A,ce2051bc40184211b04f277cf9bb6bab-22A-B,B,DAP 1Kg/Are + Urea 0.5Kg/Are at Planting and Urea 0.5Kg/Are at V6,Urea1kg/Are(Planting+V6),Maize,,2021-10-02,9,Well_decomposed,MV_403,33,99,50,2021-10-21,93,2021-11-03,50,,0,99,63,2021-12-16,2022-01-13,2022-03-01,6.34
ce2051bc40184211b04f277cf9bb6bab,22A,ce2051bc40184211b04f277cf9bb6bab-22A-C,C,DAP 1Kg/Are + Urea 0.5Kg/Are at V6 + Urea 0.5Kg/Are at V10,Urea 1kg/Are(V6 + V10),Maize,,2021-10-02,9,Well_decomposed,MV_403,33,99,0,2021-10-21,97,2021-11-03,50,,50,99,63,2021-12-16,2022-01-13,2022-03-01,6.64
ce2051bc40184211b04f277cf9bb6bab,22A,ce2051bc40184211b04f277cf9bb6bab-22A-D,D,DAP 1Kg/Are at planting+ Urea 1Kg/Are at V6,Urea 1kg/Are(V6),Maize,,2021-10-02,9,Well_decomposed,MV_403,33,99,0,2021-10-21,96,2021-11-03,99,,0,99,63,2021-12-16,2022-01-13,2022-03-01,6.6
e57f39e9790e49ac967b927bf4b959fc,22A,e57f39e9790e49ac967b927bf4b959fc-22A-A,A,DAP 1Kg/Are + Urea 0.5Kg/Are at V6,Urea 0.5Kg/Are(V6),Maize,,2021-09-27,12,Well_decomposed,MV_403,33,99,0,2021-10-23,94,2021-10-28,50,,0,50,41,2021-12-14,2022-01-10,2022-02-22,5.64
e57f39e9790e49ac967b927bf4b959fc,22A,e57f39e9790e49ac967b927bf4b959fc-22A-B,B,DAP 1Kg/Are + Urea 0.5Kg/Are at Planting and Urea 0.5Kg/Are at V6,Urea1kg/Are(Planting+V6),Maize,,2021-09-27,12,Well_decomposed,MV_403,33,99,50,2021-10-23,87,2021-10-28,50,,0,99,63,2021-12-14,2022-01-10,2022-02-22,7.47
e57f39e9790e49ac967b927bf4b959fc,22A,e57f39e9790e49ac967b927bf4b959fc-22A-C,C,DAP 1Kg/Are + Urea 0.5Kg/Are at V6 + Urea 0.5Kg/Are at V10,Urea 1kg/Are(V6 + V10),Maize,,2021-09-27,12,Well_decomposed,MV_403,33,99,0,2021-10-23,93,2021-10-28,50,,50,99,63,2021-12-14,2022-01-10,2022-02-22,6.17
e57f39e9790e49ac967b927bf4b959fc,22A,e57f39e9790e49ac967b927bf4b959fc-22A-D,D,DAP 1Kg/Are at planting+ Urea 1Kg/Are at V6,Urea 1kg/Are(V6),Maize,,2021-09-27,12,Well_decomposed,MV_403,33,99,0,2021-10-23,92,2021-10-28,99,,0,99,63,2021-12-14,2022-01-10,2022-02-22,6.09
97e83a0ead3f41a3b2c40160250511db,22A,97e83a0ead3f41a3b2c40160250511db-22A-A,A,DAP 1Kg/Are + Urea 0.5Kg/Are at V6,Urea 0.5Kg/Are(V6),Maize,,2021-09-24,10,Well_decomposed,MV_403,34,101,0,2021-10-27,99,2021-10-29,50,,0,50,41,2021-12-09,2022-01-06,2022-02-16,5.29
97e83a0ead3f41a3b2c40160250511db,22A,97e83a0ead3f41a3b2c40160250511db-22A-B,B,DAP 1Kg/Are + Urea 0.5Kg/Are at Planting and Urea 0.5Kg/Are at V6,Urea1kg/Are(Planting+V6),Maize,,2021-09-24,10,Well_decomposed,MV_403,34,101,50,2021-10-27,98,2021-10-29,50,,0,101,64,2021-12-09,2022-01-06,2022-02-16,6.17
97e83a0ead3f41a3b2c40160250511db,22A,97e83a0ead3f41a3b2c40160250511db-22A-C,C,DAP 1Kg/Are + Urea 0.5Kg/Are at V6 + Urea 0.5Kg/Are at V10,Urea 1kg/Are(V6 + V10),Maize,,2021-09-24,10,Well_decomposed,MV_403,34,101,0,2021-10-27,94,2021-10-29,50,,50,101,64,2021-12-09,2022-01-06,2022-02-16,6.23
97e83a0ead3f41a3b2c40160250511db,22A,97e83a0ead3f41a3b2c40160250511db-22A-D,D,DAP 1Kg/Are at planting+ Urea 1Kg/Are at V6,Urea 1kg/Are(V6),Maize,,2021-09-24,10,Well_decomposed,MV_403,34,101,0,2021-10-27,96,2021-10-29,101,,0,101,64,2021-12-09,2022-01-06,2022-02-16,6.99
f23fc44ba579426eb59366f2d79559be,22A,f23fc44ba579426eb59366f2d79559be-22A-A,A,DAP 1Kg/Are + Urea 0.5Kg/Are at V6,Urea 0.5Kg/Are(V6),Maize,,2021-10-15,12,Well_decomposed,MV_403,33,99,0,2021-11-03,87,2021-11-18,50,,0,50,41,2021-12-28,2022-01-24,2022-03-10,4.38
f23fc44ba579426eb59366f2d79559be,22A,f23fc44ba579426eb59366f2d79559be-22A-B,B,DAP 1Kg/Are + Urea 0.5Kg/Are at Planting and Urea 0.5Kg/Are at V6,Urea1kg/Are(Planting+V6),Maize,,2021-10-15,12,Well_decomposed,MV_403,33,99,50,2021-11-03,91,2021-11-18,50,,0,99,63,2021-12-28,2022-01-24,2022-03-10,3.18
f23fc44ba579426eb59366f2d79559be,22A,f23fc44ba579426eb59366f2d79559be-22A-C,C,DAP 1Kg/Are + Urea 0.5Kg/Are at V6 + Urea 0.5Kg/Are at V10,Urea 1kg/Are(V6 + V10),Maize,,2021-10-15,12,Well_decomposed,MV_403,33,99,0,2021-11-03,94,2021-11-18,50,,50,99,63,2021-12-28,2022-01-24,2022-03-10,4.16
f23fc44ba579426eb59366f2d79559be,22A,f23fc44ba579426eb59366f2d79559be-22A-D,D,DAP 1Kg/Are at planting+ Urea 1Kg/Are at V6,Urea 1kg/Are(V6),Maize,,2021-10-15,12,Well_decomposed,MV_403,33,99,0,2021-11-03,90,2021-11-18,99,,0,99,63,2021-12-28,2022-01-24,2022-03-10,4.58
e6e4ceb0877d43eabd5a33ca1b8473aa,22A,e6e4ceb0877d43eabd5a33ca1b8473aa-22A-A,A,DAP 1Kg/Are + Urea 0.5Kg/Are at V6,Urea 0.5Kg/Are(V6),Maize,,2021-09-28,10,Well_decomposed,MV_403,33,100,0,2021-10-23,96,2021-10-29,50,,0,50,41,2021-12-09,2022-01-06,2022-02-18,4.72
e6e4ceb0877d43eabd5a33ca1b8473aa,22A,e6e4ceb0877d43eabd5a33ca1b8473aa-22A-B,B,DAP 1Kg/Are + Urea 0.5Kg/Are at Planting and Urea 0.5Kg/Are at V6,Urea1kg/Are(Planting+V6),Maize,,2021-09-28,10,Well_decomposed,MV_403,33,100,50,2021-10-23,94,2021-10-29,50,,0,100,64,2021-12-09,2022-01-06,2022-02-18,5.41
e6e4ceb0877d43eabd5a33ca1b8473aa,22A,e6e4ceb0877d43eabd5a33ca1b8473aa-22A-C,C,DAP 1Kg/Are + Urea 0.5Kg/Are at V6 + Urea 0.5Kg/Are at V10,Urea 1kg/Are(V6 + V10),Maize,,2021-09-28,10,Well_decomposed,MV_403,33,100,0,2021-10-23,98,2021-10-29,50,,50,100,64,2021-12-09,2022-01-06,2022-02-18,5.38
e6e4ceb0877d43eabd5a33ca1b8473aa,22A,e6e4ceb0877d43eabd5a33ca1b8473aa-22A-D,D,DAP 1Kg/Are at planting+ Urea 1Kg/Are at V6,Urea 1kg/Are(V6),Maize,,2021-09-28,10,Well_decomposed,MV_403,33,100,0,2021-10-23,99,2021-10-29,100,,0,100,64,2021-12-09,2022-01-06,2022-02-18,6.2
99e6109cad47454baf50fe191a9bc593,22A,99e6109cad47454baf50fe191a9bc593-22A-A,A,DAP 1Kg/Are + Urea 0.5Kg/Are at V6,Urea 0.5Kg/Are(V6),Maize,,2021-10-11,11,Well_decomposed,MV_403,32,99,0,2021-11-05,79,2021-11-19,50,,0,50,41,2021-12-28,2022-01-24,2022-03-09,4.65
99e6109cad47454baf50fe191a9bc593,22A,99e6109cad47454baf50fe191a9bc593-22A-B,B,DAP 1Kg/Are + Urea 0.5Kg/Are at Planting and Urea 0.5Kg/Are at V6,Urea1kg/Are(Planting+V6),Maize,,2021-10-11,11,Well_decomposed,MV_403,32,99,50,2021-11-05,86,2021-11-19,50,,0,99,63,2021-12-28,2022-01-24,2022-03-09,3.84
99e6109cad47454baf50fe191a9bc593,22A,99e6109cad47454baf50fe191a9bc593-22A-C,C,DAP 1Kg/Are + Urea 0.5Kg/Are at V6 + Urea 0.5Kg/Are at V10,Urea 1kg/Are(V6 + V10),Maize,,2021-10-11,11,Well_decomposed,MV_403,33,99,0,2021-11-05,82,2021-11-19,50,,50,99,63,2021-12-28,2022-01-24,2022-03-09,4.71
99e6109cad47454baf50fe191a9bc593,22A,99e6109cad47454baf50fe191a9bc593-22A-D,D,DAP 1Kg/Are at planting+ Urea 1Kg/Are at V6,Urea 1kg/Are(V6),Maize,,2021-10-11,11,Well_decomposed,MV_403,32,99,0,2021-11-05,85,2021-11-19,99,,0,99,63,2021-12-28,2022-01-24,2022-03-09,3.97
1cd82fd367f84a52a04360c6a327415f,22A,1cd82fd367f84a52a04360c6a327415f-22A-A,A,DAP 1Kg/Are + Urea 0.5Kg/Are at V6,Urea 0.5Kg/Are(V6),Maize,,2021-09-20,9,Well_decomposed,MV_403,33,100,0,2021-10-15,93,2021-10-22,50,,0,50,41,2021-12-03,2021-12-24,2022-02-11,6.58
1cd82fd367f84a52a04360c6a327415f,22A,1cd82fd367f84a52a04360c6a327415f-22A-B,B,DAP 1Kg/Are + Urea 0.5Kg/Are at Planting and Urea 0.5Kg/Are at V6,Urea1kg/Are(Planting+V6),Maize,,2021-09-20,9,Well_decomposed,MV_403,33,100,50,2021-10-15,97,2021-10-22,50,,0,100,64,2021-12-03,2021-12-24,2022-02-11,7.51
1cd82fd367f84a52a04360c6a327415f,22A,1cd82fd367f84a52a04360c6a327415f-22A-C,C,DAP 1Kg/Are + Urea 0.5Kg/Are at V6 + Urea 0.5Kg/Are at V10,Urea 1kg/Are(V6 + V10),Maize,,2021-09-20,9,Well_decomposed,MV_403,33,100,0,2021-10-15,100,2021-10-22,50,,50,100,64,2021-12-03,2021-12-24,2022-02-11,6.31
1cd82fd367f84a52a04360c6a327415f,22A,1cd82fd367f84a52a04360c6a327415f-22A-D,D,DAP 1Kg/Are at planting+ Urea 1Kg/Are at V6,Urea 1kg/Are(V6),Maize,,2021-09-20,9,Well_decomposed,MV_403,33,100,0,2021-10-15,96,2021-10-22,100,,0,100,64,2021-12-03,2021-12-24,2022-02-11,7.0
d66d6d654c9d451d87d0a601d10cfb98,22A,d66d6d654c9d451d87d0a601d10cfb98-22A-A,A,DAP 1Kg/Are + Urea 0.5Kg/Are at V6,Urea 0.5Kg/Are(V6),Maize,,2021-10-07,6,Well_decomposed,MV_403,25,100,0,2021-11-11,94,2021-11-18,52,,0,52,42,2022-01-04,2022-01-21,2022-02-27,8.66
d66d6d654c9d451d87d0a601d10cfb98,22A,d66d6d654c9d451d87d0a601d10cfb98-22A-B,B,DAP 1Kg/Are + Urea 0.5Kg/Are at Planting and Urea 0.5Kg/Are at V6,Urea1kg/Are(Planting+V6),Maize,,2021-10-07,6,Well_decomposed,MV_403,25,104,52,2021-11-11,94,2021-11-18,52,,0,104,67,2022-01-04,2022-01-21,2022-02-27,9.58
d66d6d654c9d451d87d0a601d10cfb98,22A,d66d6d654c9d451d87d0a601d10cfb98-22A-C,C,DAP 1Kg/Are + Urea 0.5Kg/Are at V6 + Urea 0.5Kg/Are at V10,Urea 1kg/Are(V6 + V10),Maize,,2021-10-07,6,Well_decomposed,MV_403,25,104,0,2021-11-11,97,2021-11-18,52,,52,104,67,2022-01-04,2022-01-21,2022-02-27,9.61
d66d6d654c9d451d87d0a601d10cfb98,22A,d66d6d654c9d451d87d0a601d10cfb98-22A-D,D,DAP 1Kg/Are at planting+ Urea 1Kg/Are at V6,Urea 1kg/Are(V6),Maize,,2021-10-07,6,Well_decomposed,MV_403,25,104,0,2021-11-11,96,2021-11-18,104,,0,104,67,2022-01-04,2022-01-21,2022-02-27,9.58
8e2d89ebf22c452b8b39b02b9281d535,22A,8e2d89ebf22c452b8b39b02b9281d535-22A-A,A,DAP 1Kg/Are + Urea 0.5Kg/Are at V6,Urea 0.5Kg/Are(V6),Maize,,2021-10-07,6,Well_decomposed,MV_403,25,100,0,2021-11-11,100,2021-11-12,52,,0,52,42,2022-01-04,2022-01-20,2022-02-25,9.5
8e2d89ebf22c452b8b39b02b9281d535,22A,8e2d89ebf22c452b8b39b02b9281d535-22A-B,B,DAP 1Kg/Are + Urea 0.5Kg/Are at Planting and Urea 0.5Kg/Are at V6,Urea1kg/Are(Planting+V6),Maize,,2021-10-07,8,Well_decomposed,MV_403,25,100,50,2021-11-11,90,2021-11-12,52,,0,102,65,2022-01-04,2022-01-20,2022-02-25,10.52
8e2d89ebf22c452b8b39b02b9281d535,22A,8e2d89ebf22c452b8b39b02b9281d535-22A-C,C,DAP 1Kg/Are + Urea 0.5Kg/Are at V6 + Urea 0.5Kg/Are at V10,Urea 1kg/Are(V6 + V10),Maize,,2021-10-07,8,Well_decomposed,MV_403,25,100,0,2021-11-11,94,2021-11-12,52,,52,104,66,2022-01-04,2022-01-20,2022-02-25,9.28
8e2d89ebf22c452b8b39b02b9281d535,22A,8e2d89ebf22c452b8b39b02b9281d535-22A-D,D,DAP 1Kg/Are at planting+ Urea 1Kg/Are at V6,Urea 1kg/Are(V6),Maize,,2021-10-07,8,Well_decomposed,MV_403,25,100,0,2021-11-11,98,2021-11-12,104,,0,104,66,2022-01-04,2022-01-20,2022-02-25,9.87
0f04941c4e114219acacd9546b074db9,22A,0f04941c4e114219acacd9546b074db9-22A-A,A,DAP 1Kg/Are + Urea 0.5Kg/Are at V6,Urea 0.5Kg/Are(V6),Maize,,2021-10-07,8,Well_decomposed,MV_403,25,100,0,2021-11-11,95,2021-11-19,52,,0,52,42,2022-01-05,2022-01-21,2022-02-22,7.5
0f04941c4e114219acacd9546b074db9,22A,0f04941c4e114219acacd9546b074db9-22A-B,B,DAP 1Kg/Are + Urea 0.5Kg/Are at Planting and Urea 0.5Kg/Are at V6,Urea1kg/Are(Planting+V6),Maize,,2021-10-07,8,Well_decomposed,MV_403,25,100,50,2021-11-11,94,2021-11-19,52,,0,102,65,2022-01-05,2022-01-21,2022-02-22,7.22
0f04941c4e114219acacd9546b074db9,22A,0f04941c4e114219acacd9546b074db9-22A-C,C,DAP 1Kg/Are + Urea 0.5Kg/Are at V6 + Urea 0.5Kg/Are at V10,Urea 1kg/Are(V6 + V10),Maize,,2021-10-07,8,Well_decomposed,MV_403,25,100,0,2021-11-11,96,2021-11-19,52,,52,104,66,2022-01-05,2022-01-21,2022-02-22,6.11
0f04941c4e114219acacd9546b074db9,22A,0f04941c4e114219acacd9546b074db9-22A-D,D,DAP 1Kg/Are at planting+ Urea 1Kg/Are at V6,Urea 1kg/Are(V6),Maize,,2021-10-07,8,Well_decomposed,MV_403,25,100,0,2021-11-11,98,2021-11-19,104,,0,104,66,2022-01-05,2022-01-21,2022-02-22,8.57
131b77ea39a04f71beef48b07dd70b71,22A,131b77ea39a04f71beef48b07dd70b71-22A-A,A,DAP 1Kg/Are + Urea 0.5Kg/Are at V6,Urea 0.5Kg/Are(V6),Maize,,2021-10-07,8,Well_decomposed,MV_403,25,100,0,2021-11-11,94,2021-11-12,52,,0,52,42,2022-01-04,2022-01-20,2022-02-25,8.47
131b77ea39a04f71beef48b07dd70b71,22A,131b77ea39a04f71beef48b07dd70b71-22A-B,B,DAP 1Kg/Are + Urea 0.5Kg/Are at Planting and Urea 0.5Kg/Are at V6,Urea1kg/Are(Planting+V6),Maize,,2021-10-07,8,Well_decomposed,MV_403,25,100,50,2021-11-11,91,2021-11-12,52,,0,102,65,2022-01-04,2022-01-20,2022-02-25,8.61
131b77ea39a04f71beef48b07dd70b71,22A,131b77ea39a04f71beef48b07dd70b71-22A-C,C,DAP 1Kg/Are + Urea 0.5Kg/Are at V6 + Urea 0.5Kg/Are at V10,Urea 1kg/Are(V6 + V10),Maize,,2021-10-07,8,Well_decomposed,MV_403,25,100,0,2021-11-11,98,2021-11-12,52,,52,104,66,2022-01-04,2022-01-20,2022-02-25,8.44
131b77ea39a04f71beef48b07dd70b71,22A,131b77ea39a04f71beef48b07dd70b71-22A-D,D,DAP 1Kg/Are at planting+ Urea 1Kg/Are at V6,Urea 1kg/Are(V6),Maize,,2021-10-07,8,Well_decomposed,MV_403,25,100,0,2021-11-11,96,2021-11-12,104,,0,104,66,2022-01-04,2022-01-20,2022-02-25,9.66
545eb9bff0244eaf96a07bd32d751616,22A,545eb9bff0244eaf96a07bd32d751616-22A-A,A,DAP 1Kg/Are + Urea 0.5Kg/Are at V6,Urea 0.5Kg/Are(V6),Maize,,2021-10-11,6,Well_decomposed,MV_403,25,100,0,2021-11-11,93,2021-11-19,52,,0,52,42,2022-01-07,2022-01-27,2022-03-01,8.52
545eb9bff0244eaf96a07bd32d751616,22A,545eb9bff0244eaf96a07bd32d751616-22A-B,B,DAP 1Kg/Are + Urea 0.5Kg/Are at Planting and Urea 0.5Kg/Are at V6,Urea1kg/Are(Planting+V6),Maize,,2021-10-11,6,Well_decomposed,MV_403,25,100,50,2021-11-11,97,2021-11-19,52,,0,102,65,2022-01-07,2022-01-27,2022-03-01,9.75
545eb9bff0244eaf96a07bd32d751616,22A,545eb9bff0244eaf96a07bd32d751616-22A-C,C,DAP 1Kg/Are + Urea 0.5Kg/Are at V6 + Urea 0.5Kg/Are at V10,Urea 1kg/Are(V6 + V10),Maize,,2021-10-11,6,Well_decomposed,MV_403,25,100,0,2021-11-11,91,2021-11-19,52,,52,104,66,2022-01-07,2022-01-27,2022-03-01,7.71
545eb9bff0244eaf96a07bd32d751616,22A,545eb9bff0244eaf96a07bd32d751616-22A-D,D,DAP 1Kg/Are at planting+ Urea 1Kg/Are at V6,Urea 1kg/Are(V6),Maize,,2021-10-11,6,Well_decomposed,MV_403,25,100,0,2021-11-11,93,2021-11-19,104,,0,104,66,2022-01-07,2022-01-27,2022-03-01,9.03
5ed67b576b584276b9fae3bde7ccb663,22A,5ed67b576b584276b9fae3bde7ccb663-22A-A,A,DAP 1Kg/Are + Urea 0.5Kg/Are at V6,Urea 0.5Kg/Are(V6),Maize,,2021-10-06,6,Well_decomposed,MV_403,25,104,0,2021-11-04,94,2021-11-11,52,,0,52,43,2021-12-24,2022-01-19,2022-02-23,7.24
5ed67b576b584276b9fae3bde7ccb663,22A,5ed67b576b584276b9fae3bde7ccb663-22A-B,B,DAP 1Kg/Are + Urea 0.5Kg/Are at Planting and Urea 0.5Kg/Are at V6,Urea1kg/Are(Planting+V6),Maize,,2021-10-06,6,Well_decomposed,MV_403,25,100,50,2021-11-04,93,2021-11-11,52,,0,102,65,2021-12-24,2022-01-19,2022-02-23,9.03
5ed67b576b584276b9fae3bde7ccb663,22A,5ed67b576b584276b9fae3bde7ccb663-22A-C,C,DAP 1Kg/Are + Urea 0.5Kg/Are at V6 + Urea 0.5Kg/Are at V10,Urea 1kg/Are(V6 + V10),Maize,,2021-10-06,6,Well_decomposed,MV_403,25,100,0,2021-11-04,92,2021-11-11,52,,52,104,66,2021-12-24,2022-01-19,2022-02-23,8.13
5ed67b576b584276b9fae3bde7ccb663,22A,5ed67b576b584276b9fae3bde7ccb663-22A-D,D,DAP 1Kg/Are at planting+ Urea 1Kg/Are at V6,Urea 1kg/Are(V6),Maize,,2021-10-06,6,Well_decomposed,MV_403,25,100,0,2021-11-04,90,2021-11-11,104,,0,104,66,2021-12-24,2022-01-19,2022-02-23,6.03
d5de89916bd940b09003afa6e3f10ed4,22A,d5de89916bd940b09003afa6e3f10ed4-22A-A,A,DAP 1Kg/Are + Urea 0.5Kg/Are at V6,Urea 0.5Kg/Are(V6),Maize,,2021-10-06,6,Well_decomposed,MV_403,24,99,0,2021-11-04,92,2021-11-11,50,,0,50,41,2021-12-24,2022-01-19,2022-02-23,6.58
d5de89916bd940b09003afa6e3f10ed4,22A,d5de89916bd940b09003afa6e3f10ed4-22A-B,B,DAP 1Kg/Are + Urea 0.5Kg/Are at Planting and Urea 0.5Kg/Are at V6,Urea1kg/Are(Planting+V6),Maize,,2021-10-06,6,Well_decomposed,MV_403,24,99,50,2021-11-04,90,2021-11-11,50,,0,99,63,2021-12-24,2022-01-19,2022-02-23,8.51
d5de89916bd940b09003afa6e3f10ed4,22A,d5de89916bd940b09003afa6e3f10ed4-22A-C,C,DAP 1Kg/Are + Urea 0.5Kg/Are at V6 + Urea 0.5Kg/Are at V10,Urea 1kg/Are(V6 + V10),Maize,,2021-10-06,6,Well_decomposed,MV_403,24,99,0,2021-11-04,93,2021-11-11,50,,50,99,63,2021-12-24,2022-01-19,2022-02-23,7.7
d5de89916bd940b09003afa6e3f10ed4,22A,d5de89916bd940b09003afa6e3f10ed4-22A-D,D,DAP 1Kg/Are at planting+ Urea 1Kg/Are at V6,Urea 1kg/Are(V6),Maize,,2021-10-06,6,Well_decomposed,MV_403,24,99,0,2021-11-04,91,2021-11-11,99,,0,99,63,2021-12-24,2022-01-19,2022-02-23,7.33
18a21bda63bf426cb73c9d87a59859ea,22A,18a21bda63bf426cb73c9d87a59859ea-22A-A,A,DAP 1Kg/Are + Urea 0.5Kg/Are at V6,Urea 0.5Kg/Are(V6),Maize,,2021-10-06,6,Well_decomposed,MV_403,25,100,0,2021-11-08,96,2021-11-11,52,,0,52,42,2021-12-24,2022-01-19,2022-02-23,7.24
18a21bda63bf426cb73c9d87a59859ea,22A,18a21bda63bf426cb73c9d87a59859ea-22A-B,B,DAP 1Kg/Are + Urea 0.5Kg/Are at Planting and Urea 0.5Kg/Are at V6,Urea1kg/Are(Planting+V6),Maize,,2021-10-06,6,Well_decomposed,MV_403,25,100,50,2021-11-08,98,2021-11-11,52,,0,102,65,2021-12-24,2022-01-20,2022-02-23,7.79
18a21bda63bf426cb73c9d87a59859ea,22A,18a21bda63bf426cb73c9d87a59859ea-22A-C,C,DAP 1Kg/Are + Urea 0.5Kg/Are at V6 + Urea 0.5Kg/Are at V10,Urea 1kg/Are(V6 + V10),Maize,,2021-10-06,6,Well_decomposed,MV_403,25,100,0,2021-11-08,98,2021-11-11,52,,52,104,66,2021-12-24,2022-01-19,2022-02-23,7.64
18a21bda63bf426cb73c9d87a59859ea,22A,18a21bda63bf426cb73c9d87a59859ea-22A-D,D,DAP 1Kg/Are at planting+ Urea 1Kg/Are at V6,Urea 1kg/Are(V6),Maize,,2021-10-06,5,Well_decomposed,MV_403,25,100,0,2021-11-08,97,2021-11-11,104,,0,104,66,2021-12-24,2022-01-19,2022-02-23,8.09
7305e14c50084f65a72d7105d9f63a6c,22A,7305e14c50084f65a72d7105d9f63a6c-22A-A,A,DAP 1Kg/Are + Urea 0.5Kg/Are at V6,Urea 0.5Kg/Are(V6),Maize,,2021-10-08,6,Well_decomposed,MV_403,25,100,0,2021-11-12,93,2021-11-18,52,,0,52,42,2022-01-05,2022-01-21,2022-03-03,8.45
7305e14c50084f65a72d7105d9f63a6c,22A,7305e14c50084f65a72d7105d9f63a6c-22A-B,B,DAP 1Kg/Are + Urea 0.5Kg/Are at Planting and Urea 0.5Kg/Are at V6,Urea1kg/Are(Planting+V6),Maize,,2021-10-08,6,Well_decomposed,MV_403,25,100,50,2021-11-12,90,2021-11-18,52,,0,102,65,2022-01-05,2022-01-21,2022-03-03,8.03
7305e14c50084f65a72d7105d9f63a6c,22A,7305e14c50084f65a72d7105d9f63a6c-22A-C,C,DAP 1Kg/Are + Urea 0.5Kg/Are at V6 + Urea 0.5Kg/Are at V10,Urea 1kg/Are(V6 + V10),Maize,,2021-10-08,6,Well_decomposed,MV_403,25,100,0,2021-11-12,92,2021-11-18,52,,52,104,66,2022-01-05,2022-01-21,2022-03-03,7.88
7305e14c50084f65a72d7105d9f63a6c,22A,7305e14c50084f65a72d7105d9f63a6c-22A-D,D,DAP 1Kg/Are at planting+ Urea 1Kg/Are at V6,Urea 1kg/Are(V6),Maize,,2021-10-08,6,Well_decomposed,MV_403,25,100,0,2021-11-12,91,2021-11-18,104,,0,104,66,2022-01-05,2022-01-21,2022-03-03,7.7
ca222dd7d0bb47a68cee3156877932c1,22A,ca222dd7d0bb47a68cee3156877932c1-22A-A,A,DAP 1Kg/Are + Urea 0.5Kg/Are at V6,Urea 0.5Kg/Are(V6),Maize,,2021-10-14,6,Well_decomposed,MV_403,25,100,0,2021-11-12,96,2021-11-19,52,,0,52,42,2022-01-07,2022-01-27,2022-03-08,7.22
ca222dd7d0bb47a68cee3156877932c1,22A,ca222dd7d0bb47a68cee3156877932c1-22A-B,B,DAP 1Kg/Are + Urea 0.5Kg/Are at Planting and Urea 0.5Kg/Are at V6,Urea1kg/Are(Planting+V6),Maize,,2021-10-14,6,Well_decomposed,MV_403,25,100,50,2021-11-12,86,2021-11-19,52,,0,102,65,2022-01-07,2022-01-27,2022-03-08,8.04
ca222dd7d0bb47a68cee3156877932c1,22A,ca222dd7d0bb47a68cee3156877932c1-22A-C,C,DAP 1Kg/Are + Urea 0.5Kg/Are at V6 + Urea 0.5Kg/Are at V10,Urea 1kg/Are(V6 + V10),Maize,,2021-10-14,6,Well_decomposed,MV_403,25,100,0,2021-11-12,93,2021-11-19,52,,52,104,66,2022-01-07,2022-01-27,2022-03-08,7.87
ca222dd7d0bb47a68cee3156877932c1,22A,ca222dd7d0bb47a68cee3156877932c1-22A-D,D,DAP 1Kg/Are at planting+ Urea 1Kg/Are at V6,Urea 1kg/Are(V6),Maize,,2021-10-14,6,Well_decomposed,MV_403,25,100,0,2021-11-12,95,2021-11-19,104,,0,104,66,2022-01-07,2022-01-27,2022-03-08,8.91
da8b84ff2b7a461e825d69f4a7a18444,22A,da8b84ff2b7a461e825d69f4a7a18444-22A-A,A,DAP 1Kg/Are + Urea 0.5Kg/Are at V6,Urea 0.5Kg/Are(V6),Maize,,2021-10-11,6,Well_decomposed,MV_403,25,100,0,2021-11-12,96,2021-11-18,52,,0,52,42,2022-01-04,2022-01-19,2022-02-24,7.95
da8b84ff2b7a461e825d69f4a7a18444,22A,da8b84ff2b7a461e825d69f4a7a18444-22A-B,B,DAP 1Kg/Are + Urea 0.5Kg/Are at Planting and Urea 0.5Kg/Are at V6,Urea1kg/Are(Planting+V6),Maize,,2021-10-11,6,Well_decomposed,MV_403,25,100,50,2021-11-12,96,2021-11-18,52,,0,102,65,2022-01-04,2022-01-19,2022-02-24,9.77
da8b84ff2b7a461e825d69f4a7a18444,22A,da8b84ff2b7a461e825d69f4a7a18444-22A-C,C,DAP 1Kg/Are + Urea 0.5Kg/Are at V6 + Urea 0.5Kg/Are at V10,Urea 1kg/Are(V6 + V10),Maize,,2021-10-11,6,Well_decomposed,MV_403,25,100,0,2021-11-12,89,2021-11-18,52,,52,104,66,2022-01-04,2022-01-19,2022-02-24,7.68
da8b84ff2b7a461e825d69f4a7a18444,22A,da8b84ff2b7a461e825d69f4a7a18444-22A-D,D,DAP 1Kg/Are at planting+ Urea 1Kg/Are at V6,Urea 1kg/Are(V6),Maize,,2021-10-11,6,Well_decomposed,MV_403,25,100,0,2021-11-12,95,2021-11-18,104,,0,104,66,2022-01-04,2022-01-19,2022-02-24,8.18
2e3fa23d95344d93b868e98605430d8d,22A,2e3fa23d95344d93b868e98605430d8d-22A-A,A,DAP 1Kg/Are + Urea 0.5Kg/Are at V6,Urea 0.5Kg/Are(V6),Maize,,2021-10-08,6,Well_decomposed,MV_403,25,104,0,2021-11-08,95,2021-11-12,52,,0,52,43,2021-12-24,2022-01-19,2022-03-01,8.24
2e3fa23d95344d93b868e98605430d8d,22A,2e3fa23d95344d93b868e98605430d8d-22A-B,B,DAP 1Kg/Are + Urea 0.5Kg/Are at Planting and Urea 0.5Kg/Are at V6,Urea1kg/Are(Planting+V6),Maize,,2021-10-08,6,Well_decomposed,MV_403,25,104,52,2021-11-08,91,2021-11-12,52,,0,104,67,2021-12-24,2022-01-19,2022-03-01,10.05
2e3fa23d95344d93b868e98605430d8d,22A,2e3fa23d95344d93b868e98605430d8d-22A-C,C,DAP 1Kg/Are + Urea 0.5Kg/Are at V6 + Urea 0.5Kg/Are at V10,Urea 1kg/Are(V6 + V10),Maize,,2021-10-08,6,Well_decomposed,MV_403,25,104,0,2021-11-08,94,2021-11-12,52,,52,104,67,2021-12-24,2022-01-19,2022-03-01,9.59
2e3fa23d95344d93b868e98605430d8d,22A,2e3fa23d95344d93b868e98605430d8d-22A-D,D,DAP 1Kg/Are at planting+ Urea 1Kg/Are at V6,Urea 1kg/Are(V6),Maize,,2021-10-08,6,Well_decomposed,MV_403,25,104,0,2021-11-08,98,2021-11-12,104,,0,104,67,2021-12-24,2022-01-19,2022-03-01,10.9
62ad395b933948538106fee1ee11924c,22A,62ad395b933948538106fee1ee11924c-22A-A,A,DAP 1Kg/Are + Urea 0.5Kg/Are at V6,Urea 0.5Kg/Are(V6),Maize,,2021-10-14,6,Well_decomposed,MV_403,24,99,0,2021-11-12,96,2021-11-22,50,,0,50,41,2022-01-05,2022-01-27,2022-03-01,8.57
62ad395b933948538106fee1ee11924c,22A,62ad395b933948538106fee1ee11924c-22A-B,B,DAP 1Kg/Are + Urea 0.5Kg/Are at Planting and Urea 0.5Kg/Are at V6,Urea1kg/Are(Planting+V6),Maize,,2021-10-14,6,Well_decomposed,MV_403,24,99,50,2021-11-12,95,2021-11-22,50,,0,99,63,2022-01-05,2022-01-27,2022-03-01,8.07
62ad395b933948538106fee1ee11924c,22A,62ad395b933948538106fee1ee11924c-22A-C,C,DAP 1Kg/Are + Urea 0.5Kg/Are at V6 + Urea 0.5Kg/Are at V10,Urea 1kg/Are(V6 + V10),Maize,,2021-10-14,6,Well_decomposed,MV_403,24,99,0,2021-11-12,94,2021-11-22,50,,50,99,63,2022-01-05,2022-01-27,2022-03-01,6.8
62ad395b933948538106fee1ee11924c,22A,62ad395b933948538106fee1ee11924c-22A-D,D,DAP 1Kg/Are at planting+ Urea 1Kg/Are at V6,Urea 1kg/Are(V6),Maize,,2021-10-14,6,Well_decomposed,MV_403,24,99,0,2021-11-12,97,2021-11-22,99,,0,99,63,2022-01-05,2022-01-27,2022-03-01,9.66
372995c5aa9b4c4294e70e1df38f4cb2,22A,372995c5aa9b4c4294e70e1df38f4cb2-22A-A,A,DAP 1Kg/Are + Urea 0.5Kg/Are at V6,Urea 0.5Kg/Are(V6),Maize,,2021-10-13,8,Well_decomposed,MV_403,25,100,0,2021-11-11,97,2021-11-23,52,,0,52,42,2022-01-07,2022-01-27,2022-03-02,8.97
372995c5aa9b4c4294e70e1df38f4cb2,22A,372995c5aa9b4c4294e70e1df38f4cb2-22A-B,B,DAP 1Kg/Are + Urea 0.5Kg/Are at Planting and Urea 0.5Kg/Are at V6,Urea1kg/Are(Planting+V6),Maize,,2021-10-13,8,Well_decomposed,MV_403,25,100,50,2021-11-11,94,2021-11-23,52,,0,102,65,2022-01-07,2022-01-27,2022-03-02,9.01
372995c5aa9b4c4294e70e1df38f4cb2,22A,372995c5aa9b4c4294e70e1df38f4cb2-22A-C,C,DAP 1Kg/Are + Urea 0.5Kg/Are at V6 + Urea 0.5Kg/Are at V10,Urea 1kg/Are(V6 + V10),Maize,,2021-10-13,8,Well_decomposed,MV_403,25,100,0,2021-11-11,100,2021-11-23,52,,52,104,66,2022-01-07,2022-01-27,2022-03-02,9.02
372995c5aa9b4c4294e70e1df38f4cb2,22A,372995c5aa9b4c4294e70e1df38f4cb2-22A-D,D,DAP 1Kg/Are at planting+ Urea 1Kg/Are at V6,Urea 1kg/Are(V6),Maize,,2021-10-13,8,Well_decomposed,MV_403,25,100,0,2021-11-11,100,2021-11-23,104,,0,104,66,2022-01-07,2022-01-27,2022-03-02,10.26
d84a28c9-dba1-4999-ac60-a4771c9d450a,22A,d84a28c9-dba1-4999-ac60-a4771c9d450a-22A-A,A,DAP 1Kg/Are + Urea 0.5Kg/Are at V6,Urea 0.5Kg/Are(V6),Maize,Beans,2021-08-25,13,average,MV_605,32,100,0,2021-10-04,67,2021-10-28,50,,0,50,41,2021-12-27,2022-01-19,2022-03-09,4.97
d84a28c9-dba1-4999-ac60-a4771c9d450a,22A,d84a28c9-dba1-4999-ac60-a4771c9d450a-22A-B,B,DAP 1Kg/Are + Urea 0.5Kg/Are at Planting and Urea 0.5Kg/Are at V6,Urea1kg/Are(Planting+V6),Maize,Beans,2021-08-25,13,average,MV_605,33,100,50,2021-10-04,74,2021-10-28,50,,0,100,64,2021-12-27,2022-01-19,2022-03-09,6.58
d84a28c9-dba1-4999-ac60-a4771c9d450a,22A,d84a28c9-dba1-4999-ac60-a4771c9d450a-22A-C,C,DAP 1Kg/Are + Urea 0.5Kg/Are at V6 + Urea 0.5Kg/Are at V10,Urea 1kg/Are(V6 + V10),Maize,Beans,2021-08-25,13,average,MV_605,31,100,0,2021-10-04,84,2021-10-28,50,2021-11-23,50,100,64,2021-12-20,2022-01-19,2022-03-09,8.23
d84a28c9-dba1-4999-ac60-a4771c9d450a,22A,d84a28c9-dba1-4999-ac60-a4771c9d450a-22A-D,D,DAP 1Kg/Are at planting+ Urea 1Kg/Are at V6,Urea 1kg/Are(V6),Maize,Beans,2021-08-25,13,average,MV_605,32,100,0,2021-10-04,75,2021-10-28,100,,0,100,64,2021-12-20,2022-01-19,2022-03-09,6.39
703037c0-b26b-4211-82de-5c0cdd41624e,22A,703037c0-b26b-4211-82de-5c0cdd41624e-22A-A,A,DAP 1Kg/Are + Urea 0.5Kg/Are at V6,Urea 0.5Kg/Are(V6),Maize,Beans,2021-08-25,7,average,MV_605,31,100,0,2021-10-04,70,2021-10-26,50,,0,50,41,2021-12-25,2022-01-19,2022-02-25,3.91
703037c0-b26b-4211-82de-5c0cdd41624e,22A,703037c0-b26b-4211-82de-5c0cdd41624e-22A-B,B,DAP 1Kg/Are + Urea 0.5Kg/Are at Planting and Urea 0.5Kg/Are at V6,Urea1kg/Are(Planting+V6),Maize,Beans,2021-08-25,7,Well_decomposed,MV_605,31,100,50,2021-10-04,68,2021-10-26,50,,0,100,64,2021-12-16,2022-01-19,2022-02-25,5.46
703037c0-b26b-4211-82de-5c0cdd41624e,22A,703037c0-b26b-4211-82de-5c0cdd41624e-22A-C,C,DAP 1Kg/Are + Urea 0.5Kg/Are at V6 + Urea 0.5Kg/Are at V10,Urea 1kg/Are(V6 + V10),Maize,Beans,2021-08-25,7,Well_decomposed,MV_605,31,100,0,2021-10-04,81,2021-10-26,50,2021-11-25,50,100,64,2021-12-16,2022-01-19,2022-02-25,5.97
703037c0-b26b-4211-82de-5c0cdd41624e,22A,703037c0-b26b-4211-82de-5c0cdd41624e-22A-D,D,DAP 1Kg/Are at planting+ Urea 1Kg/Are at V6,Urea 1kg/Are(V6),Maize,Beans,2021-08-25,7,Well_decomposed,MV_605,31,100,0,2021-10-04,73,2021-10-26,100,,0,100,64,2021-12-25,2022-01-19,2022-02-25,5.85
8330dae5-352b-4729-9dc9-3a21c6596b20,22A,8330dae5-352b-4729-9dc9-3a21c6596b20-22A-A,A,DAP 1Kg/Are + Urea 0.5Kg/Are at V6,Urea 0.5Kg/Are(V6),Maize,Beans,2021-08-28,10,Well_decomposed,MV_605,31,100,0,2021-10-04,89,2021-10-28,50,,0,50,41,2021-12-27,2022-01-19,2022-03-09,6.45
8330dae5-352b-4729-9dc9-3a21c6596b20,22A,8330dae5-352b-4729-9dc9-3a21c6596b20-22A-C,C,DAP 1Kg/Are + Urea 0.5Kg/Are at V6 + Urea 0.5Kg/Are at V10,Urea 1kg/Are(V6 + V10),Maize,Beans,2021-08-28,10,Well_decomposed,MV_605,31,100,0,2021-10-04,82,2021-10-28,50,2021-11-23,50,100,64,2021-12-20,2022-01-19,2022-03-09,8.97
8330dae5-352b-4729-9dc9-3a21c6596b20,22A,8330dae5-352b-4729-9dc9-3a21c6596b20-22A-D,D,DAP 1Kg/Are at planting+ Urea 1Kg/Are at V6,Urea 1kg/Are(V6),Maize,Beans,2021-08-28,10,Well_decomposed,MV_605,32,100,0,2021-10-04,85,2021-10-28,100,,0,100,64,2021-12-20,2022-01-19,2022-03-09,7.08
5aca2281-f735-4cfe-be6f-14279b948ae6,22A,5aca2281-f735-4cfe-be6f-14279b948ae6-22A-A,A,DAP 1Kg/Are + Urea 0.5Kg/Are at V6,Urea 0.5Kg/Are(V6),Maize,Beans,2021-08-30,8,average,MV_605,31,100,0,2021-10-04,78,2021-11-01,50,,0,50,41,2021-12-27,2022-01-19,2022-03-07,5.91
5aca2281-f735-4cfe-be6f-14279b948ae6,22A,5aca2281-f735-4cfe-be6f-14279b948ae6-22A-B,B,DAP 1Kg/Are + Urea 0.5Kg/Are at Planting and Urea 0.5Kg/Are at V6,Urea1kg/Are(Planting+V6),Maize,Beans,2021-08-30,8,average,MV_605,30,100,50,2021-10-04,44,2021-11-01,50,,0,100,64,2021-12-27,2022-01-19,2022-03-07,4.3
5aca2281-f735-4cfe-be6f-14279b948ae6,22A,5aca2281-f735-4cfe-be6f-14279b948ae6-22A-C,C,DAP 1Kg/Are + Urea 0.5Kg/Are at V6 + Urea 0.5Kg/Are at V10,Urea 1kg/Are(V6 + V10),Maize,Beans,2021-08-30,8,average,MV_605,31,100,0,2021-10-04,82,2021-11-01,50,2021-11-29,50,100,64,2021-12-27,2022-01-19,2022-03-07,4.95
5aca2281-f735-4cfe-be6f-14279b948ae6,22A,5aca2281-f735-4cfe-be6f-14279b948ae6-22A-D,D,DAP 1Kg/Are at planting+ Urea 1Kg/Are at V6,Urea 1kg/Are(V6),Maize,Beans,2021-08-30,8,average,MV_605,31,100,0,2021-10-04,79,2021-11-01,100,,0,100,64,2021-12-27,2022-01-19,2022-03-07,4.98
bc676540-ccb4-4ac8-a487-a3356f73d9b5,22A,bc676540-ccb4-4ac8-a487-a3356f73d9b5-22A-A,A,DAP 1Kg/Are + Urea 0.5Kg/Are at V6,Urea 0.5Kg/Are(V6),Maize,shaza,2021-08-30,4,average,MV_605,30,100,0,2021-10-09,67,2021-11-05,50,,0,50,41,2021-12-31,2022-01-27,2022-03-11,4.84
bc676540-ccb4-4ac8-a487-a3356f73d9b5,22A,bc676540-ccb4-4ac8-a487-a3356f73d9b5-22A-B,B,DAP 1Kg/Are + Urea 0.5Kg/Are at Planting and Urea 0.5Kg/Are at V6,Urea1kg/Are(Planting+V6),Maize,shaza,2021-08-30,4,average,MV_605,31,100,50,2021-10-09,68,2021-11-05,50,,0,100,64,2022-01-05,2022-01-27,2022-03-11,3.84
bc676540-ccb4-4ac8-a487-a3356f73d9b5,22A,bc676540-ccb4-4ac8-a487-a3356f73d9b5-22A-C,C,DAP 1Kg/Are + Urea 0.5Kg/Are at V6 + Urea 0.5Kg/Are at V10,Urea 1kg/Are(V6 + V10),Maize,shaza,2021-08-30,4,average,MV_605,30,100,0,2021-10-09,61,2021-11-05,50,2021-12-01,50,100,64,2022-01-05,2022-01-27,2022-03-11,4.67
bc676540-ccb4-4ac8-a487-a3356f73d9b5,22A,bc676540-ccb4-4ac8-a487-a3356f73d9b5-22A-D,D,DAP 1Kg/Are at planting+ Urea 1Kg/Are at V6,Urea 1kg/Are(V6),Maize,shaza,2021-08-30,4,average,MV_605,32,100,0,2021-10-09,65,2021-11-05,100,,0,100,64,2021-12-31,2022-01-27,2022-03-11,3.79
ddbbfb71-ce87-4f86-8f11-9aba5a50716c,22A,ddbbfb71-ce87-4f86-8f11-9aba5a50716c-22A-A,A,DAP 1Kg/Are + Urea 0.5Kg/Are at V6,Urea 0.5Kg/Are(V6),Maize,Beans,2021-09-01,7,average,MV_605,32,100,0,2021-10-07,86,2021-11-01,50,,0,50,41,2021-12-31,2022-01-19,2022-02-25,2.94
ddbbfb71-ce87-4f86-8f11-9aba5a50716c,22A,ddbbfb71-ce87-4f86-8f11-9aba5a50716c-22A-B,B,DAP 1Kg/Are + Urea 0.5Kg/Are at Planting and Urea 0.5Kg/Are at V6,Urea1kg/Are(Planting+V6),Maize,Beans,2021-09-01,7,average,MV_605,31,100,50,2021-10-07,66,2021-11-01,50,,0,100,64,2021-12-31,2022-01-19,2022-02-25,4.68
ddbbfb71-ce87-4f86-8f11-9aba5a50716c,22A,ddbbfb71-ce87-4f86-8f11-9aba5a50716c-22A-C,C,DAP 1Kg/Are + Urea 0.5Kg/Are at V6 + Urea 0.5Kg/Are at V10,Urea 1kg/Are(V6 + V10),Maize,Beans,2021-09-01,7,average,MV_605,31,100,0,2021-10-07,87,2021-11-01,50,2021-11-29,50,100,64,2021-12-31,2022-01-19,2022-02-25,4.94
ddbbfb71-ce87-4f86-8f11-9aba5a50716c,22A,ddbbfb71-ce87-4f86-8f11-9aba5a50716c-22A-D,D,DAP 1Kg/Are at planting+ Urea 1Kg/Are at V6,Urea 1kg/Are(V6),Maize,Beans,2021-09-01,7,average,MV_605,31,100,0,2021-10-07,87,2021-11-01,100,,0,100,64,2021-12-31,2022-01-19,2022-02-25,5.18
603d469b-e3b9-4ece-85cd-fb89112ef1f3,22A,603d469b-e3b9-4ece-85cd-fb89112ef1f3-22A-A,A,DAP 1Kg/Are + Urea 0.5Kg/Are at V6,Urea 0.5Kg/Are(V6),Maize,shaza,2021-09-04,6,poorly_decomposed,MV_605,29,100,0,2021-10-09,76,2021-11-05,50,,0,50,41,2022-01-05,2022-01-27,2022-03-12,4.44
603d469b-e3b9-4ece-85cd-fb89112ef1f3,22A,603d469b-e3b9-4ece-85cd-fb89112ef1f3-22A-B,B,DAP 1Kg/Are + Urea 0.5Kg/Are at Planting and Urea 0.5Kg/Are at V6,Urea1kg/Are(Planting+V6),Maize,shaza,2021-09-04,6,poorly_decomposed,MV_605,31,100,50,2021-10-09,81,2021-11-05,50,,0,100,64,2022-01-23,2022-02-11,2022-03-12,2.27
603d469b-e3b9-4ece-85cd-fb89112ef1f3,22A,603d469b-e3b9-4ece-85cd-fb89112ef1f3-22A-C,C,DAP 1Kg/Are + Urea 0.5Kg/Are at V6 + Urea 0.5Kg/Are at V10,Urea 1kg/Are(V6 + V10),Maize,shaza,2021-09-04,6,poorly_decomposed,MV_605,31,100,0,2021-10-09,67,2021-11-05,50,2021-12-01,50,100,64,2021-12-31,2022-01-27,2022-03-12,4.58
603d469b-e3b9-4ece-85cd-fb89112ef1f3,22A,603d469b-e3b9-4ece-85cd-fb89112ef1f3-22A-D,D,DAP 1Kg/Are at planting+ Urea 1Kg/Are at V6,Urea 1kg/Are(V6),Maize,shaza,2021-09-04,6,poorly_decomposed,MV_605,30,100,0,2021-10-09,71,2021-11-05,100,,0,100,64,2022-01-05,2022-01-27,2022-03-12,4.74
c7915007-9dcc-4aa1-ae7f-488e9452d57f,22A,c7915007-9dcc-4aa1-ae7f-488e9452d57f-22A-A,A,DAP 1Kg/Are + Urea 0.5Kg/Are at V6,Urea 0.5Kg/Are(V6),Maize,Beans,2021-09-07,4,poorly_decomposed,MV_605,31,100,0,2021-10-12,65,2021-11-15,50,,0,50,41,2022-01-10,2022-02-02,2022-03-06,3.73
c7915007-9dcc-4aa1-ae7f-488e9452d57f,22A,c7915007-9dcc-4aa1-ae7f-488e9452d57f-22A-B,B,DAP 1Kg/Are + Urea 0.5Kg/Are at Planting and Urea 0.5Kg/Are at V6,Urea1kg/Are(Planting+V6),Maize,Beans,2021-09-07,4,poorly_decomposed,MV_605,31,100,50,2021-10-12,62,2021-11-15,50,,0,100,64,2022-01-05,2022-02-02,2022-03-06,4.5
c7915007-9dcc-4aa1-ae7f-488e9452d57f,22A,c7915007-9dcc-4aa1-ae7f-488e9452d57f-22A-C,C,DAP 1Kg/Are + Urea 0.5Kg/Are at V6 + Urea 0.5Kg/Are at V10,Urea 1kg/Are(V6 + V10),Maize,Beans,2021-09-07,4,poorly_decomposed,MV_605,31,100,0,2021-10-12,70,2021-11-15,50,2021-12-06,50,100,64,2022-01-05,2022-02-02,2022-03-06,4.67
c7915007-9dcc-4aa1-ae7f-488e9452d57f,22A,c7915007-9dcc-4aa1-ae7f-488e9452d57f-22A-D,D,DAP 1Kg/Are at planting+ Urea 1Kg/Are at V6,Urea 1kg/Are(V6),Maize,Beans,2021-09-07,4,poorly_decomposed,MV_605,30,100,0,2021-10-12,62,2021-11-15,100,,0,100,64,2022-01-10,2022-02-02,2022-03-06,3.77
d6154f20-6d74-4a0f-81e6-a388b80bc696,22A,d6154f20-6d74-4a0f-81e6-a388b80bc696-22A-A,A,DAP 1Kg/Are + Urea 0.5Kg/Are at V6,Urea 0.5Kg/Are(V6),Maize,Beans,2021-09-07,7,average,MV_605,29,100,0,2021-10-07,73,2021-11-03,50,,0,50,41,2022-01-05,2022-01-25,2022-03-03,5.26
d6154f20-6d74-4a0f-81e6-a388b80bc696,22A,d6154f20-6d74-4a0f-81e6-a388b80bc696-22A-B,B,DAP 1Kg/Are + Urea 0.5Kg/Are at Planting and Urea 0.5Kg/Are at V6,Urea1kg/Are(Planting+V6),Maize,Beans,2021-09-07,7,average,MV_605,30,100,50,2021-10-07,72,2021-11-03,50,,0,100,64,2022-01-05,2022-01-25,2022-03-03,3.9
d6154f20-6d74-4a0f-81e6-a388b80bc696,22A,d6154f20-6d74-4a0f-81e6-a388b80bc696-22A-C,C,DAP 1Kg/Are + Urea 0.5Kg/Are at V6 + Urea 0.5Kg/Are at V10,Urea 1kg/Are(V6 + V10),Maize,Beans,2021-09-07,7,average,MV_605,30,100,0,2021-10-07,88,2021-11-03,50,2021-11-29,50,100,64,2021-12-31,2022-01-25,2022-03-03,5.75
d6154f20-6d74-4a0f-81e6-a388b80bc696,22A,d6154f20-6d74-4a0f-81e6-a388b80bc696-22A-D,D,DAP 1Kg/Are at planting+ Urea 1Kg/Are at V6,Urea 1kg/Are(V6),Maize,Beans,2021-09-07,7,average,MV_605,30,100,0,2021-10-07,85,2021-11-03,100,,0,100,64,2021-12-31,2022-01-25,2022-03-03,8.29
1bffe607-8007-41c4-8e5e-3ed8cf4283e6,22A,1bffe607-8007-41c4-8e5e-3ed8cf4283e6-22A-A,A,DAP 1Kg/Are + Urea 0.5Kg/Are at V6,Urea 0.5Kg/Are(V6),Maize,Beans,2021-09-10,11,Well_decomposed,MV_605,31,100,0,2021-10-12,78,2021-11-05,50,,0,50,41,2021-12-31,2022-01-27,2022-03-07,5.87
1bffe607-8007-41c4-8e5e-3ed8cf4283e6,22A,1bffe607-8007-41c4-8e5e-3ed8cf4283e6-22A-B,B,DAP 1Kg/Are + Urea 0.5Kg/Are at Planting and Urea 0.5Kg/Are at V6,Urea1kg/Are(Planting+V6),Maize,Beans,2021-09-10,11,Well_decomposed,MV_605,30,100,50,2021-10-12,88,2021-11-05,50,,0,100,64,2021-12-31,2022-01-27,2022-03-07,7.94
1bffe607-8007-41c4-8e5e-3ed8cf4283e6,22A,1bffe607-8007-41c4-8e5e-3ed8cf4283e6-22A-C,C,DAP 1Kg/Are + Urea 0.5Kg/Are at V6 + Urea 0.5Kg/Are at V10,Urea 1kg/Are(V6 + V10),Maize,Beans,2021-09-10,11,Well_decomposed,MV_605,31,100,0,2021-10-12,69,2021-11-05,50,2021-11-29,50,100,64,2022-01-07,2022-01-27,2022-03-07,7.44
1bffe607-8007-41c4-8e5e-3ed8cf4283e6,22A,1bffe607-8007-41c4-8e5e-3ed8cf4283e6-22A-D,D,DAP 1Kg/Are at planting+ Urea 1Kg/Are at V6,Urea 1kg/Are(V6),Maize,Beans,2021-09-10,11,Well_decomposed,MV_605,31,100,0,2021-10-12,71,2021-11-05,100,,0,100,64,2021-12-31,2022-01-27,2022-03-07,6.74
fb0e60cb-5034-4d27-964e-69141e5735ff,22A,fb0e60cb-5034-4d27-964e-69141e5735ff-22A-A,A,DAP 1Kg/Are + Urea 0.5Kg/Are at V6,Urea 0.5Kg/Are(V6),Maize,sweet_potato,2021-09-11,9,Well_decomposed,MV_605,31,100,0,2021-10-12,78,2021-11-17,50,,0,50,41,2022-01-18,2022-02-02,2022-03-18,4.01
fb0e60cb-5034-4d27-964e-69141e5735ff,22A,fb0e60cb-5034-4d27-964e-69141e5735ff-22A-B,B,DAP 1Kg/Are + Urea 0.5Kg/Are at Planting and Urea 0.5Kg/Are at V6,Urea1kg/Are(Planting+V6),Maize,sweet_potato,2021-09-11,9,Well_decomposed,MV_605,31,100,50,2021-10-12,74,2021-11-17,50,,0,100,64,2022-01-18,2022-02-02,2022-03-18,4.32
fb0e60cb-5034-4d27-964e-69141e5735ff,22A,fb0e60cb-5034-4d27-964e-69141e5735ff-22A-C,C,DAP 1Kg/Are + Urea 0.5Kg/Are at V6 + Urea 0.5Kg/Are at V10,Urea 1kg/Are(V6 + V10),Maize,sweet_potato,2021-09-11,9,Well_decomposed,MV_605,31,100,0,2021-10-12,79,2021-11-17,50,2021-12-10,50,100,64,2022-01-18,2022-02-02,2022-03-18,3.23
fb0e60cb-5034-4d27-964e-69141e5735ff,22A,fb0e60cb-5034-4d27-964e-69141e5735ff-22A-D,D,DAP 1Kg/Are at planting+ Urea 1Kg/Are at V6,Urea 1kg/Are(V6),Maize,sweet_potato,2021-09-11,9,Well_decomposed,MV_605,31,100,0,2021-10-12,73,2021-11-17,100,,0,100,64,2022-01-18,2022-02-02,2022-03-18,5.76
f9d239cb-e69a-4d78-b039-a79dfb6fde2c,22A,f9d239cb-e69a-4d78-b039-a79dfb6fde2c-22A-A,A,DAP 1Kg/Are + Urea 0.5Kg/Are at V6,Urea 0.5Kg/Are(V6),Maize,sweet_potato,2021-09-16,11,Well_decomposed,MV_605,31,98,0,2021-10-12,64,2021-11-17,49,,0,49,40,2022-01-12,2022-02-02,2022-03-07,4.62
f9d239cb-e69a-4d78-b039-a79dfb6fde2c,22A,f9d239cb-e69a-4d78-b039-a79dfb6fde2c-22A-B,B,DAP 1Kg/Are + Urea 0.5Kg/Are at Planting and Urea 0.5Kg/Are at V6,Urea1kg/Are(Planting+V6),Maize,sweet_potato,2021-09-16,11,Well_decomposed,MV_605,31,98,49,2021-10-11,65,2021-11-17,49,,0,98,63,2022-01-12,2022-02-02,2022-03-07,4.21
f9d239cb-e69a-4d78-b039-a79dfb6fde2c,22A,f9d239cb-e69a-4d78-b039-a79dfb6fde2c-22A-C,C,DAP 1Kg/Are + Urea 0.5Kg/Are at V6 + Urea 0.5Kg/Are at V10,Urea 1kg/Are(V6 + V10),Maize,sweet_potato,2021-09-16,11,Well_decomposed,MV_605,30,98,0,2021-10-12,63,2021-11-17,49,2021-12-10,49,98,63,2022-01-12,2022-02-02,2022-03-07,6.74
f9d239cb-e69a-4d78-b039-a79dfb6fde2c,22A,f9d239cb-e69a-4d78-b039-a79dfb6fde2c-22A-D,D,DAP 1Kg/Are at planting+ Urea 1Kg/Are at V6,Urea 1kg/Are(V6),Maize,sweet_potato,2021-09-16,11,Well_decomposed,MV_605,31,98,0,2021-10-12,71,2021-11-17,98,,0,98,63,2022-01-05,2022-02-02,2022-03-07,6.95
da075a27-015b-4f37-b04d-976157085793,22A,da075a27-015b-4f37-b04d-976157085793-22A-A,A,DAP 1Kg/Are + Urea 0.5Kg/Are at V6,Urea 0.5Kg/Are(V6),Maize,Beans,2021-09-20,13,average,MV_605,31,100,0,2021-10-14,73,2021-11-19,50,,0,50,41,2022-01-27,2022-02-11,2022-03-30,7.38
da075a27-015b-4f37-b04d-976157085793,22A,da075a27-015b-4f37-b04d-976157085793-22A-B,B,DAP 1Kg/Are + Urea 0.5Kg/Are at Planting and Urea 0.5Kg/Are at V6,Urea1kg/Are(Planting+V6),Maize,Beans,2021-09-20,13,average,MV_605,30,100,50,2021-10-14,63,2021-11-19,50,,0,100,64,2022-01-27,2022-02-11,2022-03-30,5.7
da075a27-015b-4f37-b04d-976157085793,22A,da075a27-015b-4f37-b04d-976157085793-22A-C,C,DAP 1Kg/Are + Urea 0.5Kg/Are at V6 + Urea 0.5Kg/Are at V10,Urea 1kg/Are(V6 + V10),Maize,Beans,2021-09-20,13,average,MV_605,32,100,0,2021-10-14,86,2021-11-19,50,2021-12-14,50,100,64,2022-01-27,2022-02-11,2022-03-30,6.43
da075a27-015b-4f37-b04d-976157085793,22A,da075a27-015b-4f37-b04d-976157085793-22A-D,D,DAP 1Kg/Are at planting+ Urea 1Kg/Are at V6,Urea 1kg/Are(V6),Maize,Beans,2021-09-20,13,average,MV_605,31,100,0,2021-10-14,81,2021-11-19,100,,0,100,64,2022-01-27,2022-02-11,2022-03-30,6.86
77adcd06-570d-4eda-896b-59ed89f1a8c2,22A,77adcd06-570d-4eda-896b-59ed89f1a8c2-22A-A,A,DAP 1Kg/Are + Urea 0.5Kg/Are at V6,Urea 0.5Kg/Are(V6),Maize,irish_potato,2021-09-01,13,average,MV_605,29,100,0,2021-10-07,73,2021-10-28,50,,0,50,41,2021-12-24,2022-01-19,2022-03-03,7.52
77adcd06-570d-4eda-896b-59ed89f1a8c2,22A,77adcd06-570d-4eda-896b-59ed89f1a8c2-22A-B,B,DAP 1Kg/Are + Urea 0.5Kg/Are at Planting and Urea 0.5Kg/Are at V6,Urea1kg/Are(Planting+V6),Maize,irish_potato,2021-09-01,13,average,MV_605,32,100,50,2021-10-07,47,2021-10-28,50,,0,100,64,2021-12-24,2022-01-19,2022-03-03,6.17
77adcd06-570d-4eda-896b-59ed89f1a8c2,22A,77adcd06-570d-4eda-896b-59ed89f1a8c2-22A-C,C,DAP 1Kg/Are + Urea 0.5Kg/Are at V6 + Urea 0.5Kg/Are at V10,Urea 1kg/Are(V6 + V10),Maize,irish_potato,2021-09-01,13,average,MV_605,39,100,0,2021-10-07,51,2021-10-28,50,2021-11-30,50,100,64,2021-12-24,2022-01-19,2022-03-03,6.34
77adcd06-570d-4eda-896b-59ed89f1a8c2,22A,77adcd06-570d-4eda-896b-59ed89f1a8c2-22A-D,D,DAP 1Kg/Are at planting+ Urea 1Kg/Are at V6,Urea 1kg/Are(V6),Maize,irish_potato,2021-09-01,13,average,MV_605,40,100,0,2021-10-07,58,2021-10-28,100,,0,100,64,2021-12-24,2022-01-19,2022-03-03,5.33
8e4e19d6-513b-4c04-9e54-24cc6c8ca9bc,22A,8e4e19d6-513b-4c04-9e54-24cc6c8ca9bc-22A-A,A,DAP 1Kg/Are + Urea 0.5Kg/Are at V6,Urea 0.5Kg/Are(V6),Maize,Beans,2021-09-04,10,average,MV_605,33,100,0,2021-09-29,60,2021-10-28,50,,0,50,41,2021-12-24,2022-01-23,2022-03-03,6.46
8e4e19d6-513b-4c04-9e54-24cc6c8ca9bc,22A,8e4e19d6-513b-4c04-9e54-24cc6c8ca9bc-22A-B,B,DAP 1Kg/Are + Urea 0.5Kg/Are at Planting and Urea 0.5Kg/Are at V6,Urea1kg/Are(Planting+V6),Maize,Beans,2021-09-04,10,average,MV_605,31,100,50,2021-09-29,62,2021-10-28,50,,0,100,64,2021-12-24,2022-01-23,2022-03-03,5.69
8e4e19d6-513b-4c04-9e54-24cc6c8ca9bc,22A,8e4e19d6-513b-4c04-9e54-24cc6c8ca9bc-22A-C,C,DAP 1Kg/Are + Urea 0.5Kg/Are at V6 + Urea 0.5Kg/Are at V10,Urea 1kg/Are(V6 + V10),Maize,Beans,2021-09-04,10,average,MV_605,32,100,0,2021-09-29,81,2021-10-28,50,2021-11-30,50,100,64,2021-12-24,2022-01-23,2022-03-03,4.42
8e4e19d6-513b-4c04-9e54-24cc6c8ca9bc,22A,8e4e19d6-513b-4c04-9e54-24cc6c8ca9bc-22A-D,D,DAP 1Kg/Are at planting+ Urea 1Kg/Are at V6,Urea 1kg/Are(V6),Maize,Beans,2021-09-04,10,average,MV_605,33,100,0,2021-09-29,62,2021-10-28,100,,0,100,64,2021-12-24,2022-01-23,2022-03-03,3.31
dcdf4b4e-305c-4884-b11b-29c7e058bf41,22A,dcdf4b4e-305c-4884-b11b-29c7e058bf41-22A-A,A,DAP 1Kg/Are + Urea 0.5Kg/Are at V6,Urea 0.5Kg/Are(V6),Maize,wheat,2021-09-06,8,poorly_decomposed,MV_605,35,100,0,2021-09-29,37,2021-11-04,50,,0,50,41,2022-01-06,2022-02-10,2022-03-08,1.53
dcdf4b4e-305c-4884-b11b-29c7e058bf41,22A,dcdf4b4e-305c-4884-b11b-29c7e058bf41-22A-B,B,DAP 1Kg/Are + Urea 0.5Kg/Are at Planting and Urea 0.5Kg/Are at V6,Urea1kg/Are(Planting+V6),Maize,wheat,2021-09-06,8,poorly_decomposed,MV_605,35,100,50,2021-09-29,20,2021-11-04,50,,0,100,64,2022-01-06,2022-02-10,2022-03-08,0.63
dcdf4b4e-305c-4884-b11b-29c7e058bf41,22A,dcdf4b4e-305c-4884-b11b-29c7e058bf41-22A-C,C,DAP 1Kg/Are + Urea 0.5Kg/Are at V6 + Urea 0.5Kg/Are at V10,Urea 1kg/Are(V6 + V10),Maize,wheat,2021-09-06,8,poorly_decomposed,MV_605,37,100,0,2021-09-29,31,2021-11-04,50,2021-12-13,50,100,64,2022-01-06,2022-02-10,2022-03-08,1.18
dcdf4b4e-305c-4884-b11b-29c7e058bf41,22A,dcdf4b4e-305c-4884-b11b-29c7e058bf41-22A-D,D,DAP 1Kg/Are at planting+ Urea 1Kg/Are at V6,Urea 1kg/Are(V6),Maize,wheat,2021-09-06,8,poorly_decomposed,MV_605,36,100,0,2021-09-29,68,2021-11-04,100,,0,100,64,2021-12-31,2022-02-03,2022-03-08,2.27
4bf038c2-7470-49a9-8501-e9720a1b516c,22A,4bf038c2-7470-49a9-8501-e9720a1b516c-22A-A,A,DAP 1Kg/Are + Urea 0.5Kg/Are at V6,Urea 0.5Kg/Are(V6),Maize,wheat,2021-09-06,10,average,MV_605,34,100,0,2021-09-29,83,2021-11-04,50,,0,50,41,2021-12-24,2022-01-27,2022-03-07,5.5
4bf038c2-7470-49a9-8501-e9720a1b516c,22A,4bf038c2-7470-49a9-8501-e9720a1b516c-22A-B,B,DAP 1Kg/Are + Urea 0.5Kg/Are at Planting and Urea 0.5Kg/Are at V6,Urea1kg/Are(Planting+V6),Maize,wheat,2021-09-06,10,average,MV_605,35,100,50,2021-09-29,40,2021-11-04,50,,0,100,64,2021-12-24,2022-01-27,2022-03-07,4.08
4bf038c2-7470-49a9-8501-e9720a1b516c,22A,4bf038c2-7470-49a9-8501-e9720a1b516c-22A-C,C,DAP 1Kg/Are + Urea 0.5Kg/Are at V6 + Urea 0.5Kg/Are at V10,Urea 1kg/Are(V6 + V10),Maize,wheat,2021-09-06,10,average,MV_605,32,100,0,2021-09-29,78,2021-11-04,50,2021-11-29,50,100,64,2021-12-24,2022-01-27,2022-03-07,6.67
4bf038c2-7470-49a9-8501-e9720a1b516c,22A,4bf038c2-7470-49a9-8501-e9720a1b516c-22A-D,D,DAP 1Kg/Are at planting+ Urea 1Kg/Are at V6,Urea 1kg/Are(V6),Maize,wheat,2021-09-06,10,average,MV_605,31,100,0,2021-09-29,71,2021-11-04,100,,0,100,64,2021-12-24,2022-01-27,2022-03-07,5.25
c8490c86-2486-4a08-a3a2-0f3a2cbb637f,22A,c8490c86-2486-4a08-a3a2-0f3a2cbb637f-22A-A,A,DAP 1Kg/Are + Urea 0.5Kg/Are at V6,Urea 0.5Kg/Are(V6),Maize,Beans,2021-09-07,17,average,MV_605,33,100,0,2021-09-29,91,2021-11-15,50,,0,50,41,2022-01-06,2022-02-03,2022-03-10,3.09
c8490c86-2486-4a08-a3a2-0f3a2cbb637f,22A,c8490c86-2486-4a08-a3a2-0f3a2cbb637f-22A-B,B,DAP 1Kg/Are + Urea 0.5Kg/Are at Planting and Urea 0.5Kg/Are at V6,Urea1kg/Are(Planting+V6),Maize,Beans,2021-09-07,17,average,MV_605,33,100,50,2021-09-29,53,2021-11-15,50,,0,100,64,2022-01-06,2022-02-03,2022-03-10,3.66
c8490c86-2486-4a08-a3a2-0f3a2cbb637f,22A,c8490c86-2486-4a08-a3a2-0f3a2cbb637f-22A-C,C,DAP 1Kg/Are + Urea 0.5Kg/Are at V6 + Urea 0.5Kg/Are at V10,Urea 1kg/Are(V6 + V10),Maize,Beans,2021-09-07,17,average,MV_605,32,100,0,2021-09-29,79,2021-11-15,50,2021-12-06,50,100,64,2022-01-06,2022-02-03,2022-03-10,3.09
c8490c86-2486-4a08-a3a2-0f3a2cbb637f,22A,c8490c86-2486-4a08-a3a2-0f3a2cbb637f-22A-D,D,DAP 1Kg/Are at planting+ Urea 1Kg/Are at V6,Urea 1kg/Are(V6),Maize,Beans,2021-09-07,17,average,MV_605,31,100,0,2021-09-29,83,2021-11-15,100,,0,100,64,2022-01-06,2022-02-03,2022-03-10,4.43
b4cdd7cb-77da-4a27-9861-5d857cbdae00,22A,b4cdd7cb-77da-4a27-9861-5d857cbdae00-22A-A,A,DAP 1Kg/Are + Urea 0.5Kg/Are at V6,Urea 0.5Kg/Are(V6),Maize,Beans,2021-09-13,11,average,MV_605,33,100,0,2021-10-22,84,2021-11-09,50,,0,50,41,2022-01-13,2022-02-03,2022-03-15,4.58
b4cdd7cb-77da-4a27-9861-5d857cbdae00,22A,b4cdd7cb-77da-4a27-9861-5d857cbdae00-22A-B,B,DAP 1Kg/Are + Urea 0.5Kg/Are at Planting and Urea 0.5Kg/Are at V6,Urea1kg/Are(Planting+V6),Maize,Beans,2021-09-13,11,average,MV_605,34,100,50,2021-10-22,86,2021-11-09,50,,0,100,64,2022-01-13,2022-02-03,2022-03-15,5.02
b4cdd7cb-77da-4a27-9861-5d857cbdae00,22A,b4cdd7cb-77da-4a27-9861-5d857cbdae00-22A-C,C,DAP 1Kg/Are + Urea 0.5Kg/Are at V6 + Urea 0.5Kg/Are at V10,Urea 1kg/Are(V6 + V10),Maize,Beans,2021-09-13,11,average,MV_605,33,100,0,2021-10-22,78,2021-11-09,50,2021-12-02,50,100,64,2022-01-13,2022-02-03,2022-03-15,3.23
b4cdd7cb-77da-4a27-9861-5d857cbdae00,22A,b4cdd7cb-77da-4a27-9861-5d857cbdae00-22A-D,D,DAP 1Kg/Are at planting+ Urea 1Kg/Are at V6,Urea 1kg/Are(V6),Maize,Beans,2021-09-13,11,average,MV_605,34,100,0,2021-10-22,82,2021-11-09,100,,0,100,64,2022-01-13,2022-02-03,2022-03-15,5.81
cf6d6b31-ddac-41e3-9f9d-63b38c9bb7af,22A,cf6d6b31-ddac-41e3-9f9d-63b38c9bb7af-22A-A,A,DAP 1Kg/Are + Urea 0.5Kg/Are at V6,Urea 0.5Kg/Are(V6),Maize,sweet_potato,2021-09-14,10,average,MV_605,36,100,0,2021-10-19,91,2021-11-08,50,,0,50,41,2022-01-10,2022-02-03,2022-03-14,3.74
cf6d6b31-ddac-41e3-9f9d-63b38c9bb7af,22A,cf6d6b31-ddac-41e3-9f9d-63b38c9bb7af-22A-B,B,DAP 1Kg/Are + Urea 0.5Kg/Are at Planting and Urea 0.5Kg/Are at V6,Urea1kg/Are(Planting+V6),Maize,sweet_potato,2021-09-14,10,average,MV_605,35,100,50,2021-10-19,85,2021-11-08,50,,0,100,64,2022-01-10,2022-02-03,2022-03-14,4.75
cf6d6b31-ddac-41e3-9f9d-63b38c9bb7af,22A,cf6d6b31-ddac-41e3-9f9d-63b38c9bb7af-22A-C,C,DAP 1Kg/Are + Urea 0.5Kg/Are at V6 + Urea 0.5Kg/Are at V10,Urea 1kg/Are(V6 + V10),Maize,sweet_potato,2021-09-14,10,average,MV_605,37,100,0,2021-10-19,90,2021-11-08,50,2021-12-02,50,100,64,2022-01-10,2022-02-03,2022-03-14,5.65
cf6d6b31-ddac-41e3-9f9d-63b38c9bb7af,22A,cf6d6b31-ddac-41e3-9f9d-63b38c9bb7af-22A-D,D,DAP 1Kg/Are at planting+ Urea 1Kg/Are at V6,Urea 1kg/Are(V6),Maize,sweet_potato,2021-09-14,10,average,MV_605,36,100,0,2021-10-19,96,2021-11-08,100,,0,100,64,2022-01-10,2022-02-03,2022-03-14,4.43
8893b2fe-ad92-4713-9e3e-49f86a3c5ef1,22A,8893b2fe-ad92-4713-9e3e-49f86a3c5ef1-22A-A,A,DAP 1Kg/Are + Urea 0.5Kg/Are at V6,Urea 0.5Kg/Are(V6),Maize,sweet_potato,2021-09-14,8,poorly_decomposed,MV_605,37,100,0,2021-10-19,93,2021-11-08,50,,0,50,41,2022-01-06,2022-01-27,2022-03-14,5.33
8893b2fe-ad92-4713-9e3e-49f86a3c5ef1,22A,8893b2fe-ad92-4713-9e3e-49f86a3c5ef1-22A-B,B,DAP 1Kg/Are + Urea 0.5Kg/Are at Planting and Urea 0.5Kg/Are at V6,Urea1kg/Are(Planting+V6),Maize,sweet_potato,2021-09-14,8,poorly_decomposed,MV_605,38,100,50,2021-10-19,96,2021-11-08,50,,0,100,64,2022-01-06,2022-01-27,2022-03-14,5.82
8893b2fe-ad92-4713-9e3e-49f86a3c5ef1,22A,8893b2fe-ad92-4713-9e3e-49f86a3c5ef1-22A-C,C,DAP 1Kg/Are + Urea 0.5Kg/Are at V6 + Urea 0.5Kg/Are at V10,Urea 1kg/Are(V6 + V10),Maize,sweet_potato,2021-09-14,8,poorly_decomposed,MV_605,36,100,0,2021-10-19,93,2021-11-08,50,2021-12-02,50,100,64,2022-01-06,2022-01-27,2022-03-14,5.47
8893b2fe-ad92-4713-9e3e-49f86a3c5ef1,22A,8893b2fe-ad92-4713-9e3e-49f86a3c5ef1-22A-D,D,DAP 1Kg/Are at planting+ Urea 1Kg/Are at V6,Urea 1kg/Are(V6),Maize,sweet_potato,2021-09-14,8,poorly_decomposed,MV_605,36,100,0,2021-10-19,93,2021-11-08,100,,0,100,64,2022-01-06,2022-01-27,2022-03-14,5.44
30dc6098-ecba-4636-a184-bedfa3d3bd2c,22A,30dc6098-ecba-4636-a184-bedfa3d3bd2c-22A-A,A,DAP 1Kg/Are + Urea 0.5Kg/Are at V6,Urea 0.5Kg/Are(V6),Maize,irish_potato,2021-09-15,5,poorly_decomposed,MV_605,35,100,0,2021-10-22,74,2021-11-05,50,,0,50,41,2022-01-13,2022-02-03,2022-03-15,1.31
30dc6098-ecba-4636-a184-bedfa3d3bd2c,22A,30dc6098-ecba-4636-a184-bedfa3d3bd2c-22A-B,B,DAP 1Kg/Are + Urea 0.5Kg/Are at Planting and Urea 0.5Kg/Are at V6,Urea1kg/Are(Planting+V6),Maize,irish_potato,2021-09-15,5,poorly_decomposed,MV_605,34,100,50,2021-10-22,78,2021-11-05,50,,0,100,64,2022-01-13,2022-02-03,2022-03-15,0.9
30dc6098-ecba-4636-a184-bedfa3d3bd2c,22A,30dc6098-ecba-4636-a184-bedfa3d3bd2c-22A-C,C,DAP 1Kg/Are + Urea 0.5Kg/Are at V6 + Urea 0.5Kg/Are at V10,Urea 1kg/Are(V6 + V10),Maize,irish_potato,2021-09-15,5,poorly_decomposed,MV_605,36,100,0,2021-10-22,80,2021-11-05,50,2021-11-30,50,100,64,2022-01-13,2022-02-03,2022-03-15,0.81
30dc6098-ecba-4636-a184-bedfa3d3bd2c,22A,30dc6098-ecba-4636-a184-bedfa3d3bd2c-22A-D,D,DAP 1Kg/Are at planting+ Urea 1Kg/Are at V6,Urea 1kg/Are(V6),Maize,irish_potato,2021-09-15,5,poorly_decomposed,MV_605,35,100,0,2021-10-22,84,2021-11-05,100,,0,100,64,2022-01-13,2022-02-03,2022-03-15,0.55
729ccabb-1cba-4957-ba36-0b8029f8ce07,22A,729ccabb-1cba-4957-ba36-0b8029f8ce07-22A-A,A,DAP 1Kg/Are + Urea 0.5Kg/Are at V6,Urea 0.5Kg/Are(V6),Maize,sweet_potato,2021-09-15,9,average,MV_605,37,100,0,2021-10-22,88,2021-11-09,50,,0,50,41,2022-01-13,2022-02-03,2022-03-10,4.68
729ccabb-1cba-4957-ba36-0b8029f8ce07,22A,729ccabb-1cba-4957-ba36-0b8029f8ce07-22A-B,B,DAP 1Kg/Are + Urea 0.5Kg/Are at Planting and Urea 0.5Kg/Are at V6,Urea1kg/Are(Planting+V6),Maize,sweet_potato,2021-09-15,9,average,MV_605,36,100,50,2021-10-22,84,2021-11-09,50,,0,100,64,2022-01-13,2022-02-03,2022-03-10,2.68
729ccabb-1cba-4957-ba36-0b8029f8ce07,22A,729ccabb-1cba-4957-ba36-0b8029f8ce07-22A-C,C,DAP 1Kg/Are + Urea 0.5Kg/Are at V6 + Urea 0.5Kg/Are at V10,Urea 1kg/Are(V6 + V10),Maize,sweet_potato,2021-09-15,9,average,MV_605,35,100,0,2021-10-22,86,2021-11-09,50,2021-12-02,50,100,64,2022-01-13,2022-02-03,2022-03-10,3.4
729ccabb-1cba-4957-ba36-0b8029f8ce07,22A,729ccabb-1cba-4957-ba36-0b8029f8ce07-22A-D,D,DAP 1Kg/Are at planting+ Urea 1Kg/Are at V6,Urea 1kg/Are(V6),Maize,sweet_potato,2021-09-15,9,average,MV_605,37,100,0,2021-10-22,85,2021-11-09,100,,0,100,64,2022-01-13,2022-02-03,2022-03-10,5.44
80d4c86a-d585-42ec-a1ea-474d5260f952,22B,80d4c86a-d585-42ec-a1ea-474d5260f952-22B-A,A,DAP 1Kg/Are + Urea 0.5Kg/Are at V6,Urea 0.5Kg/Are(V6),Maize,Beans,2022-02-09,10,average,MV_605,31,100,0,2022-03-14,65,2022-04-18,50,,0,50,41,2022-06-07,2022-07-08,2022-08-08,4.4
80d4c86a-d585-42ec-a1ea-474d5260f952,22B,80d4c86a-d585-42ec-a1ea-474d5260f952-22B-B,B,DAP 1Kg/Are + Urea 0.5Kg/Are at Planting and Urea 0.5Kg/Are at V6,Urea1kg/Are(Planting+V6),Maize,Beans,2022-02-09,10,average,MV_605,31,100,50,2022-03-14,52,2022-04-18,50,,0,100,64,2022-06-07,2022-07-08,2022-08-08,4.92
80d4c86a-d585-42ec-a1ea-474d5260f952,22B,80d4c86a-d585-42ec-a1ea-474d5260f952-22B-C,C,DAP 1Kg/Are + Urea 0.5Kg/Are at V6 + Urea 0.5Kg/Are at V10,Urea 1kg/Are(V6 + V10),Maize,Beans,2022-02-09,10,average,MV_605,32,100,0,2022-03-14,54,2022-04-18,50,2022-05-16,50,100,64,2022-06-07,2022-07-08,2022-08-08,4.97
80d4c86a-d585-42ec-a1ea-474d5260f952,22B,80d4c86a-d585-42ec-a1ea-474d5260f952-22B-D,D,DAP 1Kg/Are at planting+ Urea 1Kg/Are at V6,Urea 1kg/Are(V6),Maize,Beans,2022-02-09,10,average,MV_605,31,100,0,2022-03-14,65,2022-04-18,100,,0,100,64,2022-06-07,2022-07-08,2022-08-08,5.16
a47d81b7-3632-4ef0-8918-18300c2964c6,22B,a47d81b7-3632-4ef0-8918-18300c2964c6-22B-A,A,DAP 1Kg/Are + Urea 0.5Kg/Are at V6,Urea 0.5Kg/Are(V6),Maize,Beans,2022-02-09,10,average,MV_605,30,100,0,2022-03-14,46,2022-04-18,50,,0,50,41,2022-06-07,2022-07-08,2022-08-11,3.71
a47d81b7-3632-4ef0-8918-18300c2964c6,22B,a47d81b7-3632-4ef0-8918-18300c2964c6-22B-B,B,DAP 1Kg/Are + Urea 0.5Kg/Are at Planting and Urea 0.5Kg/Are at V6,Urea1kg/Are(Planting+V6),Maize,Beans,2022-02-09,10,average,MV_605,30,100,50,2022-03-14,47,2022-04-18,50,,0,100,64,2022-06-07,2022-07-08,2022-08-11,3.61
a47d81b7-3632-4ef0-8918-18300c2964c6,22B,a47d81b7-3632-4ef0-8918-18300c2964c6-22B-C,C,DAP 1Kg/Are + Urea 0.5Kg/Are at V6 + Urea 0.5Kg/Are at V10,Urea 1kg/Are(V6 + V10),Maize,Beans,2022-02-09,10,average,MV_605,31,100,0,2022-03-14,48,2022-04-18,50,2022-05-11,50,100,64,2022-06-07,2022-07-08,2022-08-11,4.82
a47d81b7-3632-4ef0-8918-18300c2964c6,22B,a47d81b7-3632-4ef0-8918-18300c2964c6-22B-D,D,DAP 1Kg/Are at planting+ Urea 1Kg/Are at V6,Urea 1kg/Are(V6),Maize,Beans,2022-02-09,10,average,MV_605,30,100,0,2022-03-14,58,2022-04-18,100,,0,100,64,2022-06-02,2022-07-08,2022-08-11,5.37
9b1f5a21-5852-453f-96fc-55561b364c7c,22B,9b1f5a21-5852-453f-96fc-55561b364c7c-22B-A,A,DAP 1Kg/Are + Urea 0.5Kg/Are at V6,Urea 0.5Kg/Are(V6),Maize,Beans,2022-02-11,13,Well_decomposed,MV_605,31,100,0,2022-03-14,43,2022-04-14,50,,0,50,41,2022-06-13,2022-07-15,2022-08-09,4.59
9b1f5a21-5852-453f-96fc-55561b364c7c,22B,9b1f5a21-5852-453f-96fc-55561b364c7c-22B-B,B,DAP 1Kg/Are + Urea 0.5Kg/Are at Planting and Urea 0.5Kg/Are at V6,Urea1kg/Are(Planting+V6),Maize,Beans,2022-02-11,13,Well_decomposed,MV_605,32,100,50,2022-03-14,25,2022-04-14,50,,0,100,64,2022-06-13,2022-07-15,2022-08-09,3.83
9b1f5a21-5852-453f-96fc-55561b364c7c,22B,9b1f5a21-5852-453f-96fc-55561b364c7c-22B-C,C,DAP 1Kg/Are + Urea 0.5Kg/Are at V6 + Urea 0.5Kg/Are at V10,Urea 1kg/Are(V6 + V10),Maize,Beans,2022-02-11,13,Well_decomposed,MV_605,31,100,0,2022-03-14,55,2022-04-14,50,2022-05-11,50,100,64,2022-06-13,2022-07-15,2022-08-09,5.66
9b1f5a21-5852-453f-96fc-55561b364c7c,22B,9b1f5a21-5852-453f-96fc-55561b364c7c-22B-D,D,DAP 1Kg/Are at planting+ Urea 1Kg/Are at V6,Urea 1kg/Are(V6),Maize,Beans,2022-02-11,13,Well_decomposed,MV_605,32,100,0,2022-03-14,52,2022-04-14,100,,0,100,64,2022-06-13,2022-07-15,2022-08-09,6.3
2e0b0d8c-a770-4f74-bda0-6577a60494d1,22B,2e0b0d8c-a770-4f74-bda0-6577a60494d1-22B-A,A,DAP 1Kg/Are + Urea 0.5Kg/Are at V6,Urea 0.5Kg/Are(V6),Maize,irish_potato,2022-02-16,9,Well_decomposed,MV_605,31,100,0,2022-03-14,49,2022-04-14,50,,0,50,41,2022-06-07,2022-07-08,2022-08-08,2.98
2e0b0d8c-a770-4f74-bda0-6577a60494d1,22B,2e0b0d8c-a770-4f74-bda0-6577a60494d1-22B-B,B,DAP 1Kg/Are + Urea 0.5Kg/Are at Planting and Urea 0.5Kg/Are at V6,Urea1kg/Are(Planting+V6),Maize,irish_potato,2022-02-16,9,Well_decomposed,MV_605,32,100,50,2022-03-14,41,2022-04-14,50,,0,100,64,2022-06-07,2022-07-08,2022-08-08,2.72
2e0b0d8c-a770-4f74-bda0-6577a60494d1,22B,2e0b0d8c-a770-4f74-bda0-6577a60494d1-22B-C,C,DAP 1Kg/Are + Urea 0.5Kg/Are at V6 + Urea 0.5Kg/Are at V10,Urea 1kg/Are(V6 + V10),Maize,irish_potato,2022-02-16,9,Well_decomposed,MV_605,32,100,0,2022-03-14,49,2022-04-14,50,2022-05-11,50,100,64,2022-06-07,2022-07-08,2022-08-08,2.93
2e0b0d8c-a770-4f74-bda0-6577a60494d1,22B,2e0b0d8c-a770-4f74-bda0-6577a60494d1-22B-D,D,DAP 1Kg/Are at planting+ Urea 1Kg/Are at V6,Urea 1kg/Are(V6),Maize,irish_potato,2022-02-16,9,Well_decomposed,MV_605,32,100,0,2022-03-14,52,2022-04-14,100,,0,100,64,2022-06-07,2022-07-08,2022-08-08,2.29
4704b77a-10a2-4fd3-be98-51c70e99b4f9,22B,4704b77a-10a2-4fd3-be98-51c70e99b4f9-22B-A,A,DAP 1Kg/Are + Urea 0.5Kg/Are at V6,Urea 0.5Kg/Are(V6),Maize,fallow,2022-02-18,12,average,MV_605,33,100,0,2022-03-16,73,2022-04-25,50,,0,50,41,2022-06-28,2022-07-18,2022-08-17,2.08
4704b77a-10a2-4fd3-be98-51c70e99b4f9,22B,4704b77a-10a2-4fd3-be98-51c70e99b4f9-22B-B,B,DAP 1Kg/Are + Urea 0.5Kg/Are at Planting and Urea 0.5Kg/Are at V6,Urea1kg/Are(Planting+V6),Maize,fallow,2022-02-18,12,average,MV_605,34,100,50,2022-03-16,66,2022-04-25,50,,0,100,64,2022-06-28,2022-07-18,2022-08-17,1.82
4704b77a-10a2-4fd3-be98-51c70e99b4f9,22B,4704b77a-10a2-4fd3-be98-51c70e99b4f9-22B-C,C,DAP 1Kg/Are + Urea 0.5Kg/Are at V6 + Urea 0.5Kg/Are at V10,Urea 1kg/Are(V6 + V10),Maize,fallow,2022-02-18,12,average,MV_605,33,100,0,2022-03-16,70,2022-04-25,50,2022-05-16,50,100,64,2022-06-28,2022-07-18,2022-08-17,2.08
4704b77a-10a2-4fd3-be98-51c70e99b4f9,22B,4704b77a-10a2-4fd3-be98-51c70e99b4f9-22B-D,D,DAP 1Kg/Are at planting+ Urea 1Kg/Are at V6,Urea 1kg/Are(V6),Maize,fallow,2022-02-18,12,average,MV_605,32,100,0,2022-03-16,64,2022-04-25,100,,0,100,64,2022-06-28,2022-07-18,2022-08-17,2.83
d1a6f46a-1d48-4092-80b9-5ac796d02a55,22B,d1a6f46a-1d48-4092-80b9-5ac796d02a55-22B-A,A,DAP 1Kg/Are + Urea 0.5Kg/Are at V6,Urea 0.5Kg/Are(V6),Maize,Beans,2022-02-18,12,Well_decomposed,MV_605,32,100,0,2022-03-16,57,2022-04-25,50,,0,50,41,2022-06-15,2022-07-18,2022-08-17,6.12
d1a6f46a-1d48-4092-80b9-5ac796d02a55,22B,d1a6f46a-1d48-4092-80b9-5ac796d02a55-22B-B,B,DAP 1Kg/Are + Urea 0.5Kg/Are at Planting and Urea 0.5Kg/Are at V6,Urea1kg/Are(Planting+V6),Maize,Beans,2022-02-18,12,average,MV_605,33,100,50,2022-03-16,61,2022-04-25,50,,0,100,64,2022-06-22,2022-07-18,2022-08-17,4.16
d1a6f46a-1d48-4092-80b9-5ac796d02a55,22B,d1a6f46a-1d48-4092-80b9-5ac796d02a55-22B-C,C,DAP 1Kg/Are + Urea 0.5Kg/Are at V6 + Urea 0.5Kg/Are at V10,Urea 1kg/Are(V6 + V10),Maize,Beans,2022-02-18,12,average,MV_605,33,100,0,2022-03-16,60,2022-04-25,50,2022-05-16,50,100,64,2022-06-15,2022-07-18,2022-08-17,6.65
d1a6f46a-1d48-4092-80b9-5ac796d02a55,22B,d1a6f46a-1d48-4092-80b9-5ac796d02a55-22B-D,D,DAP 1Kg/Are at planting+ Urea 1Kg/Are at V6,Urea 1kg/Are(V6),Maize,Beans,2022-02-18,12,average,MV_605,33,100,0,2022-03-16,72,2022-04-25,100,,0,100,64,2022-06-15,2022-07-18,2022-08-17,7.06
4e835fde-e06d-40a3-8b8a-78fc24c11a22,22B,4e835fde-e06d-40a3-8b8a-78fc24c11a22-22B-A,A,DAP 1Kg/Are + Urea 0.5Kg/Are at V6,Urea 0.5Kg/Are(V6),Maize,Beans,2022-02-10,13,average,MV_605,33,100,0,2022-03-15,73,2022-04-16,50,,0,50,41,2022-06-03,2022-07-07,2022-08-05,6.96
4e835fde-e06d-40a3-8b8a-78fc24c11a22,22B,4e835fde-e06d-40a3-8b8a-78fc24c11a22-22B-B,B,DAP 1Kg/Are + Urea 0.5Kg/Are at Planting and Urea 0.5Kg/Are at V6,Urea1kg/Are(Planting+V6),Maize,Beans,2022-02-10,13,average,MV_605,33,100,50,2022-03-15,62,2022-04-16,50,,0,100,64,2022-06-08,2022-07-07,2022-08-05,4.94
4e835fde-e06d-40a3-8b8a-78fc24c11a22,22B,4e835fde-e06d-40a3-8b8a-78fc24c11a22-22B-C,C,DAP 1Kg/Are + Urea 0.5Kg/Are at V6 + Urea 0.5Kg/Are at V10,Urea 1kg/Are(V6 + V10),Maize,Beans,2022-02-10,13,average,MV_605,32,100,0,2022-03-15,76,2022-04-05,50,2022-05-12,50,100,64,2022-06-08,2022-07-07,2022-08-05,6.85
4e835fde-e06d-40a3-8b8a-78fc24c11a22,22B,4e835fde-e06d-40a3-8b8a-78fc24c11a22-22B-D,D,DAP 1Kg/Are at planting+ Urea 1Kg/Are at V6,Urea 1kg/Are(V6),Maize,Beans,2022-02-10,13,average,MV_605,33,100,0,2022-03-15,74,2022-04-16,100,,0,100,64,2022-06-08,2022-07-07,2022-08-05,8.8
a9f85cbe-86a3-4741-8df8-fe76fda265c1,22B,a9f85cbe-86a3-4741-8df8-fe76fda265c1-22B-A,A,DAP 1Kg/Are + Urea 0.5Kg/Are at V6,Urea 0.5Kg/Are(V6),Maize,Beans,2022-02-14,13,average,MV_605,33,100,0,2022-03-15,54,2022-04-20,50,,0,50,41,2022-06-08,2022-07-14,2022-08-05,7.29
a9f85cbe-86a3-4741-8df8-fe76fda265c1,22B,a9f85cbe-86a3-4741-8df8-fe76fda265c1-22B-B,B,DAP 1Kg/Are + Urea 0.5Kg/Are at Planting and Urea 0.5Kg/Are at V6,Urea1kg/Are(Planting+V6),Maize,Beans,2022-02-14,13,average,MV_605,32,100,50,2022-03-15,58,2022-04-20,50,,0,100,64,2022-06-08,2022-07-14,2022-08-05,5.41
a9f85cbe-86a3-4741-8df8-fe76fda265c1,22B,a9f85cbe-86a3-4741-8df8-fe76fda265c1-22B-C,C,DAP 1Kg/Are + Urea 0.5Kg/Are at V6 + Urea 0.5Kg/Are at V10,Urea 1kg/Are(V6 + V10),Maize,Beans,2022-02-14,13,average,MV_605,32,100,0,2022-03-15,50,2022-04-20,50,2022-05-12,50,100,64,2022-06-08,2022-07-14,2022-08-05,5.86
a9f85cbe-86a3-4741-8df8-fe76fda265c1,22B,a9f85cbe-86a3-4741-8df8-fe76fda265c1-22B-D,D,DAP 1Kg/Are at planting+ Urea 1Kg/Are at V6,Urea 1kg/Are(V6),Maize,Beans,2022-02-14,13,average,MV_605,33,100,0,2022-03-15,57,2022-04-20,100,,0,100,64,2022-06-03,2022-07-14,2022-08-05,5.85
19cd3ee6-5a4f-4481-85a4-2c406f075996,22B,19cd3ee6-5a4f-4481-85a4-2c406f075996-22B-A,A,DAP 1Kg/Are + Urea 0.5Kg/Are at V6,Urea 0.5Kg/Are(V6),Maize,Beans,2022-02-15,17,average,MV_605,33,100,0,2022-03-15,75,2022-04-22,50,,0,50,41,2022-06-08,2022-07-07,2022-08-05,7.44
19cd3ee6-5a4f-4481-85a4-2c406f075996,22B,19cd3ee6-5a4f-4481-85a4-2c406f075996-22B-B,B,DAP 1Kg/Are + Urea 0.5Kg/Are at Planting and Urea 0.5Kg/Are at V6,Urea1kg/Are(Planting+V6),Maize,Beans,2022-02-15,17,average,MV_605,34,100,50,2022-03-15,63,2022-04-22,50,,0,100,64,2022-06-08,2022-07-07,2022-12-05,6.22
19cd3ee6-5a4f-4481-85a4-2c406f075996,22B,19cd3ee6-5a4f-4481-85a4-2c406f075996-22B-C,C,DAP 1Kg/Are + Urea 0.5Kg/Are at V6 + Urea 0.5Kg/Are at V10,Urea 1kg/Are(V6 + V10),Maize,Beans,2022-02-15,17,average,MV_605,34,100,0,2022-03-15,71,2022-04-22,50,2022-05-14,50,100,64,2022-06-03,2022-07-07,2022-08-05,6.9
19cd3ee6-5a4f-4481-85a4-2c406f075996,22B,19cd3ee6-5a4f-4481-85a4-2c406f075996-22B-D,D,DAP 1Kg/Are at planting+ Urea 1Kg/Are at V6,Urea 1kg/Are(V6),Maize,Beans,2022-02-15,17,average,MV_605,33,100,0,2022-03-15,77,2022-04-22,100,,0,100,64,2022-06-08,2022-07-07,2022-08-05,7.16
c2b6c381-dc29-40ac-862c-10e7184385ad,22B,c2b6c381-dc29-40ac-862c-10e7184385ad-22B-A,A,DAP 1Kg/Are + Urea 0.5Kg/Are at V6,Urea 0.5Kg/Are(V6),Maize,Beans,2022-02-17,14,Well_decomposed,MV_605,32,100,0,2022-03-15,60,2022-04-21,50,,0,50,41,2022-06-08,2022-07-14,2022-08-07,7.55
c2b6c381-dc29-40ac-862c-10e7184385ad,22B,c2b6c381-dc29-40ac-862c-10e7184385ad-22B-B,B,DAP 1Kg/Are + Urea 0.5Kg/Are at Planting and Urea 0.5Kg/Are at V6,Urea1kg/Are(Planting+V6),Maize,Beans,2022-02-17,14,Well_decomposed,MV_605,33,100,50,2022-03-15,47,2022-04-21,50,,0,100,64,2022-06-03,2022-07-14,2022-08-07,10.13
c2b6c381-dc29-40ac-862c-10e7184385ad,22B,c2b6c381-dc29-40ac-862c-10e7184385ad-22B-C,C,DAP 1Kg/Are + Urea 0.5Kg/Are at V6 + Urea 0.5Kg/Are at V10,Urea 1kg/Are(V6 + V10),Maize,Beans,2022-02-17,14,Well_decomposed,MV_605,33,100,0,2022-03-15,43,2022-04-21,50,2022-05-12,50,100,64,2022-06-08,2022-07-14,2022-08-07,8.6
c2b6c381-dc29-40ac-862c-10e7184385ad,22B,c2b6c381-dc29-40ac-862c-10e7184385ad-22B-D,D,DAP 1Kg/Are at planting+ Urea 1Kg/Are at V6,Urea 1kg/Are(V6),Maize,Beans,2022-02-17,14,Well_decomposed,MV_605,33,100,0,2022-03-15,54,2022-04-21,100,,0,100,64,2022-06-08,2022-07-14,2022-08-07,6.59
9128a71d-d608-4e88-9de0-c1fb42696a86,22B,9128a71d-d608-4e88-9de0-c1fb42696a86-22B-A,A,DAP 1Kg/Are + Urea 0.5Kg/Are at V6,Urea 0.5Kg/Are(V6),Maize,Beans,2022-02-07,13,average,MV_605,29,100,0,2022-03-03,78,2022-04-23,50,,0,50,41,2022-05-24,2022-07-08,2022-08-09,5.27
9128a71d-d608-4e88-9de0-c1fb42696a86,22B,9128a71d-d608-4e88-9de0-c1fb42696a86-22B-B,B,DAP 1Kg/Are + Urea 0.5Kg/Are at Planting and Urea 0.5Kg/Are at V6,Urea1kg/Are(Planting+V6),Maize,Beans,2022-02-07,13,average,MV_605,29,100,50,2022-03-03,62,2022-04-23,50,,0,100,64,2022-05-24,2022-07-08,2022-08-09,4.34
9128a71d-d608-4e88-9de0-c1fb42696a86,22B,9128a71d-d608-4e88-9de0-c1fb42696a86-22B-C,C,DAP 1Kg/Are + Urea 0.5Kg/Are at V6 + Urea 0.5Kg/Are at V10,Urea 1kg/Are(V6 + V10),Maize,Beans,2022-02-07,13,average,MV_605,30,100,0,2022-03-03,72,2022-04-23,50,2022-05-14,50,100,64,2022-05-24,2022-07-08,2022-08-09,4.92
9128a71d-d608-4e88-9de0-c1fb42696a86,22B,9128a71d-d608-4e88-9de0-c1fb42696a86-22B-D,D,DAP 1Kg/Are at planting+ Urea 1Kg/Are at V6,Urea 1kg/Are(V6),Maize,Beans,2022-02-07,13,average,MV_605,30,100,0,2022-03-03,68,2022-04-23,100,,0,100,64,2022-05-24,2022-07-08,2022-08-09,5.96
6adaddae-f0f0-4ff0-97a7-4aa176996cb8,22B,6adaddae-f0f0-4ff0-97a7-4aa176996cb8-22B-A,A,DAP 1Kg/Are + Urea 0.5Kg/Are at V6,Urea 0.5Kg/Are(V6),Maize,Beans,2022-02-08,17,average,MV_605,31,100,0,2022-03-21,82,2022-04-20,50,,0,50,41,2022-05-31,2022-07-20,2022-08-19,6.31
6adaddae-f0f0-4ff0-97a7-4aa176996cb8,22B,6adaddae-f0f0-4ff0-97a7-4aa176996cb8-22B-B,B,DAP 1Kg/Are + Urea 0.5Kg/Are at Planting and Urea 0.5Kg/Are at V6,Urea1kg/Are(Planting+V6),Maize,Beans,2022-02-08,17,average,MV_605,31,100,50,2022-03-21,57,2022-04-20,50,,0,100,64,2022-05-31,2022-07-20,2022-08-19,5.46
6adaddae-f0f0-4ff0-97a7-4aa176996cb8,22B,6adaddae-f0f0-4ff0-97a7-4aa176996cb8-22B-C,C,DAP 1Kg/Are + Urea 0.5Kg/Are at V6 + Urea 0.5Kg/Are at V10,Urea 1kg/Are(V6 + V10),Maize,Beans,2022-02-08,17,average,MV_605,33,100,0,2022-03-21,72,2022-04-20,50,2022-05-12,50,100,64,2022-05-31,2022-07-20,2022-08-19,6.96
6adaddae-f0f0-4ff0-97a7-4aa176996cb8,22B,6adaddae-f0f0-4ff0-97a7-4aa176996cb8-22B-D,D,DAP 1Kg/Are at planting+ Urea 1Kg/Are at V6,Urea 1kg/Are(V6),Maize,Beans,2022-02-08,17,average,MV_605,32,100,0,2022-03-21,77,2022-04-20,100,,0,100,64,2022-05-31,2022-07-20,2022-08-19,7.49
c45ec7d6-eda2-4c00-9de6-6bca3d81accd,22B,c45ec7d6-eda2-4c00-9de6-6bca3d81accd-22B-A,A,DAP 1Kg/Are + Urea 0.5Kg/Are at V6,Urea 0.5Kg/Are(V6),Maize,Beans,2022-02-09,18,average,MV_605,31,100,0,2022-03-04,52,2022-04-23,50,,0,50,41,2022-05-31,2022-07-08,2022-08-22,2.26
c45ec7d6-eda2-4c00-9de6-6bca3d81accd,22B,c45ec7d6-eda2-4c00-9de6-6bca3d81accd-22B-B,B,DAP 1Kg/Are + Urea 0.5Kg/Are at Planting and Urea 0.5Kg/Are at V6,Urea1kg/Are(Planting+V6),Maize,Beans,2022-02-09,18,average,MV_605,32,100,50,2022-03-04,62,2022-04-23,50,,0,100,64,2022-05-31,2022-07-08,2022-08-19,1.31
c45ec7d6-eda2-4c00-9de6-6bca3d81accd,22B,c45ec7d6-eda2-4c00-9de6-6bca3d81accd-22B-C,C,DAP 1Kg/Are + Urea 0.5Kg/Are at V6 + Urea 0.5Kg/Are at V10,Urea 1kg/Are(V6 + V10),Maize,Beans,2022-02-09,18,average,MV_605,34,100,0,2022-03-04,71,2022-04-23,50,2022-05-14,50,100,64,2022-05-31,2022-07-08,2022-08-19,3.1
c45ec7d6-eda2-4c00-9de6-6bca3d81accd,22B,c45ec7d6-eda2-4c00-9de6-6bca3d81accd-22B-D,D,DAP 1Kg/Are at planting+ Urea 1Kg/Are at V6,Urea 1kg/Are(V6),Maize,Beans,2022-02-09,18,average,MV_605,32,100,0,2022-03-04,67,2022-04-23,100,,0,100,64,2022-05-31,2022-07-08,2022-08-19,2.96
47ce0595-cb7f-4439-ac98-a4f710346ed7,22B,47ce0595-cb7f-4439-ac98-a4f710346ed7-22B-A,A,DAP 1Kg/Are + Urea 0.5Kg/Are at V6,Urea 0.5Kg/Are(V6),Maize,Beans,2022-02-10,17,average,MV_605,32,100,0,2022-03-21,82,2022-04-20,50,,0,50,41,2022-05-31,2022-07-15,2022-08-19,2.26
47ce0595-cb7f-4439-ac98-a4f710346ed7,22B,47ce0595-cb7f-4439-ac98-a4f710346ed7-22B-B,B,DAP 1Kg/Are + Urea 0.5Kg/Are at Planting and Urea 0.5Kg/Are at V6,Urea1kg/Are(Planting+V6),Maize,Beans,2022-02-10,17,average,MV_605,31,100,50,2022-03-21,56,2022-04-20,50,,0,100,64,2022-05-31,2022-07-15,2022-08-19,2.95
47ce0595-cb7f-4439-ac98-a4f710346ed7,22B,47ce0595-cb7f-4439-ac98-a4f710346ed7-22B-C,C,DAP 1Kg/Are + Urea 0.5Kg/Are at V6 + Urea 0.5Kg/Are at V10,Urea 1kg/Are(V6 + V10),Maize,Beans,2022-02-10,17,average,MV_605,32,100,0,2022-03-21,85,2022-04-20,50,2022-05-12,50,100,64,2022-05-31,2022-07-15,2022-08-19,4.96
47ce0595-cb7f-4439-ac98-a4f710346ed7,22B,47ce0595-cb7f-4439-ac98-a4f710346ed7-22B-D,D,DAP 1Kg/Are at planting+ Urea 1Kg/Are at V6,Urea 1kg/Are(V6),Maize,Beans,2022-02-10,17,average,MV_605,33,100,0,2022-03-21,74,2022-04-20,100,,0,100,64,2022-05-31,2022-07-15,2022-08-19,3.37
d6d8a4c2-21e6-44ed-b17f-a2f0758f7ea8,22B,d6d8a4c2-21e6-44ed-b17f-a2f0758f7ea8-22B-A,A,DAP 1Kg/Are + Urea 0.5Kg/Are at V6,Urea 0.5Kg/Are(V6),Maize,Beans,2022-02-12,18,average,MV_605,32,100,0,2022-03-04,64,2022-04-23,50,,0,50,41,2022-05-31,2022-07-18,2022-08-08,5.35
d6d8a4c2-21e6-44ed-b17f-a2f0758f7ea8,22B,d6d8a4c2-21e6-44ed-b17f-a2f0758f7ea8-22B-B,B,DAP 1Kg/Are + Urea 0.5Kg/Are at Planting and Urea 0.5Kg/Are at V6,Urea1kg/Are(Planting+V6),Maize,Beans,2022-02-12,18,average,MV_605,33,100,50,2022-03-04,57,2022-04-23,50,,0,100,64,2022-05-31,2022-07-18,2022-08-08,4.26
d6d8a4c2-21e6-44ed-b17f-a2f0758f7ea8,22B,d6d8a4c2-21e6-44ed-b17f-a2f0758f7ea8-22B-C,C,DAP 1Kg/Are + Urea 0.5Kg/Are at V6 + Urea 0.5Kg/Are at V10,Urea 1kg/Are(V6 + V10),Maize,Beans,2022-02-12,18,average,MV_605,34,100,0,2022-03-04,66,2022-04-23,50,2022-05-14,50,100,64,2022-05-31,2022-07-18,2022-08-08,5.33
d6d8a4c2-21e6-44ed-b17f-a2f0758f7ea8,22B,d6d8a4c2-21e6-44ed-b17f-a2f0758f7ea8-22B-D,D,DAP 1Kg/Are at planting+ Urea 1Kg/Are at V6,Urea 1kg/Are(V6),Maize,Beans,2022-02-12,18,average,MV_605,34,100,0,2022-03-04,69,2022-04-23,100,,0,100,64,2022-05-31,2022-07-18,2022-08-08,5.05
0eff01c0-d655-48e7-b269-e6b55e206b67,22B,0eff01c0-d655-48e7-b269-e6b55e206b67-22B-A,A,DAP 1Kg/Are + Urea 0.5Kg/Are at V6,Urea 0.5Kg/Are(V6),Maize,Beans,2022-02-14,17,average,MV_605,32,100,0,2022-03-24,56,2022-04-28,50,,0,50,41,2022-06-02,2022-07-18,2022-08-08,2.43
0eff01c0-d655-48e7-b269-e6b55e206b67,22B,0eff01c0-d655-48e7-b269-e6b55e206b67-22B-B,B,DAP 1Kg/Are + Urea 0.5Kg/Are at Planting and Urea 0.5Kg/Are at V6,Urea1kg/Are(Planting+V6),Maize,Beans,2022-02-14,17,average,MV_605,31,100,50,2022-03-24,50,2022-04-28,50,,0,100,64,2022-06-02,2022-07-18,2022-08-08,2.65
0eff01c0-d655-48e7-b269-e6b55e206b67,22B,0eff01c0-d655-48e7-b269-e6b55e206b67-22B-C,C,DAP 1Kg/Are + Urea 0.5Kg/Are at V6 + Urea 0.5Kg/Are at V10,Urea 1kg/Are(V6 + V10),Maize,Beans,2022-02-14,17,average,MV_605,33,100,0,2022-03-24,55,2022-04-28,50,2022-05-14,50,100,64,2022-06-02,2022-07-18,2022-08-08,2.5
0eff01c0-d655-48e7-b269-e6b55e206b67,22B,0eff01c0-d655-48e7-b269-e6b55e206b67-22B-D,D,DAP 1Kg/Are at planting+ Urea 1Kg/Are at V6,Urea 1kg/Are(V6),Maize,Beans,2022-02-14,17,average,MV_605,32,100,0,2022-03-24,62,2022-04-28,100,,0,100,64,2022-06-02,2022-07-18,2022-08-08,1.62
d43b685e-8409-4322-9d39-5879e2c0e98f,22B,d43b685e-8409-4322-9d39-5879e2c0e98f-22B-A,A,DAP 1Kg/Are + Urea 0.5Kg/Are at V6,Urea 0.5Kg/Are(V6),Maize,Beans,2022-02-14,16,average,MV_605,32,100,0,2022-03-24,63,2022-04-28,50,,0,50,41,2022-06-02,2022-07-18,2022-08-08,3.43
d43b685e-8409-4322-9d39-5879e2c0e98f,22B,d43b685e-8409-4322-9d39-5879e2c0e98f-22B-B,B,DAP 1Kg/Are + Urea 0.5Kg/Are at Planting and Urea 0.5Kg/Are at V6,Urea1kg/Are(Planting+V6),Maize,Beans,2022-02-14,16,average,MV_605,33,100,50,2022-03-24,48,2022-04-28,50,,0,100,64,2022-06-02,2022-07-18,2022-08-08,3.1
d43b685e-8409-4322-9d39-5879e2c0e98f,22B,d43b685e-8409-4322-9d39-5879e2c0e98f-22B-C,C,DAP 1Kg/Are + Urea 0.5Kg/Are at V6 + Urea 0.5Kg/Are at V10,Urea 1kg/Are(V6 + V10),Maize,Beans,2022-02-14,16,average,MV_605,31,100,0,2022-03-24,58,2022-04-28,50,2022-05-14,50,100,64,2022-06-02,2022-07-18,2022-08-08,4.56
d43b685e-8409-4322-9d39-5879e2c0e98f,22B,d43b685e-8409-4322-9d39-5879e2c0e98f-22B-D,D,DAP 1Kg/Are at planting+ Urea 1Kg/Are at V6,Urea 1kg/Are(V6),Maize,Beans,2022-02-14,16,average,MV_605,32,100,0,2022-03-24,60,2022-04-28,100,,0,100,64,2022-06-02,2022-07-18,2022-08-08,5.18
735b24a6-0481-435d-8511-d0259a779def,22B,735b24a6-0481-435d-8511-d0259a779def-22B-A,A,DAP 1Kg/Are + Urea 0.5Kg/Are at V6,Urea 0.5Kg/Are(V6),Maize,Beans,2022-02-15,13,average,MV_605,32,100,0,2022-03-21,61,2022-04-26,50,,0,50,41,2022-06-09,2022-07-21,2022-08-17,3.72
735b24a6-0481-435d-8511-d0259a779def,22B,735b24a6-0481-435d-8511-d0259a779def-22B-B,B,DAP 1Kg/Are + Urea 0.5Kg/Are at Planting and Urea 0.5Kg/Are at V6,Urea1kg/Are(Planting+V6),Maize,Beans,2022-02-15,13,average,MV_605,33,100,50,2022-03-21,50,2022-04-26,50,,0,100,64,2022-06-09,2022-07-21,2022-08-17,3.67
735b24a6-0481-435d-8511-d0259a779def,22B,735b24a6-0481-435d-8511-d0259a779def-22B-C,C,DAP 1Kg/Are + Urea 0.5Kg/Are at V6 + Urea 0.5Kg/Are at V10,Urea 1kg/Are(V6 + V10),Maize,Beans,2022-02-15,13,average,MV_605,31,100,0,2022-03-21,62,2022-04-26,50,2022-05-12,50,100,64,2022-06-09,2022-07-21,2022-08-17,5.46
735b24a6-0481-435d-8511-d0259a779def,22B,735b24a6-0481-435d-8511-d0259a779def-22B-D,D,DAP 1Kg/Are at planting+ Urea 1Kg/Are at V6,Urea 1kg/Are(V6),Maize,Beans,2022-02-15,13,average,MV_605,32,100,0,2022-03-21,72,2022-04-26,100,,0,100,64,2022-06-09,2022-07-21,2022-08-17,6.3
5a197787-54a4-4090-bf74-7d9be15d57a2,22B,5a197787-54a4-4090-bf74-7d9be15d57a2-22B-A,A,DAP 1Kg/Are + Urea 0.5Kg/Are at V6,Urea 0.5Kg/Are(V6),Maize,sweet_potato,2022-02-15,16,average,MV_605,33,100,0,2022-03-24,64,2022-04-25,50,,0,50,41,2022-06-09,2022-07-21,2022-08-09,2.81
5a197787-54a4-4090-bf74-7d9be15d57a2,22B,5a197787-54a4-4090-bf74-7d9be15d57a2-22B-B,B,DAP 1Kg/Are + Urea 0.5Kg/Are at Planting and Urea 0.5Kg/Are at V6,Urea1kg/Are(Planting+V6),Maize,sweet_potato,2022-02-15,16,average,MV_605,33,100,50,2022-03-24,54,2022-04-25,50,,0,100,64,2022-06-09,2022-07-21,2022-08-09,2.34
5a197787-54a4-4090-bf74-7d9be15d57a2,22B,5a197787-54a4-4090-bf74-7d9be15d57a2-22B-C,C,DAP 1Kg/Are + Urea 0.5Kg/Are at V6 + Urea 0.5Kg/Are at V10,Urea 1kg/Are(V6 + V10),Maize,sweet_potato,2022-02-15,16,average,MV_605,33,100,0,2022-03-24,62,2022-04-25,50,2022-05-16,50,100,64,2022-06-09,2022-07-21,2022-08-09,2.28
5a197787-54a4-4090-bf74-7d9be15d57a2,22B,5a197787-54a4-4090-bf74-7d9be15d57a2-22B-D,D,DAP 1Kg/Are at planting+ Urea 1Kg/Are at V6,Urea 1kg/Are(V6),Maize,sweet_potato,2022-02-15,16,average,MV_605,34,100,0,2022-03-24,56,2022-04-25,100,,0,100,64,2022-06-09,2022-07-21,2022-08-09,5.3
bd214e6c-6026-467f-b190-b3a1c6a8fdd6,22B,bd214e6c-6026-467f-b190-b3a1c6a8fdd6-22B-A,A,DAP 1Kg/Are + Urea 0.5Kg/Are at V6,Urea 0.5Kg/Are(V6),Maize,wheat,2022-02-17,17,average,MV_605,33,100,0,2022-03-21,67,2022-04-26,50,,0,50,41,2022-06-09,2022-07-21,2022-08-17,3.31
bd214e6c-6026-467f-b190-b3a1c6a8fdd6,22B,bd214e6c-6026-467f-b190-b3a1c6a8fdd6-22B-B,B,DAP 1Kg/Are + Urea 0.5Kg/Are at Planting and Urea 0.5Kg/Are at V6,Urea1kg/Are(Planting+V6),Maize,wheat,2022-02-17,17,average,MV_605,34,100,50,2022-03-21,42,2022-04-26,50,,0,100,64,2022-06-09,2022-07-21,2022-08-17,3.29
bd214e6c-6026-467f-b190-b3a1c6a8fdd6,22B,bd214e6c-6026-467f-b190-b3a1c6a8fdd6-22B-C,C,DAP 1Kg/Are + Urea 0.5Kg/Are at V6 + Urea 0.5Kg/Are at V10,Urea 1kg/Are(V6 + V10),Maize,wheat,2022-02-17,17,average,MV_605,33,100,0,2022-03-21,57,2022-04-26,50,2022-05-12,50,100,64,2022-06-09,2022-07-21,2022-08-17,2.28
bd214e6c-6026-467f-b190-b3a1c6a8fdd6,22B,bd214e6c-6026-467f-b190-b3a1c6a8fdd6-22B-D,D,DAP 1Kg/Are at planting+ Urea 1Kg/Are at V6,Urea 1kg/Are(V6),Maize,wheat,2022-02-17,17,average,MV_605,32,100,0,2022-03-21,56,2022-04-26,100,,0,100,64,2022-06-09,2022-07-21,2022-08-17,1.35
105c2fc6-bb0d-49fa-ad18-0fa9f9b157e7,22A,105c2fc6-bb0d-49fa-ad18-0fa9f9b157e7-22A-A,A,DAP 1Kg/Are + Urea 0.5Kg/Are at V6,Urea 0.5Kg/Are(V6),Maize,Beans,2021-09-01,9,average,MV_507,40,100,0,2021-09-22,100,2021-10-14,50,,0,50,41,2021-11-25,2022-01-07,2022-02-03,6.04
105c2fc6-bb0d-49fa-ad18-0fa9f9b157e7,22A,105c2fc6-bb0d-49fa-ad18-0fa9f9b157e7-22A-B,B,DAP 1Kg/Are + Urea 0.5Kg/Are at Planting and Urea 0.5Kg/Are at V6,Urea1kg/Are(Planting+V6),Maize,Beans,2021-09-01,9,average,MV_507,40,100,50,2021-09-22,100,2021-10-14,50,,0,100,64,2021-11-25,2022-01-07,2022-02-03,8.72
105c2fc6-bb0d-49fa-ad18-0fa9f9b157e7,22A,105c2fc6-bb0d-49fa-ad18-0fa9f9b157e7-22A-C,C,DAP 1Kg/Are + Urea 0.5Kg/Are at V6 + Urea 0.5Kg/Are at V10,Urea 1kg/Are(V6 + V10),Maize,Beans,2021-09-01,9,average,MV_507,40,100,0,2021-09-22,100,2021-10-14,50,2021-11-10,50,100,64,2021-11-25,2022-01-07,2022-02-03,7.31
105c2fc6-bb0d-49fa-ad18-0fa9f9b157e7,22A,105c2fc6-bb0d-49fa-ad18-0fa9f9b157e7-22A-D,D,DAP 1Kg/Are at planting+ Urea 1Kg/Are at V6,Urea 1kg/Are(V6),Maize,Beans,2021-09-01,9,average,MV_507,40,100,0,2021-09-22,100,2021-10-14,100,,0,100,64,2021-11-25,2022-01-07,2022-02-03,6.52
67764487-2cb6-4bf4-a205-777fff2f277a,22A,67764487-2cb6-4bf4-a205-777fff2f277a-22A-A,A,DAP 1Kg/Are + Urea 0.5Kg/Are at V6,Urea 0.5Kg/Are(V6),Maize,Beans,2021-09-01,11,average,MV_507,40,100,0,2021-09-22,100,2021-10-14,50,,0,50,41,2021-11-25,2022-01-07,2022-02-01,7.05
67764487-2cb6-4bf4-a205-777fff2f277a,22A,67764487-2cb6-4bf4-a205-777fff2f277a-22A-B,B,DAP 1Kg/Are + Urea 0.5Kg/Are at Planting and Urea 0.5Kg/Are at V6,Urea1kg/Are(Planting+V6),Maize,Beans,2021-09-01,11,average,MV_507,40,100,50,2021-09-22,100,2021-10-14,50,,0,100,64,2021-11-25,2022-01-07,2022-02-01,5.65
67764487-2cb6-4bf4-a205-777fff2f277a,22A,67764487-2cb6-4bf4-a205-777fff2f277a-22A-C,C,DAP 1Kg/Are + Urea 0.5Kg/Are at V6 + Urea 0.5Kg/Are at V10,Urea 1kg/Are(V6 + V10),Maize,Beans,2021-09-01,11,average,MV_507,40,100,0,2021-09-22,100,2021-10-14,50,2021-11-10,50,100,64,2021-11-25,2022-01-07,2022-02-01,5.59
67764487-2cb6-4bf4-a205-777fff2f277a,22A,67764487-2cb6-4bf4-a205-777fff2f277a-22A-D,D,DAP 1Kg/Are at planting+ Urea 1Kg/Are at V6,Urea 1kg/Are(V6),Maize,Beans,2021-09-01,11,average,MV_507,40,100,0,2021-09-22,100,2021-10-14,100,,0,100,64,2021-11-25,2022-01-07,2022-02-01,5.36
6fe53429-9dca-4e83-914e-db52e92d6485,22A,6fe53429-9dca-4e83-914e-db52e92d6485-22A-A,A,DAP 1Kg/Are + Urea 0.5Kg/Are at V6,Urea 0.5Kg/Are(V6),Maize,Beans,2021-09-02,12,average,MV_507,39,99,0,2021-10-01,100,2021-10-19,49,,0,49,40,2021-11-26,2022-01-12,2022-02-04,3.37
6fe53429-9dca-4e83-914e-db52e92d6485,22A,6fe53429-9dca-4e83-914e-db52e92d6485-22A-B,B,DAP 1Kg/Are + Urea 0.5Kg/Are at Planting and Urea 0.5Kg/Are at V6,Urea1kg/Are(Planting+V6),Maize,Beans,2021-09-02,12,average,MV_507,39,99,49,2021-10-01,100,2021-10-19,49,,0,99,63,2021-11-26,2022-01-12,2022-02-04,2.12
6fe53429-9dca-4e83-914e-db52e92d6485,22A,6fe53429-9dca-4e83-914e-db52e92d6485-22A-C,C,DAP 1Kg/Are + Urea 0.5Kg/Are at V6 + Urea 0.5Kg/Are at V10,Urea 1kg/Are(V6 + V10),Maize,Beans,2021-09-02,12,average,MV_507,39,99,0,2021-10-01,100,2021-10-19,49,2021-11-12,49,99,63,2021-11-26,2022-01-12,2022-02-04,4.46
6fe53429-9dca-4e83-914e-db52e92d6485,22A,6fe53429-9dca-4e83-914e-db52e92d6485-22A-D,D,DAP 1Kg/Are at planting+ Urea 1Kg/Are at V6,Urea 1kg/Are(V6),Maize,Beans,2021-09-02,12,average,MV_507,39,99,0,2021-10-01,100,2021-10-19,99,,0,99,63,2021-11-26,2022-01-12,2022-02-04,3.92
bcbcbcaa-6e6c-40c9-b411-75d70465e4fc,22A,bcbcbcaa-6e6c-40c9-b411-75d70465e4fc-22A-A,A,DAP 1Kg/Are + Urea 0.5Kg/Are at V6,Urea 0.5Kg/Are(V6),Maize,Beans,2021-09-11,11,average,MV_507,40,100,0,2021-09-26,100,2021-10-20,50,,0,50,41,2021-11-23,2022-01-11,2022-02-09,3.98
bcbcbcaa-6e6c-40c9-b411-75d70465e4fc,22A,bcbcbcaa-6e6c-40c9-b411-75d70465e4fc-22A-B,B,DAP 1Kg/Are + Urea 0.5Kg/Are at Planting and Urea 0.5Kg/Are at V6,Urea1kg/Are(Planting+V6),Maize,Beans,2021-09-11,11,average,MV_507,40,100,50,2021-09-26,100,2021-10-20,50,,0,100,64,2021-11-23,2022-01-11,2022-02-09,4.95
bcbcbcaa-6e6c-40c9-b411-75d70465e4fc,22A,bcbcbcaa-6e6c-40c9-b411-75d70465e4fc-22A-C,C,DAP 1Kg/Are + Urea 0.5Kg/Are at V6 + Urea 0.5Kg/Are at V10,Urea 1kg/Are(V6 + V10),Maize,Beans,2021-09-11,11,average,MV_507,40,100,0,2021-09-26,100,2021-10-20,50,2021-11-19,50,100,64,2021-11-23,2022-01-11,2022-02-09,4.88
bcbcbcaa-6e6c-40c9-b411-75d70465e4fc,22A,bcbcbcaa-6e6c-40c9-b411-75d70465e4fc-22A-D,D,DAP 1Kg/Are at planting+ Urea 1Kg/Are at V6,Urea 1kg/Are(V6),Maize,Beans,2021-09-11,11,average,MV_507,40,100,0,2021-09-26,100,2021-10-20,100,,0,100,64,2021-11-23,2022-01-11,2022-02-09,3.79
37573f19-3f9f-4125-af13-f9264ebba27c,22A,37573f19-3f9f-4125-af13-f9264ebba27c-22A-A,A,DAP 1Kg/Are + Urea 0.5Kg/Are at V6,Urea 0.5Kg/Are(V6),Maize,Beans,2021-09-13,12,average,MV_507,42,104,0,2021-10-01,100,2021-10-23,52,,0,52,43,2021-11-27,2022-01-08,2022-02-10,3.59
37573f19-3f9f-4125-af13-f9264ebba27c,22A,37573f19-3f9f-4125-af13-f9264ebba27c-22A-B,B,DAP 1Kg/Are + Urea 0.5Kg/Are at Planting and Urea 0.5Kg/Are at V6,Urea1kg/Are(Planting+V6),Maize,Beans,2021-09-13,12,average,MV_507,42,104,52,2021-10-01,100,2021-10-23,52,,0,104,67,2021-11-27,2022-01-08,2022-02-10,4.75
37573f19-3f9f-4125-af13-f9264ebba27c,22A,37573f19-3f9f-4125-af13-f9264ebba27c-22A-C,C,DAP 1Kg/Are + Urea 0.5Kg/Are at V6 + Urea 0.5Kg/Are at V10,Urea 1kg/Are(V6 + V10),Maize,Beans,2021-09-13,12,average,MV_507,42,104,0,2021-10-01,100,2021-10-23,52,2021-11-18,52,104,67,2021-11-27,2022-01-08,2022-02-10,4.16
37573f19-3f9f-4125-af13-f9264ebba27c,22A,37573f19-3f9f-4125-af13-f9264ebba27c-22A-D,D,DAP 1Kg/Are at planting+ Urea 1Kg/Are at V6,Urea 1kg/Are(V6),Maize,Beans,2021-09-13,12,average,MV_507,42,104,0,2021-10-01,100,2021-10-23,104,,0,104,67,2021-11-27,2022-01-08,2022-02-10,3.77
541aff9a-15dc-4e24-9fe5-f15966cd6bb1,22A,541aff9a-15dc-4e24-9fe5-f15966cd6bb1-22A-A,A,DAP 1Kg/Are + Urea 0.5Kg/Are at V6,Urea 0.5Kg/Are(V6),Maize,Beans wheat,2021-08-13,6,Well_decomposed,MV_605,28,100,0,2021-09-14,82,2021-10-08,50,,0,50,41,2021-12-03,2022-01-05,2022-02-04,7.69
541aff9a-15dc-4e24-9fe5-f15966cd6bb1,22A,541aff9a-15dc-4e24-9fe5-f15966cd6bb1-22A-B,B,DAP 1Kg/Are + Urea 0.5Kg/Are at Planting and Urea 0.5Kg/Are at V6,Urea1kg/Are(Planting+V6),Maize,Beans wheat,2021-08-13,6,Well_decomposed,MV_605,28,100,50,2021-09-14,88,2021-10-08,50,,0,100,64,2021-12-03,2022-01-05,2022-02-04,7.2
541aff9a-15dc-4e24-9fe5-f15966cd6bb1,22A,541aff9a-15dc-4e24-9fe5-f15966cd6bb1-22A-C,C,DAP 1Kg/Are + Urea 0.5Kg/Are at V6 + Urea 0.5Kg/Are at V10,Urea 1kg/Are(V6 + V10),Maize,Beans wheat,2021-08-13,6,Well_decomposed,MV_605,28,100,0,2021-09-14,82,2021-10-08,50,2021-11-05,50,100,64,2021-12-03,2022-01-05,2022-02-04,6.8
541aff9a-15dc-4e24-9fe5-f15966cd6bb1,22A,541aff9a-15dc-4e24-9fe5-f15966cd6bb1-22A-D,D,DAP 1Kg/Are at planting+ Urea 1Kg/Are at V6,Urea 1kg/Are(V6),Maize,Beans wheat,2021-08-13,6,Well_decomposed,MV_605,28,100,0,2021-09-14,85,2021-10-08,100,,0,100,64,2021-12-03,2022-01-05,2022-02-04,7.04
e4910403-e13f-4781-a5a5-525af6e6745f,22A,e4910403-e13f-4781-a5a5-525af6e6745f-22A-A,A,DAP 1Kg/Are + Urea 0.5Kg/Are at V6,Urea 0.5Kg/Are(V6),Maize,irish_potato,2021-08-13,7,Well_decomposed,MV_605,28,100,0,2021-09-14,76,2021-10-21,50,,0,50,41,2021-12-03,2022-01-05,2022-02-14,5.96
e4910403-e13f-4781-a5a5-525af6e6745f,22A,e4910403-e13f-4781-a5a5-525af6e6745f-22A-B,B,DAP 1Kg/Are + Urea 0.5Kg/Are at Planting and Urea 0.5Kg/Are at V6,Urea1kg/Are(Planting+V6),Maize,irish_potato,2021-08-13,7,Well_decomposed,MV_605,28,100,50,2021-09-14,74,2021-10-21,50,,0,100,64,2021-12-03,2022-01-05,2022-02-14,6.59
e4910403-e13f-4781-a5a5-525af6e6745f,22A,e4910403-e13f-4781-a5a5-525af6e6745f-22A-C,C,DAP 1Kg/Are + Urea 0.5Kg/Are at V6 + Urea 0.5Kg/Are at V10,Urea 1kg/Are(V6 + V10),Maize,irish_potato,2021-08-13,7,Well_decomposed,MV_605,28,100,0,2021-09-14,80,2021-10-21,50,2021-11-10,50,100,64,2021-12-03,2022-01-05,2022-02-14,6.01
e4910403-e13f-4781-a5a5-525af6e6745f,22A,e4910403-e13f-4781-a5a5-525af6e6745f-22A-D,D,DAP 1Kg/Are at planting+ Urea 1Kg/Are at V6,Urea 1kg/Are(V6),Maize,irish_potato,2021-08-13,7,Well_decomposed,MV_605,28,100,0,2021-09-14,76,2021-10-21,100,,0,100,64,2021-12-03,2022-01-05,2022-02-14,6.94
f0a481a3-ede3-4cab-bcec-5f4061a60677,22A,f0a481a3-ede3-4cab-bcec-5f4061a60677-22A-A,A,DAP 1Kg/Are + Urea 0.5Kg/Are at V6,Urea 0.5Kg/Are(V6),Maize,irish_potato,2021-08-16,8,Well_decomposed,MV_605,27,100,0,2021-09-23,62,2021-10-08,50,,0,50,41,2021-12-03,2022-01-05,2022-02-02,5.71
f0a481a3-ede3-4cab-bcec-5f4061a60677,22A,f0a481a3-ede3-4cab-bcec-5f4061a60677-22A-B,B,DAP 1Kg/Are + Urea 0.5Kg/Are at Planting and Urea 0.5Kg/Are at V6,Urea1kg/Are(Planting+V6),Maize,irish_potato,2021-08-16,8,average,MV_605,26,100,50,2021-09-23,62,2021-10-08,50,,0,100,64,2021-12-03,2022-01-05,2022-02-02,4.86
f0a481a3-ede3-4cab-bcec-5f4061a60677,22A,f0a481a3-ede3-4cab-bcec-5f4061a60677-22A-C,C,DAP 1Kg/Are + Urea 0.5Kg/Are at V6 + Urea 0.5Kg/Are at V10,Urea 1kg/Are(V6 + V10),Maize,irish_potato,2021-08-16,8,average,MV_605,27,100,0,2021-09-23,80,2021-10-08,50,2021-11-10,50,100,64,2021-12-03,2022-01-05,2022-02-02,7.02
f0a481a3-ede3-4cab-bcec-5f4061a60677,22A,f0a481a3-ede3-4cab-bcec-5f4061a60677-22A-D,D,DAP 1Kg/Are at planting+ Urea 1Kg/Are at V6,Urea 1kg/Are(V6),Maize,irish_potato,2021-08-16,8,average,MV_605,28,100,0,2021-09-23,82,2021-10-08,100,,0,100,64,2021-12-03,2022-01-05,2022-02-02,7.42
04c3601b-be42-4bff-942c-bbab94f9e1da,22A,04c3601b-be42-4bff-942c-bbab94f9e1da-22A-A,A,DAP 1Kg/Are + Urea 0.5Kg/Are at V6,Urea 0.5Kg/Are(V6),Maize,Beans,2021-08-18,4,Well_decomposed,MV_605,28,100,0,2021-09-24,70,2021-10-21,50,,0,50,41,2021-12-03,2022-01-04,2022-02-14,4.64
04c3601b-be42-4bff-942c-bbab94f9e1da,22A,04c3601b-be42-4bff-942c-bbab94f9e1da-22A-B,B,DAP 1Kg/Are + Urea 0.5Kg/Are at Planting and Urea 0.5Kg/Are at V6,Urea1kg/Are(Planting+V6),Maize,Beans,2021-08-18,4,Well_decomposed,MV_605,27,100,50,2021-09-24,68,2021-10-21,50,,0,100,64,2021-12-03,2022-01-04,2022-02-14,4.84
04c3601b-be42-4bff-942c-bbab94f9e1da,22A,04c3601b-be42-4bff-942c-bbab94f9e1da-22A-C,C,DAP 1Kg/Are + Urea 0.5Kg/Are at V6 + Urea 0.5Kg/Are at V10,Urea 1kg/Are(V6 + V10),Maize,Beans,2021-08-18,4,Well_decomposed,MV_605,28,100,0,2021-09-26,74,2021-10-21,50,2021-11-12,50,100,64,2021-12-03,2022-01-04,2022-02-14,7.06
04c3601b-be42-4bff-942c-bbab94f9e1da,22A,04c3601b-be42-4bff-942c-bbab94f9e1da-22A-D,D,DAP 1Kg/Are at planting+ Urea 1Kg/Are at V6,Urea 1kg/Are(V6),Maize,Beans,2021-08-18,4,Well_decomposed,MV_605,28,100,0,2021-09-24,67,2021-10-21,100,,0,100,64,2021-12-03,2022-01-04,2022-02-14,3.68
4911c8f3-c203-4b26-a506-4ad38a82d0ed,22A,4911c8f3-c203-4b26-a506-4ad38a82d0ed-22A-A,A,DAP 1Kg/Are + Urea 0.5Kg/Are at V6,Urea 0.5Kg/Are(V6),Maize,Beans,2021-08-18,0,,MV_605,27,100,0,2021-09-16,70,2021-10-08,50,,0,50,41,2021-12-03,2022-01-05,2022-02-08,6.0
4911c8f3-c203-4b26-a506-4ad38a82d0ed,22A,4911c8f3-c203-4b26-a506-4ad38a82d0ed-22A-B,B,DAP 1Kg/Are + Urea 0.5Kg/Are at Planting and Urea 0.5Kg/Are at V6,Urea1kg/Are(Planting+V6),Maize,Beans,2021-08-18,0,,MV_605,28,100,50,2021-09-16,54,2021-10-08,50,,0,100,64,2021-12-03,2022-01-05,2022-02-08,3.15
4911c8f3-c203-4b26-a506-4ad38a82d0ed,22A,4911c8f3-c203-4b26-a506-4ad38a82d0ed-22A-C,C,DAP 1Kg/Are + Urea 0.5Kg/Are at V6 + Urea 0.5Kg/Are at V10,Urea 1kg/Are(V6 + V10),Maize,Beans,2021-08-18,0,,MV_605,28,100,0,2021-09-16,62,2021-10-08,50,2021-11-10,50,100,64,2021-12-03,2022-01-05,2022-02-08,3.51
4911c8f3-c203-4b26-a506-4ad38a82d0ed,22A,4911c8f3-c203-4b26-a506-4ad38a82d0ed-22A-D,D,DAP 1Kg/Are at planting+ Urea 1Kg/Are at V6,Urea 1kg/Are(V6),Maize,Beans,2021-08-18,0,,MV_605,28,100,0,2021-09-16,58,2021-10-08,100,,0,100,64,2021-12-03,2022-01-05,2022-02-08,3.0
a1760bd8-e3ec-45c8-b028-3a5d0b9c22dd,22A,a1760bd8-e3ec-45c8-b028-3a5d0b9c22dd-22A-A,A,DAP 1Kg/Are + Urea 0.5Kg/Are at V6,Urea 0.5Kg/Are(V6),Maize,Beans,2021-08-19,8,Well_decomposed,MV_605,27,100,0,2021-09-27,80,2021-10-18,50,,0,50,41,2021-12-08,2022-01-05,2022-02-10,6.75
a1760bd8-e3ec-45c8-b028-3a5d0b9c22dd,22A,a1760bd8-e3ec-45c8-b028-3a5d0b9c22dd-22A-B,B,DAP 1Kg/Are + Urea 0.5Kg/Are at Planting and Urea 0.5Kg/Are at V6,Urea1kg/Are(Planting+V6),Maize,Beans,2021-08-19,8,Well_decomposed,MV_605,28,100,50,2021-09-27,76,2021-10-18,50,,0,100,64,2021-12-08,2022-01-05,2022-02-10,6.38
a1760bd8-e3ec-45c8-b028-3a5d0b9c22dd,22A,a1760bd8-e3ec-45c8-b028-3a5d0b9c22dd-22A-C,C,DAP 1Kg/Are + Urea 0.5Kg/Are at V6 + Urea 0.5Kg/Are at V10,Urea 1kg/Are(V6 + V10),Maize,Beans,2021-08-19,8,Well_decomposed,MV_605,28,100,0,2021-09-27,81,2021-10-18,50,2021-11-12,50,100,64,2021-12-08,2022-01-05,2022-02-10,3.29
a1760bd8-e3ec-45c8-b028-3a5d0b9c22dd,22A,a1760bd8-e3ec-45c8-b028-3a5d0b9c22dd-22A-D,D,DAP 1Kg/Are at planting+ Urea 1Kg/Are at V6,Urea 1kg/Are(V6),Maize,Beans,2021-08-19,8,Well_decomposed,MV_605,28,100,0,2021-09-27,82,2021-10-18,100,,0,100,64,2021-12-08,2022-01-05,2022-02-10,3.73
516aea7d-9a4f-4a9d-a173-20fe98fe8fe3,22A,516aea7d-9a4f-4a9d-a173-20fe98fe8fe3-22A-A,A,DAP 1Kg/Are + Urea 0.5Kg/Are at V6,Urea 0.5Kg/Are(V6),Maize,Beans,2021-08-19,5,Well_decomposed,MV_605,28,100,0,2021-09-27,74,2021-10-11,50,,0,50,41,2021-12-05,2022-01-05,2022-02-08,8.15
516aea7d-9a4f-4a9d-a173-20fe98fe8fe3,22A,516aea7d-9a4f-4a9d-a173-20fe98fe8fe3-22A-B,B,DAP 1Kg/Are + Urea 0.5Kg/Are at Planting and Urea 0.5Kg/Are at V6,Urea1kg/Are(Planting+V6),Maize,Beans,2021-08-19,5,Well_decomposed,MV_605,28,100,50,2021-09-27,66,2021-10-11,50,,0,100,64,2021-12-05,2022-01-05,2022-02-08,5.24
516aea7d-9a4f-4a9d-a173-20fe98fe8fe3,22A,516aea7d-9a4f-4a9d-a173-20fe98fe8fe3-22A-C,C,DAP 1Kg/Are + Urea 0.5Kg/Are at V6 + Urea 0.5Kg/Are at V10,Urea 1kg/Are(V6 + V10),Maize,Beans,2021-08-19,5,Well_decomposed,MV_605,28,100,0,2021-09-27,68,2021-10-11,50,2021-11-12,50,100,64,2021-12-05,2022-01-05,2022-02-08,5.61
516aea7d-9a4f-4a9d-a173-20fe98fe8fe3,22A,516aea7d-9a4f-4a9d-a173-20fe98fe8fe3-22A-D,D,DAP 1Kg/Are at planting+ Urea 1Kg/Are at V6,Urea 1kg/Are(V6),Maize,Beans,2021-08-19,5,Well_decomposed,MV_605,28,100,0,2021-09-27,72,2021-10-11,100,,0,100,64,2021-12-05,2022-01-05,2022-02-08,6.57
8986590e-f055-4e33-b03f-129cbd993c73,22A,8986590e-f055-4e33-b03f-129cbd993c73-22A-A,A,DAP 1Kg/Are + Urea 0.5Kg/Are at V6,Urea 0.5Kg/Are(V6),Maize,Beans,2021-08-19,6,Well_decomposed,MV_605,28,100,0,2021-09-27,70,2021-10-11,50,,0,50,41,2021-12-05,2022-01-05,2022-02-08,4.93
8986590e-f055-4e33-b03f-129cbd993c73,22A,8986590e-f055-4e33-b03f-129cbd993c73-22A-B,B,DAP 1Kg/Are + Urea 0.5Kg/Are at Planting and Urea 0.5Kg/Are at V6,Urea1kg/Are(Planting+V6),Maize,Beans,2021-08-19,6,Well_decomposed,MV_605,28,100,50,2021-09-27,70,2021-10-11,50,,0,100,64,2021-12-05,2022-01-05,2022-02-08,5.54
8986590e-f055-4e33-b03f-129cbd993c73,22A,8986590e-f055-4e33-b03f-129cbd993c73-22A-C,C,DAP 1Kg/Are + Urea 0.5Kg/Are at V6 + Urea 0.5Kg/Are at V10,Urea 1kg/Are(V6 + V10),Maize,Beans,2021-08-19,6,Well_decomposed,MV_605,28,100,0,2021-09-27,74,2021-10-11,50,2021-11-12,50,100,64,2021-12-05,2022-01-05,2022-02-08,5.41
8986590e-f055-4e33-b03f-129cbd993c73,22A,8986590e-f055-4e33-b03f-129cbd993c73-22A-D,D,DAP 1Kg/Are at planting+ Urea 1Kg/Are at V6,Urea 1kg/Are(V6),Maize,Beans,2021-08-19,6,Well_decomposed,MV_605,28,100,0,2021-09-27,65,2021-10-11,100,,0,100,64,2021-12-05,2022-01-05,2022-02-08,5.75
f4f75a25-af6d-4c3a-8b29-b6233760557c,22A,f4f75a25-af6d-4c3a-8b29-b6233760557c-22A-A,A,DAP 1Kg/Are + Urea 0.5Kg/Are at V6,Urea 0.5Kg/Are(V6),Maize,irish_potato,2021-08-20,0,,MV_605,28,100,0,2021-09-24,81,2021-10-29,50,,0,50,41,2021-12-08,2022-01-06,2022-02-08,5.17
f4f75a25-af6d-4c3a-8b29-b6233760557c,22A,f4f75a25-af6d-4c3a-8b29-b6233760557c-22A-B,B,DAP 1Kg/Are + Urea 0.5Kg/Are at Planting and Urea 0.5Kg/Are at V6,Urea1kg/Are(Planting+V6),Maize,irish_potato,2021-08-20,0,,MV_605,28,100,50,2021-09-24,78,2021-10-29,50,,0,100,64,2021-12-08,2022-01-06,2022-02-08,6.23
f4f75a25-af6d-4c3a-8b29-b6233760557c,22A,f4f75a25-af6d-4c3a-8b29-b6233760557c-22A-C,C,DAP 1Kg/Are + Urea 0.5Kg/Are at V6 + Urea 0.5Kg/Are at V10,Urea 1kg/Are(V6 + V10),Maize,irish_potato,2021-08-20,0,,MV_605,28,100,0,2021-09-24,73,2021-10-29,50,2021-11-24,50,100,64,2021-12-11,2022-01-06,2022-02-08,5.64
f4f75a25-af6d-4c3a-8b29-b6233760557c,22A,f4f75a25-af6d-4c3a-8b29-b6233760557c-22A-D,D,DAP 1Kg/Are at planting+ Urea 1Kg/Are at V6,Urea 1kg/Are(V6),Maize,irish_potato,2021-08-20,0,,MV_605,28,100,0,2021-09-24,72,2021-10-29,100,,0,100,64,2021-12-08,2022-01-06,2022-02-08,5.38
1a050098-a662-4110-a924-60ce62f9d1d0,22A,1a050098-a662-4110-a924-60ce62f9d1d0-22A-A,A,DAP 1Kg/Are + Urea 0.5Kg/Are at V6,Urea 0.5Kg/Are(V6),Maize,cabbage,2021-08-24,8,Well_decomposed,MV_605,31,100,0,2021-09-27,68,2021-10-15,50,,0,50,41,2021-12-08,2022-01-07,2022-02-16,8.25
1a050098-a662-4110-a924-60ce62f9d1d0,22A,1a050098-a662-4110-a924-60ce62f9d1d0-22A-B,B,DAP 1Kg/Are + Urea 0.5Kg/Are at Planting and Urea 0.5Kg/Are at V6,Urea1kg/Are(Planting+V6),Maize,cabbage,2021-08-24,8,Well_decomposed,MV_605,31,100,50,2021-09-27,84,2021-10-15,50,,0,100,64,2021-12-08,2022-01-07,2022-02-16,7.45
1a050098-a662-4110-a924-60ce62f9d1d0,22A,1a050098-a662-4110-a924-60ce62f9d1d0-22A-C,C,DAP 1Kg/Are + Urea 0.5Kg/Are at V6 + Urea 0.5Kg/Are at V10,Urea 1kg/Are(V6 + V10),Maize,cabbage,2021-08-24,8,average,MV_605,31,100,0,2021-09-27,82,2021-10-15,50,2021-11-17,50,100,64,2021-12-08,2022-01-07,2022-02-16,7.13
1a050098-a662-4110-a924-60ce62f9d1d0,22A,1a050098-a662-4110-a924-60ce62f9d1d0-22A-D,D,DAP 1Kg/Are at planting+ Urea 1Kg/Are at V6,Urea 1kg/Are(V6),Maize,cabbage,2021-08-24,8,Well_decomposed,MV_605,31,100,0,2021-09-27,72,2021-10-15,100,,0,100,64,2021-12-08,2022-01-07,2022-02-16,6.56
48d55376-3ae6-4ed8-9c27-29c5b56ad8fd,22A,48d55376-3ae6-4ed8-9c27-29c5b56ad8fd-22A-A,A,DAP 1Kg/Are + Urea 0.5Kg/Are at V6,Urea 0.5Kg/Are(V6),Maize,irish_potato,2021-08-17,6,average,MV_605,18,100,0,2021-09-24,38,2021-10-20,50,,0,50,41,2022-01-07,2022-02-26,2022-04-18,5.78
48d55376-3ae6-4ed8-9c27-29c5b56ad8fd,22A,48d55376-3ae6-4ed8-9c27-29c5b56ad8fd-22A-B,B,DAP 1Kg/Are + Urea 0.5Kg/Are at Planting and Urea 0.5Kg/Are at V6,Urea1kg/Are(Planting+V6),Maize,irish_potato,2021-08-17,6,average,MV_605,40,100,50,2021-09-24,54,2021-10-20,50,,0,100,64,2022-01-07,2022-02-26,2022-04-18,6.55
48d55376-3ae6-4ed8-9c27-29c5b56ad8fd,22A,48d55376-3ae6-4ed8-9c27-29c5b56ad8fd-22A-C,C,DAP 1Kg/Are + Urea 0.5Kg/Are at V6 + Urea 0.5Kg/Are at V10,Urea 1kg/Are(V6 + V10),Maize,irish_potato,2021-08-17,6,average,MV_605,40,100,0,2021-09-24,62,2021-10-20,50,2021-11-25,50,100,64,2022-01-07,2022-02-26,2022-04-18,6.22
48d55376-3ae6-4ed8-9c27-29c5b56ad8fd,22A,48d55376-3ae6-4ed8-9c27-29c5b56ad8fd-22A-D,D,DAP 1Kg/Are at planting+ Urea 1Kg/Are at V6,Urea 1kg/Are(V6),Maize,irish_potato,2021-08-17,6,average,MV_605,40,100,0,2021-09-24,64,2021-10-20,100,,0,100,64,2022-03-19,2022-02-26,2022-04-18,7.93
b7844f39-62fa-4a98-8f18-810e7f056e26,22A,b7844f39-62fa-4a98-8f18-810e7f056e26-22A-A,A,DAP 1Kg/Are + Urea 0.5Kg/Are at V6,Urea 0.5Kg/Are(V6),Maize,irish_potato,2021-08-17,14,average,MV_605,40,100,0,2021-09-20,68,2021-10-20,50,,0,50,41,2022-01-07,2022-02-27,2022-04-19,3.97
b7844f39-62fa-4a98-8f18-810e7f056e26,22A,b7844f39-62fa-4a98-8f18-810e7f056e26-22A-B,B,DAP 1Kg/Are + Urea 0.5Kg/Are at Planting and Urea 0.5Kg/Are at V6,Urea1kg/Are(Planting+V6),Maize,irish_potato,2021-08-17,14,average,MV_605,40,100,50,2021-09-20,63,2021-10-20,50,,0,100,64,2022-01-07,2022-02-26,2022-04-19,6.41
b7844f39-62fa-4a98-8f18-810e7f056e26,22A,b7844f39-62fa-4a98-8f18-810e7f056e26-22A-C,C,DAP 1Kg/Are + Urea 0.5Kg/Are at V6 + Urea 0.5Kg/Are at V10,Urea 1kg/Are(V6 + V10),Maize,irish_potato,2021-08-17,14,average,MV_605,40,100,0,2021-09-20,86,2021-10-20,50,2021-11-24,50,100,64,2022-01-07,2022-02-26,2022-04-19,6.85
b7844f39-62fa-4a98-8f18-810e7f056e26,22A,b7844f39-62fa-4a98-8f18-810e7f056e26-22A-D,D,DAP 1Kg/Are at planting+ Urea 1Kg/Are at V6,Urea 1kg/Are(V6),Maize,irish_potato,2021-08-17,14,average,MV_605,18,100,0,2021-09-20,91,2021-10-20,100,,0,100,64,2022-01-07,2022-02-26,2022-04-19,5.21
d98706c8-d660-4897-937c-27398258daa3,22A,d98706c8-d660-4897-937c-27398258daa3-22A-A,A,DAP 1Kg/Are + Urea 0.5Kg/Are at V6,Urea 0.5Kg/Are(V6),Maize,irish_potato,2021-08-29,6,average,MV_605,32,100,0,2021-09-29,86,2021-11-10,50,,0,50,41,2022-01-27,2022-03-25,2022-04-19,7.26
d98706c8-d660-4897-937c-27398258daa3,22A,d98706c8-d660-4897-937c-27398258daa3-22A-B,B,DAP 1Kg/Are + Urea 0.5Kg/Are at Planting and Urea 0.5Kg/Are at V6,Urea1kg/Are(Planting+V6),Maize,irish_potato,2021-08-29,6,average,MV_605,32,100,50,2021-09-29,90,2021-11-10,50,,0,100,64,2022-01-27,2022-03-25,2022-04-19,6.87
d98706c8-d660-4897-937c-27398258daa3,22A,d98706c8-d660-4897-937c-27398258daa3-22A-C,C,DAP 1Kg/Are + Urea 0.5Kg/Are at V6 + Urea 0.5Kg/Are at V10,Urea 1kg/Are(V6 + V10),Maize,irish_potato,2021-08-29,6,average,MV_605,32,100,0,2021-09-29,89,2021-11-10,50,2021-12-10,50,100,64,2022-01-27,2022-03-25,2022-04-19,6.8
d98706c8-d660-4897-937c-27398258daa3,22A,d98706c8-d660-4897-937c-27398258daa3-22A-D,D,DAP 1Kg/Are at planting+ Urea 1Kg/Are at V6,Urea 1kg/Are(V6),Maize,irish_potato,2021-08-29,6,average,MV_605,32,100,0,2021-09-29,87,2021-11-10,100,,0,100,64,2022-01-27,2022-03-25,2022-04-19,9.43
171e6599-ed7f-44a0-b531-06299ffd2ff7,22A,171e6599-ed7f-44a0-b531-06299ffd2ff7-22A-A,A,DAP 1Kg/Are + Urea 0.5Kg/Are at V6,Urea 0.5Kg/Are(V6),Maize,irish_potato,2021-08-26,13,Well_decomposed,MV_605,32,100,0,2021-09-23,52,2021-10-27,50,,0,50,41,2022-01-27,2022-02-26,2022-05-03,7.2
171e6599-ed7f-44a0-b531-06299ffd2ff7,22A,171e6599-ed7f-44a0-b531-06299ffd2ff7-22A-B,B,DAP 1Kg/Are + Urea 0.5Kg/Are at Planting and Urea 0.5Kg/Are at V6,Urea1kg/Are(Planting+V6),Maize,irish_potato,2021-08-26,13,Well_decomposed,MV_605,32,100,50,2021-09-23,59,2021-10-27,50,,0,100,64,2022-01-27,2022-02-26,2022-05-03,5.54
171e6599-ed7f-44a0-b531-06299ffd2ff7,22A,171e6599-ed7f-44a0-b531-06299ffd2ff7-22A-C,C,DAP 1Kg/Are + Urea 0.5Kg/Are at V6 + Urea 0.5Kg/Are at V10,Urea 1kg/Are(V6 + V10),Maize,irish_potato,2021-08-26,13,Well_decomposed,MV_605,32,100,0,2021-09-23,64,2021-10-27,50,2021-12-10,50,100,64,2022-01-27,2022-02-26,2022-05-03,6.58
171e6599-ed7f-44a0-b531-06299ffd2ff7,22A,171e6599-ed7f-44a0-b531-06299ffd2ff7-22A-D,D,DAP 1Kg/Are at planting+ Urea 1Kg/Are at V6,Urea 1kg/Are(V6),Maize,irish_potato,2021-08-26,13,Well_decomposed,MV_605,32,100,0,2021-09-23,61,2021-10-27,100,,0,100,64,2022-01-27,2022-02-26,2022-05-03,5.4
dcebfbd7-0982-4a0f-8e94-ebd11c2bf1a4,22B,dcebfbd7-0982-4a0f-8e94-ebd11c2bf1a4-22B-A,A,DAP 1Kg/Are + Urea 0.5Kg/Are at V6,Urea 0.5Kg/Are(V6),Maize,Beans,2022-02-10,11,average,MV_507,40,100,0,2022-03-08,100,2022-03-25,50,,0,50,41,2022-05-17,2022-06-13,2022-07-14,4.62
dcebfbd7-0982-4a0f-8e94-ebd11c2bf1a4,22B,dcebfbd7-0982-4a0f-8e94-ebd11c2bf1a4-22B-B,B,DAP 1Kg/Are + Urea 0.5Kg/Are at Planting and Urea 0.5Kg/Are at V6,Urea1kg/Are(Planting+V6),Maize,Beans,2022-02-10,11,average,MV_507,40,100,50,2022-03-08,98,2022-03-25,50,,0,100,64,2022-05-17,2022-06-13,2022-07-14,5.49
dcebfbd7-0982-4a0f-8e94-ebd11c2bf1a4,22B,dcebfbd7-0982-4a0f-8e94-ebd11c2bf1a4-22B-C,C,DAP 1Kg/Are + Urea 0.5Kg/Are at V6 + Urea 0.5Kg/Are at V10,Urea 1kg/Are(V6 + V10),Maize,Beans,2022-02-10,11,average,MV_507,40,100,0,2022-03-08,100,2022-03-25,50,2022-04-02,50,100,64,2022-05-17,2022-06-13,2022-07-14,6.85
dcebfbd7-0982-4a0f-8e94-ebd11c2bf1a4,22B,dcebfbd7-0982-4a0f-8e94-ebd11c2bf1a4-22B-D,D,DAP 1Kg/Are at planting+ Urea 1Kg/Are at V6,Urea 1kg/Are(V6),Maize,Beans,2022-02-10,11,average,MV_507,40,100,0,2022-03-08,100,2022-03-25,100,,0,100,64,2022-05-17,2022-06-13,2022-07-14,5.61
871162a3-e357-4ef0-8f72-7d4ecc104800,22B,871162a3-e357-4ef0-8f72-7d4ecc104800-22B-A,A,DAP 1Kg/Are + Urea 0.5Kg/Are at V6,Urea 0.5Kg/Are(V6),Maize,Beans,2022-02-11,12,average,MV_507,40,100,0,2022-03-08,100,2022-04-06,50,,0,50,41,2022-06-24,2022-06-24,2022-07-14,4.18
871162a3-e357-4ef0-8f72-7d4ecc104800,22B,871162a3-e357-4ef0-8f72-7d4ecc104800-22B-B,B,DAP 1Kg/Are + Urea 0.5Kg/Are at Planting and Urea 0.5Kg/Are at V6,Urea1kg/Are(Planting+V6),Maize,Beans,2022-02-11,12,average,MV_507,40,100,50,2022-03-08,100,2022-04-06,50,,0,100,64,2022-06-26,2022-06-24,2022-07-14,3.65
871162a3-e357-4ef0-8f72-7d4ecc104800,22B,871162a3-e357-4ef0-8f72-7d4ecc104800-22B-C,C,DAP 1Kg/Are + Urea 0.5Kg/Are at V6 + Urea 0.5Kg/Are at V10,Urea 1kg/Are(V6 + V10),Maize,Beans,2022-02-11,12,average,MV_507,40,100,0,2022-03-08,100,2022-04-06,50,2022-04-11,50,100,64,2022-05-17,2022-06-24,2022-07-14,5.47
871162a3-e357-4ef0-8f72-7d4ecc104800,22B,871162a3-e357-4ef0-8f72-7d4ecc104800-22B-D,D,DAP 1Kg/Are at planting+ Urea 1Kg/Are at V6,Urea 1kg/Are(V6),Maize,Beans,2022-02-11,12,average,MV_507,40,100,0,2022-03-08,96,2022-04-06,100,,0,100,64,2022-05-17,2022-06-24,2022-07-14,4.63
fe36931b-2707-4cdf-8ce9-381301cb1deb,22B,fe36931b-2707-4cdf-8ce9-381301cb1deb-22B-A,A,DAP 1Kg/Are + Urea 0.5Kg/Are at V6,Urea 0.5Kg/Are(V6),Maize,Beans,2022-02-20,13,average,MV_507,40,100,0,2022-03-18,100,2022-04-06,50,,0,50,41,2022-06-08,2022-06-24,2022-07-27,5.02
fe36931b-2707-4cdf-8ce9-381301cb1deb,22B,fe36931b-2707-4cdf-8ce9-381301cb1deb-22B-B,B,DAP 1Kg/Are + Urea 0.5Kg/Are at Planting and Urea 0.5Kg/Are at V6,Urea1kg/Are(Planting+V6),Maize,Beans,2022-02-20,13,average,MV_507,40,100,50,2022-03-18,96,2022-04-06,50,,0,100,64,2022-06-08,2022-06-24,2022-06-27,5.43
fe36931b-2707-4cdf-8ce9-381301cb1deb,22B,fe36931b-2707-4cdf-8ce9-381301cb1deb-22B-C,C,DAP 1Kg/Are + Urea 0.5Kg/Are at V6 + Urea 0.5Kg/Are at V10,Urea 1kg/Are(V6 + V10),Maize,Beans,2022-02-20,13,average,MV_507,40,100,0,2022-03-18,100,2022-04-06,50,2022-04-17,50,100,64,2022-06-08,2022-06-24,2022-07-27,4.14
fe36931b-2707-4cdf-8ce9-381301cb1deb,22B,fe36931b-2707-4cdf-8ce9-381301cb1deb-22B-D,D,DAP 1Kg/Are at planting+ Urea 1Kg/Are at V6,Urea 1kg/Are(V6),Maize,Beans,2022-02-20,13,average,MV_507,40,100,0,2022-03-18,88,2022-04-06,100,,0,100,64,2022-06-08,2022-06-24,2022-07-27,4.44
8dd1c68f-5fd0-4e43-8fa2-2e71ea3f4bde,22B,8dd1c68f-5fd0-4e43-8fa2-2e71ea3f4bde-22B-A,A,DAP 1Kg/Are + Urea 0.5Kg/Are at V6,Urea 0.5Kg/Are(V6),Maize,Beans,2022-02-23,11,average,MV_507,40,100,0,2022-03-16,100,2022-04-16,50,,0,50,41,2022-06-10,2022-07-06,2022-07-30,3.4
8dd1c68f-5fd0-4e43-8fa2-2e71ea3f4bde,22B,8dd1c68f-5fd0-4e43-8fa2-2e71ea3f4bde-22B-B,B,DAP 1Kg/Are + Urea 0.5Kg/Are at Planting and Urea 0.5Kg/Are at V6,Urea1kg/Are(Planting+V6),Maize,Beans,2022-02-23,11,average,MV_507,40,100,50,2022-03-16,92,2022-04-16,50,,0,100,64,2022-06-10,2022-07-06,2022-07-30,1.71
8dd1c68f-5fd0-4e43-8fa2-2e71ea3f4bde,22B,8dd1c68f-5fd0-4e43-8fa2-2e71ea3f4bde-22B-C,C,DAP 1Kg/Are + Urea 0.5Kg/Are at V6 + Urea 0.5Kg/Are at V10,Urea 1kg/Are(V6 + V10),Maize,Beans,2022-02-23,11,average,MV_507,40,100,0,2022-03-16,100,2022-04-16,50,2022-05-17,50,100,64,2022-06-10,2022-07-06,2022-07-30,0.49
8dd1c68f-5fd0-4e43-8fa2-2e71ea3f4bde,22B,8dd1c68f-5fd0-4e43-8fa2-2e71ea3f4bde-22B-D,D,DAP 1Kg/Are at planting+ Urea 1Kg/Are at V6,Urea 1kg/Are(V6),Maize,Beans,2022-02-23,11,average,MV_507,40,100,0,2022-03-16,100,2022-04-16,100,,0,100,64,2022-06-10,2022-07-06,2022-07-30,2.58
09af63c9-2ce1-4ed7-be5b-1d5e85e7be55,22B,09af63c9-2ce1-4ed7-be5b-1d5e85e7be55-22B-A,A,DAP 1Kg/Are + Urea 0.5Kg/Are at V6,Urea 0.5Kg/Are(V6),Maize,sweet_potato,2022-02-28,10,average,MV_507,41,102,0,2022-03-24,94,2022-04-13,51,,0,51,42,2022-06-10,2022-07-06,2022-08-01,3.27
09af63c9-2ce1-4ed7-be5b-1d5e85e7be55,22B,09af63c9-2ce1-4ed7-be5b-1d5e85e7be55-22B-B,B,DAP 1Kg/Are + Urea 0.5Kg/Are at Planting and Urea 0.5Kg/Are at V6,Urea1kg/Are(Planting+V6),Maize,sweet_potato,2022-03-01,10,average,MV_507,41,102,51,2022-03-24,100,2022-04-13,51,,0,102,65,2022-06-10,2022-07-06,2022-08-01,4.17
09af63c9-2ce1-4ed7-be5b-1d5e85e7be55,22B,09af63c9-2ce1-4ed7-be5b-1d5e85e7be55-22B-C,C,DAP 1Kg/Are + Urea 0.5Kg/Are at V6 + Urea 0.5Kg/Are at V10,Urea 1kg/Are(V6 + V10),Maize,sweet_potato,2022-03-01,10,average,MV_507,41,102,0,2022-03-24,100,2022-04-13,51,2022-05-17,51,102,65,2022-06-10,2022-07-06,2022-08-01,3.13
09af63c9-2ce1-4ed7-be5b-1d5e85e7be55,22B,09af63c9-2ce1-4ed7-be5b-1d5e85e7be55-22B-D,D,DAP 1Kg/Are at planting+ Urea 1Kg/Are at V6,Urea 1kg/Are(V6),Maize,sweet_potato,2022-03-01,10,average,MV_507,41,102,0,2022-03-24,100,2022-04-13,102,,0,102,65,2022-06-10,2022-07-06,2022-08-01,3.0
1c1da627-3c18-4b38-aa21-3f58fe04b008,22B,1c1da627-3c18-4b38-aa21-3f58fe04b008-22B-A,A,DAP 1Kg/Are + Urea 0.5Kg/Are at V6,Urea 0.5Kg/Are(V6),Maize,Beans,2022-01-19,10,Well_decomposed,MV_605,44,100,0,2022-02-25,100,2022-03-14,50,,0,50,41,2022-04-29,2022-06-20,2022-07-06,4.12
1c1da627-3c18-4b38-aa21-3f58fe04b008,22B,1c1da627-3c18-4b38-aa21-3f58fe04b008-22B-B,B,DAP 1Kg/Are + Urea 0.5Kg/Are at Planting and Urea 0.5Kg/Are at V6,Urea1kg/Are(Planting+V6),Maize,Beans,2022-01-19,10,Well_decomposed,MV_605,44,100,50,2022-02-25,64,2022-03-14,50,,0,100,64,2022-04-29,2022-06-20,2022-07-06,3.65
1c1da627-3c18-4b38-aa21-3f58fe04b008,22B,1c1da627-3c18-4b38-aa21-3f58fe04b008-22B-C,C,DAP 1Kg/Are + Urea 0.5Kg/Are at V6 + Urea 0.5Kg/Are at V10,Urea 1kg/Are(V6 + V10),Maize,Beans,2022-01-19,10,Well_decomposed,MV_605,44,100,0,2022-02-25,100,2022-03-14,50,2022-04-05,50,100,64,2022-04-29,2022-06-20,2022-07-06,6.29
1c1da627-3c18-4b38-aa21-3f58fe04b008,22B,1c1da627-3c18-4b38-aa21-3f58fe04b008-22B-D,D,DAP 1Kg/Are at planting+ Urea 1Kg/Are at V6,Urea 1kg/Are(V6),Maize,Beans,2022-01-19,10,Well_decomposed,MV_605,44,100,0,2022-02-25,100,2022-03-14,100,,0,100,64,2022-04-29,2022-06-20,2022-07-06,5.31
bf3c8b6a-8e80-4c74-a42a-8a683a4781e0,22B,bf3c8b6a-8e80-4c74-a42a-8a683a4781e0-22B-A,A,DAP 1Kg/Are + Urea 0.5Kg/Are at V6,Urea 0.5Kg/Are(V6),Maize,irish_potato,2022-01-21,8,Well_decomposed,MV_605,44,100,0,2022-02-20,100,2022-03-14,50,,0,50,41,2022-04-29,2022-06-20,2022-07-06,4.8
bf3c8b6a-8e80-4c74-a42a-8a683a4781e0,22B,bf3c8b6a-8e80-4c74-a42a-8a683a4781e0-22B-B,B,DAP 1Kg/Are + Urea 0.5Kg/Are at Planting and Urea 0.5Kg/Are at V6,Urea1kg/Are(Planting+V6),Maize,irish_potato,2022-01-21,8,Well_decomposed,MV_605,44,100,50,2022-02-20,98,2022-03-14,50,,0,100,64,2022-04-29,2022-06-20,2022-07-06,7.9
bf3c8b6a-8e80-4c74-a42a-8a683a4781e0,22B,bf3c8b6a-8e80-4c74-a42a-8a683a4781e0-22B-C,C,DAP 1Kg/Are + Urea 0.5Kg/Are at V6 + Urea 0.5Kg/Are at V10,Urea 1kg/Are(V6 + V10),Maize,irish_potato,2022-01-21,8,Well_decomposed,MV_605,44,100,0,2022-02-20,100,2022-03-14,50,2022-04-22,50,100,64,2022-04-29,2022-06-20,2022-07-06,4.69
bf3c8b6a-8e80-4c74-a42a-8a683a4781e0,22B,bf3c8b6a-8e80-4c74-a42a-8a683a4781e0-22B-D,D,DAP 1Kg/Are at planting+ Urea 1Kg/Are at V6,Urea 1kg/Are(V6),Maize,irish_potato,2022-01-21,8,Well_decomposed,MV_605,44,100,0,2022-02-20,100,2022-03-14,100,,0,100,64,2022-04-29,2022-06-20,2022-07-06,5.22
ea9c2b5c-6d30-4915-b913-492fed758811,22B,ea9c2b5c-6d30-4915-b913-492fed758811-22B-A,A,DAP 1Kg/Are + Urea 0.5Kg/Are at V6,Urea 0.5Kg/Are(V6),Maize,Beans,2022-01-25,12,Well_decomposed,MV_605,44,100,0,2022-02-25,97,2022-03-28,50,,0,50,41,2022-05-03,2022-06-20,2022-07-14,6.46
ea9c2b5c-6d30-4915-b913-492fed758811,22B,ea9c2b5c-6d30-4915-b913-492fed758811-22B-B,B,DAP 1Kg/Are + Urea 0.5Kg/Are at Planting and Urea 0.5Kg/Are at V6,Urea1kg/Are(Planting+V6),Maize,Beans,2022-01-25,12,Well_decomposed,MV_605,44,100,50,2022-02-25,98,2022-03-28,50,,0,100,64,2022-05-03,2022-06-20,2022-07-14,8.17
ea9c2b5c-6d30-4915-b913-492fed758811,22B,ea9c2b5c-6d30-4915-b913-492fed758811-22B-C,C,DAP 1Kg/Are + Urea 0.5Kg/Are at V6 + Urea 0.5Kg/Are at V10,Urea 1kg/Are(V6 + V10),Maize,Beans,2022-01-25,12,Well_decomposed,MV_605,44,100,0,2022-02-25,98,2022-03-28,50,2022-04-28,50,100,64,2022-05-03,2022-06-20,2022-07-14,5.06
ea9c2b5c-6d30-4915-b913-492fed758811,22B,ea9c2b5c-6d30-4915-b913-492fed758811-22B-D,D,DAP 1Kg/Are at planting+ Urea 1Kg/Are at V6,Urea 1kg/Are(V6),Maize,Beans,2022-01-25,12,Well_decomposed,MV_605,44,100,0,2022-02-25,100,2022-03-28,100,,0,100,64,2022-02-21,2022-06-20,2022-07-14,5.9
9c8052e3-cfd4-4ed4-9c30-ab77e29b7f40,22B,9c8052e3-cfd4-4ed4-9c30-ab77e29b7f40-22B-A,A,DAP 1Kg/Are + Urea 0.5Kg/Are at V6,Urea 0.5Kg/Are(V6),Maize,irish_potato,2022-01-25,10,Well_decomposed,MV_605,44,100,0,2022-03-10,100,2022-04-01,50,,0,50,41,2022-05-08,2022-06-20,2022-07-07,6.45
9c8052e3-cfd4-4ed4-9c30-ab77e29b7f40,22B,9c8052e3-cfd4-4ed4-9c30-ab77e29b7f40-22B-B,B,DAP 1Kg/Are + Urea 0.5Kg/Are at Planting and Urea 0.5Kg/Are at V6,Urea1kg/Are(Planting+V6),Maize,irish_potato,2022-01-25,10,Well_decomposed,MV_605,44,100,50,2022-03-10,100,2022-04-01,50,,0,100,64,2022-05-08,2022-06-20,2022-07-07,6.89
9c8052e3-cfd4-4ed4-9c30-ab77e29b7f40,22B,9c8052e3-cfd4-4ed4-9c30-ab77e29b7f40-22B-C,C,DAP 1Kg/Are + Urea 0.5Kg/Are at V6 + Urea 0.5Kg/Are at V10,Urea 1kg/Are(V6 + V10),Maize,irish_potato,2022-01-25,10,Well_decomposed,MV_605,44,100,0,2022-03-10,100,2022-04-01,50,2022-04-28,50,100,64,2022-05-08,2022-06-20,2022-07-07,6.9
9c8052e3-cfd4-4ed4-9c30-ab77e29b7f40,22B,9c8052e3-cfd4-4ed4-9c30-ab77e29b7f40-22B-D,D,DAP 1Kg/Are at planting+ Urea 1Kg/Are at V6,Urea 1kg/Are(V6),Maize,irish_potato,2022-01-25,10,Well_decomposed,MV_605,44,100,0,2022-03-10,100,2022-04-01,100,,0,100,64,2022-05-08,2022-06-20,2022-07-07,3.86
905956f4-da57-4079-8858-d682bdeb6978,22B,905956f4-da57-4079-8858-d682bdeb6978-22B-A,A,DAP 1Kg/Are + Urea 0.5Kg/Are at V6,Urea 0.5Kg/Are(V6),Maize,Beans,2022-01-27,11,Well_decomposed,MV_605,44,100,0,2022-02-25,100,2022-03-31,50,,0,50,41,2022-05-11,2022-06-20,2022-07-27,4.95
905956f4-da57-4079-8858-d682bdeb6978,22B,905956f4-da57-4079-8858-d682bdeb6978-22B-B,B,DAP 1Kg/Are + Urea 0.5Kg/Are at Planting and Urea 0.5Kg/Are at V6,Urea1kg/Are(Planting+V6),Maize,Beans,2022-01-27,11,Well_decomposed,MV_605,44,100,50,2022-02-25,100,2022-03-31,50,,0,100,64,2022-05-11,2022-06-20,2022-07-27,5.13
905956f4-da57-4079-8858-d682bdeb6978,22B,905956f4-da57-4079-8858-d682bdeb6978-22B-C,C,DAP 1Kg/Are + Urea 0.5Kg/Are at V6 + Urea 0.5Kg/Are at V10,Urea 1kg/Are(V6 + V10),Maize,Beans,2022-01-27,11,Well_decomposed,MV_605,44,100,0,2022-02-25,100,2022-03-31,50,2022-04-22,50,100,64,2022-05-11,2022-06-20,2022-07-27,3.99
905956f4-da57-4079-8858-d682bdeb6978,22B,905956f4-da57-4079-8858-d682bdeb6978-22B-D,D,DAP 1Kg/Are at planting+ Urea 1Kg/Are at V6,Urea 1kg/Are(V6),Maize,Beans,2022-01-27,11,Well_decomposed,MV_605,44,100,0,2022-02-25,100,2022-03-31,100,,0,100,64,2022-05-11,2022-06-20,2022-07-27,6.49
da38289e-118a-42f5-8a9f-1f26c942d183,22B,da38289e-118a-42f5-8a9f-1f26c942d183-22B-A,A,DAP 1Kg/Are + Urea 0.5Kg/Are at V6,Urea 0.5Kg/Are(V6),Maize,irish_potato,2022-02-01,11,Well_decomposed,MV_605,41,100,0,2022-03-10,98,2022-04-01,53,,0,53,43,2022-05-11,2022-06-24,2022-07-27,4.05
da38289e-118a-42f5-8a9f-1f26c942d183,22B,da38289e-118a-42f5-8a9f-1f26c942d183-22B-B,B,DAP 1Kg/Are + Urea 0.5Kg/Are at Planting and Urea 0.5Kg/Are at V6,Urea1kg/Are(Planting+V6),Maize,irish_potato,2022-02-01,11,Well_decomposed,MV_605,41,100,50,2022-03-10,97,2022-04-01,53,,0,103,66,2022-05-11,2022-06-24,2022-07-27,5.34
da38289e-118a-42f5-8a9f-1f26c942d183,22B,da38289e-118a-42f5-8a9f-1f26c942d183-22B-C,C,DAP 1Kg/Are + Urea 0.5Kg/Are at V6 + Urea 0.5Kg/Are at V10,Urea 1kg/Are(V6 + V10),Maize,irish_potato,2022-02-01,11,Well_decomposed,MV_605,41,100,0,2022-03-10,96,2022-04-01,53,2022-05-04,53,107,67,2022-05-11,2022-06-24,2022-07-27,4.76
da38289e-118a-42f5-8a9f-1f26c942d183,22B,da38289e-118a-42f5-8a9f-1f26c942d183-22B-D,D,DAP 1Kg/Are at planting+ Urea 1Kg/Are at V6,Urea 1kg/Are(V6),Maize,irish_potato,2022-02-05,11,Well_decomposed,MV_605,41,100,0,2022-03-10,100,2022-04-01,107,,0,107,67,2022-05-11,2022-06-24,2022-07-27,5.5
ad759faf-824b-4788-8585-63f808f513e0,22B,ad759faf-824b-4788-8585-63f808f513e0-22B-A,A,DAP 1Kg/Are + Urea 0.5Kg/Are at V6,Urea 0.5Kg/Are(V6),Maize,irish_potato,2022-01-12,10,Well_decomposed,MV_605,44,100,0,2022-02-04,100,2022-02-23,50,,0,50,41,2022-04-21,2022-06-02,2022-07-01,5.43
ad759faf-824b-4788-8585-63f808f513e0,22B,ad759faf-824b-4788-8585-63f808f513e0-22B-B,B,DAP 1Kg/Are + Urea 0.5Kg/Are at Planting and Urea 0.5Kg/Are at V6,Urea1kg/Are(Planting+V6),Maize,irish_potato,2022-01-12,10,Well_decomposed,MV_605,44,100,50,2022-02-04,100,2022-02-23,50,,0,100,64,,2022-06-02,2022-07-01,5.93
ad759faf-824b-4788-8585-63f808f513e0,22B,ad759faf-824b-4788-8585-63f808f513e0-22B-C,C,DAP 1Kg/Are + Urea 0.5Kg/Are at V6 + Urea 0.5Kg/Are at V10,Urea 1kg/Are(V6 + V10),Maize,irish_potato,2022-01-12,10,Well_decomposed,MV_605,44,100,0,2022-02-04,100,2022-02-23,50,2022-03-30,50,100,64,,2022-06-02,2022-07-01,5.66
ad759faf-824b-4788-8585-63f808f513e0,22B,ad759faf-824b-4788-8585-63f808f513e0-22B-D,D,DAP 1Kg/Are at planting+ Urea 1Kg/Are at V6,Urea 1kg/Are(V6),Maize,irish_potato,2022-01-12,10,Well_decomposed,MV_605,44,100,0,2022-02-04,100,2022-02-23,100,,0,100,64,,2022-06-02,2022-07-01,6.83
45075a0a-e021-498d-8e57-c23955364ea3,22B,45075a0a-e021-498d-8e57-c23955364ea3-22B-A,A,DAP 1Kg/Are + Urea 0.5Kg/Are at V6,Urea 0.5Kg/Are(V6),Maize,irish_potato,2022-01-13,4,Well_decomposed,MV_605,44,100,0,2022-02-04,100,2022-02-23,50,,0,50,41,2022-05-04,2022-06-02,2022-07-01,4.41
45075a0a-e021-498d-8e57-c23955364ea3,22B,45075a0a-e021-498d-8e57-c23955364ea3-22B-B,B,DAP 1Kg/Are + Urea 0.5Kg/Are at Planting and Urea 0.5Kg/Are at V6,Urea1kg/Are(Planting+V6),Maize,irish_potato,2022-01-13,4,Well_decomposed,MV_605,44,100,50,2022-02-04,100,2022-02-23,50,,0,100,64,2022-05-04,2022-06-02,2022-07-01,4.66
45075a0a-e021-498d-8e57-c23955364ea3,22B,45075a0a-e021-498d-8e57-c23955364ea3-22B-C,C,DAP 1Kg/Are + Urea 0.5Kg/Are at V6 + Urea 0.5Kg/Are at V10,Urea 1kg/Are(V6 + V10),Maize,irish_potato,2022-01-13,4,Well_decomposed,MV_605,44,100,0,2022-02-04,100,2022-02-23,50,2022-03-30,50,100,64,2022-05-04,2022-06-02,2022-07-01,4.97
45075a0a-e021-498d-8e57-c23955364ea3,22B,45075a0a-e021-498d-8e57-c23955364ea3-22B-D,D,DAP 1Kg/Are at planting+ Urea 1Kg/Are at V6,Urea 1kg/Are(V6),Maize,irish_potato,2022-01-13,4,Well_decomposed,MV_605,44,100,0,2022-02-04,100,2022-02-23,100,,0,100,64,2022-05-04,2022-06-02,2022-07-01,6.61
c36ed18c-37fc-429b-9e54-0ed7e2d58f81,22B,c36ed18c-37fc-429b-9e54-0ed7e2d58f81-22B-A,A,DAP 1Kg/Are + Urea 0.5Kg/Are at V6,Urea 0.5Kg/Are(V6),Maize,irish_potato,2022-01-31,10,Well_decomposed,MV_605,41,100,0,2022-02-24,95,2022-03-22,50,,0,50,41,,2022-06-15,2022-07-18,5.01
c36ed18c-37fc-429b-9e54-0ed7e2d58f81,22B,c36ed18c-37fc-429b-9e54-0ed7e2d58f81-22B-B,B,DAP 1Kg/Are + Urea 0.5Kg/Are at Planting and Urea 0.5Kg/Are at V6,Urea1kg/Are(Planting+V6),Maize,irish_potato,2022-01-31,10,Well_decomposed,MV_605,41,100,50,2022-02-24,90,2022-03-22,50,,0,100,64,2022-05-06,2022-06-15,2022-07-18,4.1
c36ed18c-37fc-429b-9e54-0ed7e2d58f81,22B,c36ed18c-37fc-429b-9e54-0ed7e2d58f81-22B-C,C,DAP 1Kg/Are + Urea 0.5Kg/Are at V6 + Urea 0.5Kg/Are at V10,Urea 1kg/Are(V6 + V10),Maize,irish_potato,2022-01-31,10,Well_decomposed,MV_605,41,100,0,2022-02-24,92,2022-03-22,50,2022-04-21,50,100,64,2022-05-06,2022-06-15,2022-07-18,4.69
c36ed18c-37fc-429b-9e54-0ed7e2d58f81,22B,c36ed18c-37fc-429b-9e54-0ed7e2d58f81-22B-D,D,DAP 1Kg/Are at planting+ Urea 1Kg/Are at V6,Urea 1kg/Are(V6),Maize,irish_potato,2022-01-31,10,Well_decomposed,MV_605,41,100,0,2022-02-24,94,2022-03-22,100,,0,100,64,2022-05-06,2022-06-15,2022-07-18,6.49
6873a306-44b8-430c-aeda-a411398c9452,22B,6873a306-44b8-430c-aeda-a411398c9452-22B-A,A,DAP 1Kg/Are + Urea 0.5Kg/Are at V6,Urea 0.5Kg/Are(V6),Maize,fallow,2022-02-11,8,Well_decomposed,MV_605,44,100,0,2022-03-11,95,2022-03-30,50,,0,50,41,2022-05-18,2022-06-23,2022-07-18,2.52
6873a306-44b8-430c-aeda-a411398c9452,22B,6873a306-44b8-430c-aeda-a411398c9452-22B-B,B,DAP 1Kg/Are + Urea 0.5Kg/Are at Planting and Urea 0.5Kg/Are at V6,Urea1kg/Are(Planting+V6),Maize,fallow,2022-02-11,8,average,MV_605,44,100,50,2022-03-11,98,2022-03-30,50,,0,100,64,2022-05-18,2022-06-23,2022-07-18,3.84
6873a306-44b8-430c-aeda-a411398c9452,22B,6873a306-44b8-430c-aeda-a411398c9452-22B-C,C,DAP 1Kg/Are + Urea 0.5Kg/Are at V6 + Urea 0.5Kg/Are at V10,Urea 1kg/Are(V6 + V10),Maize,fallow,2022-02-11,8,Well_decomposed,MV_605,44,100,0,2022-03-11,98,2022-03-30,50,2022-05-05,50,100,64,2022-05-18,2022-06-23,2022-07-18,3.98
6873a306-44b8-430c-aeda-a411398c9452,22B,6873a306-44b8-430c-aeda-a411398c9452-22B-D,D,DAP 1Kg/Are at planting+ Urea 1Kg/Are at V6,Urea 1kg/Are(V6),Maize,fallow,2022-02-11,8,average,MV_605,44,100,0,2022-03-11,92,2022-03-30,100,,0,100,64,2022-05-18,2022-06-23,2022-07-18,3.9
66e0a8ac-e923-42d9-ac9e-76ba74a65c4d,22B,66e0a8ac-e923-42d9-ac9e-76ba74a65c4d-22B-A,A,DAP 1Kg/Are + Urea 0.5Kg/Are at V6,Urea 0.5Kg/Are(V6),Maize,irish_potato,2022-01-18,12,Well_decomposed,MV_605,45,100,0,2022-02-25,76,2022-04-05,50,,0,50,41,2022-05-28,2022-07-04,2022-07-31,5.97
66e0a8ac-e923-42d9-ac9e-76ba74a65c4d,22B,66e0a8ac-e923-42d9-ac9e-76ba74a65c4d-22B-B,B,DAP 1Kg/Are + Urea 0.5Kg/Are at Planting and Urea 0.5Kg/Are at V6,Urea1kg/Are(Planting+V6),Maize,irish_potato,2022-01-18,12,Well_decomposed,MV_605,45,100,50,2022-02-25,61,2022-04-05,50,,0,100,64,2022-05-28,2022-07-04,2022-07-31,4.35
66e0a8ac-e923-42d9-ac9e-76ba74a65c4d,22B,66e0a8ac-e923-42d9-ac9e-76ba74a65c4d-22B-C,C,DAP 1Kg/Are + Urea 0.5Kg/Are at V6 + Urea 0.5Kg/Are at V10,Urea 1kg/Are(V6 + V10),Maize,irish_potato,2022-01-18,12,Well_decomposed,MV_605,44,100,0,2022-02-25,64,2022-04-05,50,2022-05-06,50,100,64,2022-05-28,2022-07-05,2022-07-31,4.87
66e0a8ac-e923-42d9-ac9e-76ba74a65c4d,22B,66e0a8ac-e923-42d9-ac9e-76ba74a65c4d-22B-D,D,DAP 1Kg/Are at planting+ Urea 1Kg/Are at V6,Urea 1kg/Are(V6),Maize,irish_potato,2022-01-18,12,Well_decomposed,MV_605,45,100,0,2022-02-25,67,2022-04-05,100,,0,100,64,2022-05-28,2022-07-04,2022-07-31,5.23
17fd266f-0573-469f-809c-774007ebb3c8,22B,17fd266f-0573-469f-809c-774007ebb3c8-22B-A,A,DAP 1Kg/Are + Urea 0.5Kg/Are at V6,Urea 0.5Kg/Are(V6),Maize,Beans irish_potato,2022-01-21,10,Well_decomposed,MV_605,45,100,0,2022-03-04,78,2022-04-05,50,,0,50,41,2022-05-28,2022-07-08,2022-07-31,2.88
17fd266f-0573-469f-809c-774007ebb3c8,22B,17fd266f-0573-469f-809c-774007ebb3c8-22B-B,B,DAP 1Kg/Are + Urea 0.5Kg/Are at Planting and Urea 0.5Kg/Are at V6,Urea1kg/Are(Planting+V6),Maize,Beans irish_potato,2022-01-21,10,Well_decomposed,MV_605,45,100,50,2022-03-04,76,2022-04-05,50,,0,100,64,2022-05-28,2022-07-08,2022-07-31,3.77
17fd266f-0573-469f-809c-774007ebb3c8,22B,17fd266f-0573-469f-809c-774007ebb3c8-22B-C,C,DAP 1Kg/Are + Urea 0.5Kg/Are at V6 + Urea 0.5Kg/Are at V10,Urea 1kg/Are(V6 + V10),Maize,Beans irish_potato,2022-01-21,10,Well_decomposed,MV_605,44,100,0,2022-03-04,61,2022-04-05,50,2022-05-06,50,100,64,2022-05-28,2022-07-08,2022-07-31,2.1
17fd266f-0573-469f-809c-774007ebb3c8,22B,17fd266f-0573-469f-809c-774007ebb3c8-22B-D,D,DAP 1Kg/Are at planting+ Urea 1Kg/Are at V6,Urea 1kg/Are(V6),Maize,Beans irish_potato,2022-01-21,10,Well_decomposed,MV_605,44,100,0,2022-03-04,68,2022-04-05,100,,0,100,64,2022-05-28,2022-07-08,2022-07-31,3.63
ba494986-259a-4f4a-b8dc-2dcc31aff3ca,22B,ba494986-259a-4f4a-b8dc-2dcc31aff3ca-22B-A,A,DAP 1Kg/Are + Urea 0.5Kg/Are at V6,Urea 0.5Kg/Are(V6),Maize,Beans,2022-01-24,14,Well_decomposed,MV_605,45,100,0,2022-02-25,80,2022-04-08,50,,0,50,41,2022-05-28,2022-06-22,2022-08-13,5.3
ba494986-259a-4f4a-b8dc-2dcc31aff3ca,22B,ba494986-259a-4f4a-b8dc-2dcc31aff3ca-22B-B,B,DAP 1Kg/Are + Urea 0.5Kg/Are at Planting and Urea 0.5Kg/Are at V6,Urea1kg/Are(Planting+V6),Maize,Beans,2022-01-24,14,Well_decomposed,MV_605,44,100,50,2022-02-25,87,2022-04-08,50,,0,100,64,2022-05-28,2022-06-22,2022-08-13,7.06
ba494986-259a-4f4a-b8dc-2dcc31aff3ca,22B,ba494986-259a-4f4a-b8dc-2dcc31aff3ca-22B-C,C,DAP 1Kg/Are + Urea 0.5Kg/Are at V6 + Urea 0.5Kg/Are at V10,Urea 1kg/Are(V6 + V10),Maize,Beans,2022-01-24,14,Well_decomposed,MV_605,44,100,0,2022-02-25,82,2022-04-08,50,2022-05-04,50,100,64,2022-05-28,2022-06-22,2022-08-13,5.92
ba494986-259a-4f4a-b8dc-2dcc31aff3ca,22B,ba494986-259a-4f4a-b8dc-2dcc31aff3ca-22B-D,D,DAP 1Kg/Are at planting+ Urea 1Kg/Are at V6,Urea 1kg/Are(V6),Maize,Beans,2022-01-24,14,Well_decomposed,MV_605,43,100,0,2022-02-25,81,2022-04-08,100,,0,100,64,2022-05-28,2022-06-22,2022-08-13,6.46
8fca63cd-6577-426d-bd68-0599eb1e67fb,22B,8fca63cd-6577-426d-bd68-0599eb1e67fb-22B-A,A,DAP 1Kg/Are + Urea 0.5Kg/Are at V6,Urea 0.5Kg/Are(V6),Maize,carrote,2022-01-25,14,average,MV_605,44,106,0,2022-03-04,82,2022-04-12,53,,0,53,43,2022-06-04,2022-07-13,2022-08-09,4.94
8fca63cd-6577-426d-bd68-0599eb1e67fb,22B,8fca63cd-6577-426d-bd68-0599eb1e67fb-22B-B,B,DAP 1Kg/Are + Urea 0.5Kg/Are at Planting and Urea 0.5Kg/Are at V6,Urea1kg/Are(Planting+V6),Maize,carrote,2022-01-25,14,Well_decomposed,MV_605,47,102,52,2022-03-04,84,2022-04-12,53,,0,105,67,2022-06-04,2022-07-13,2022-08-09,4.49
8fca63cd-6577-426d-bd68-0599eb1e67fb,22B,8fca63cd-6577-426d-bd68-0599eb1e67fb-22B-C,C,DAP 1Kg/Are + Urea 0.5Kg/Are at V6 + Urea 0.5Kg/Are at V10,Urea 1kg/Are(V6 + V10),Maize,carrote,2022-01-25,14,Well_decomposed,MV_605,43,102,0,2022-03-04,87,2022-04-12,53,2022-05-12,53,106,67,2022-06-04,2022-07-13,2022-08-09,7.04
8fca63cd-6577-426d-bd68-0599eb1e67fb,22B,8fca63cd-6577-426d-bd68-0599eb1e67fb-22B-D,D,DAP 1Kg/Are at planting+ Urea 1Kg/Are at V6,Urea 1kg/Are(V6),Maize,carrote,2022-01-25,14,Well_decomposed,MV_605,44,102,0,2022-03-04,85,2022-04-12,106,,0,106,67,2022-06-04,2022-07-13,2022-08-09,7.08
2794b81a-2352-44c6-97ca-c208c6d988d5,22B,2794b81a-2352-44c6-97ca-c208c6d988d5-22B-A,A,DAP 1Kg/Are + Urea 0.5Kg/Are at V6,Urea 0.5Kg/Are(V6),Maize,Beans,2022-01-28,15,Well_decomposed,MV_605,45,100,0,2022-03-07,89,2022-04-08,52,,0,52,42,2022-06-04,2022-07-15,2022-08-15,3.97
2794b81a-2352-44c6-97ca-c208c6d988d5,22B,2794b81a-2352-44c6-97ca-c208c6d988d5-22B-B,B,DAP 1Kg/Are + Urea 0.5Kg/Are at Planting and Urea 0.5Kg/Are at V6,Urea1kg/Are(Planting+V6),Maize,Beans,2022-01-28,15,Well_decomposed,MV_605,44,100,48,2022-03-07,85,2022-04-08,52,,0,100,64,2022-06-04,2022-07-15,2022-08-15,6.42
2794b81a-2352-44c6-97ca-c208c6d988d5,22B,2794b81a-2352-44c6-97ca-c208c6d988d5-22B-C,C,DAP 1Kg/Are + Urea 0.5Kg/Are at V6 + Urea 0.5Kg/Are at V10,Urea 1kg/Are(V6 + V10),Maize,Beans,2022-01-28,15,Well_decomposed,MV_605,45,100,0,2022-03-07,83,2022-04-08,52,2022-05-12,52,104,66,2022-06-04,2022-07-15,2022-08-15,6.7
2794b81a-2352-44c6-97ca-c208c6d988d5,22B,2794b81a-2352-44c6-97ca-c208c6d988d5-22B-D,D,DAP 1Kg/Are at planting+ Urea 1Kg/Are at V6,Urea 1kg/Are(V6),Maize,Beans,2022-01-28,15,Well_decomposed,MV_605,44,100,0,2022-03-07,91,2022-04-08,104,,0,104,66,2022-06-04,2022-07-15,2022-08-15,7.61
49dc4c5b-cbe5-4489-8e7f-3adbefe73611,22B,49dc4c5b-cbe5-4489-8e7f-3adbefe73611-22B-A,A,DAP 1Kg/Are + Urea 0.5Kg/Are at V6,Urea 0.5Kg/Are(V6),Maize,Beans,2022-02-01,12,Well_decomposed,MV_605,46,100,0,2022-03-18,72,2022-04-08,50,,0,50,41,2022-06-04,2022-07-15,2022-08-15,3.88
49dc4c5b-cbe5-4489-8e7f-3adbefe73611,22B,49dc4c5b-cbe5-4489-8e7f-3adbefe73611-22B-B,B,DAP 1Kg/Are + Urea 0.5Kg/Are at Planting and Urea 0.5Kg/Are at V6,Urea1kg/Are(Planting+V6),Maize,Beans,2022-02-01,12,Well_decomposed,MV_605,45,100,50,2022-03-18,84,2022-04-08,50,,0,100,64,2022-06-04,2022-07-15,2022-08-15,6.09
49dc4c5b-cbe5-4489-8e7f-3adbefe73611,22B,49dc4c5b-cbe5-4489-8e7f-3adbefe73611-22B-C,C,DAP 1Kg/Are + Urea 0.5Kg/Are at V6 + Urea 0.5Kg/Are at V10,Urea 1kg/Are(V6 + V10),Maize,Beans,2022-02-01,12,Well_decomposed,MV_605,45,100,0,2022-03-18,86,2022-04-08,50,2022-05-12,50,99,64,2022-06-04,2022-07-15,2022-08-15,7.51
49dc4c5b-cbe5-4489-8e7f-3adbefe73611,22B,49dc4c5b-cbe5-4489-8e7f-3adbefe73611-22B-D,D,DAP 1Kg/Are at planting+ Urea 1Kg/Are at V6,Urea 1kg/Are(V6),Maize,Beans,2022-02-01,12,Well_decomposed,MV_605,46,100,0,2022-03-18,89,2022-04-08,99,,0,99,64,2022-06-04,2022-07-15,2022-08-15,5.9
605f3a31-1a33-4c4c-9cd9-a0966c37ae60,22B,605f3a31-1a33-4c4c-9cd9-a0966c37ae60-22B-A,A,DAP 1Kg/Are + Urea 0.5Kg/Are at V6,Urea 0.5Kg/Are(V6),Maize,onion,2022-02-02,13,Well_decomposed,MV_605,44,100,0,2022-03-18,81,2022-04-12,50,,0,50,41,2022-06-11,2022-07-22,2022-08-26,4.61
605f3a31-1a33-4c4c-9cd9-a0966c37ae60,22B,605f3a31-1a33-4c4c-9cd9-a0966c37ae60-22B-B,B,DAP 1Kg/Are + Urea 0.5Kg/Are at Planting and Urea 0.5Kg/Are at V6,Urea1kg/Are(Planting+V6),Maize,onion,2022-02-02,13,Well_decomposed,MV_605,44,100,50,2022-03-18,84,2022-04-12,50,,0,100,64,2022-06-11,2022-07-22,2022-08-26,5.08
605f3a31-1a33-4c4c-9cd9-a0966c37ae60,22B,605f3a31-1a33-4c4c-9cd9-a0966c37ae60-22B-C,C,DAP 1Kg/Are + Urea 0.5Kg/Are at V6 + Urea 0.5Kg/Are at V10,Urea 1kg/Are(V6 + V10),Maize,onion,2022-02-02,13,Well_decomposed,MV_605,45,100,0,2022-03-18,92,2022-04-12,50,2022-05-12,50,100,64,2022-06-11,2022-07-22,2022-08-26,3.34
605f3a31-1a33-4c4c-9cd9-a0966c37ae60,22B,605f3a31-1a33-4c4c-9cd9-a0966c37ae60-22B-D,D,DAP 1Kg/Are at planting+ Urea 1Kg/Are at V6,Urea 1kg/Are(V6),Maize,onion,2022-02-02,13,Well_decomposed,MV_605,44,100,0,2022-03-18,89,2022-04-12,100,,0,100,64,2022-06-11,2022-07-22,2022-08-26,4.85
5db4b3aa-11cc-491b-ac4f-fd32da261814,22B,5db4b3aa-11cc-491b-ac4f-fd32da261814-22B-A,A,DAP 1Kg/Are + Urea 0.5Kg/Are at V6,Urea 0.5Kg/Are(V6),Maize,Beans,2022-02-10,14,average,MV_605,42,100,0,2022-03-24,76,2022-04-25,50,,0,50,41,2022-06-11,2022-07-28,2022-08-22,7.15
5db4b3aa-11cc-491b-ac4f-fd32da261814,22B,5db4b3aa-11cc-491b-ac4f-fd32da261814-22B-B,B,DAP 1Kg/Are + Urea 0.5Kg/Are at Planting and Urea 0.5Kg/Are at V6,Urea1kg/Are(Planting+V6),Maize,Beans,2022-02-10,14,average,MV_605,43,100,50,2022-03-24,78,2022-04-25,50,,0,100,64,2022-06-11,2022-07-28,2022-08-22,6.45
5db4b3aa-11cc-491b-ac4f-fd32da261814,22B,5db4b3aa-11cc-491b-ac4f-fd32da261814-22B-C,C,DAP 1Kg/Are + Urea 0.5Kg/Are at V6 + Urea 0.5Kg/Are at V10,Urea 1kg/Are(V6 + V10),Maize,Beans,2022-02-10,14,average,MV_605,44,100,0,2022-03-24,82,2022-04-25,50,2022-05-20,50,100,64,2022-06-11,2022-07-28,2022-08-22,5.14
5db4b3aa-11cc-491b-ac4f-fd32da261814,22B,5db4b3aa-11cc-491b-ac4f-fd32da261814-22B-D,D,DAP 1Kg/Are at planting+ Urea 1Kg/Are at V6,Urea 1kg/Are(V6),Maize,Beans,2022-02-10,14,average,MV_605,44,100,0,2022-03-24,81,2022-04-25,100,,0,100,64,2022-06-11,2022-07-28,2022-08-22,8.98
6f0babf5-5b5d-44d2-8fe8-ff5e86783519,22B,6f0babf5-5b5d-44d2-8fe8-ff5e86783519-22B-A,A,DAP 1Kg/Are + Urea 0.5Kg/Are at V6,Urea 0.5Kg/Are(V6),Maize,Beans irish_potato,2022-02-15,17,Well_decomposed,MV_605,34,100,0,2022-03-28,61,2022-05-02,56,,0,56,44,2022-06-24,2022-08-15,2022-08-30,4.84
6f0babf5-5b5d-44d2-8fe8-ff5e86783519,22B,6f0babf5-5b5d-44d2-8fe8-ff5e86783519-22B-B,B,DAP 1Kg/Are + Urea 0.5Kg/Are at Planting and Urea 0.5Kg/Are at V6,Urea1kg/Are(Planting+V6),Maize,Beans irish_potato,2022-02-15,17,Well_decomposed,MV_605,33,100,50,2022-03-28,68,2022-05-02,56,,0,106,67,2022-06-24,2022-08-15,2022-08-30,5.44
6f0babf5-5b5d-44d2-8fe8-ff5e86783519,22B,6f0babf5-5b5d-44d2-8fe8-ff5e86783519-22B-C,C,DAP 1Kg/Are + Urea 0.5Kg/Are at V6 + Urea 0.5Kg/Are at V10,Urea 1kg/Are(V6 + V10),Maize,Beans irish_potato,2022-02-15,17,Well_decomposed,MV_605,43,100,0,2022-03-28,71,2022-05-02,56,2022-05-20,56,111,69,2022-06-24,2022-08-15,2022-08-30,6.8
6f0babf5-5b5d-44d2-8fe8-ff5e86783519,22B,6f0babf5-5b5d-44d2-8fe8-ff5e86783519-22B-D,D,DAP 1Kg/Are at planting+ Urea 1Kg/Are at V6,Urea 1kg/Are(V6),Maize,Beans irish_potato,2022-02-15,17,Well_decomposed,MV_605,44,100,0,2022-03-28,69,2022-05-02,111,,0,111,69,2022-06-24,2022-08-15,2022-08-30,5.23
eda53b61-6f9a-4e6b-bf68-9339204730be,21A,eda53b61-6f9a-4e6b-bf68-9339204730be-21A-A,A,DAP 1Kg/Are + Urea 0.5Kg/Are at V6,Urea 0.5Kg/Are(V6),maize,sweet_potato,2020-09-24,10,Well_decomposed,MV_605,32,100,0,2020-10-08,96,2020-11-11,50,,0,50,41,2021-01-12,2021-02-09,2021-03-16,2.67
eda53b61-6f9a-4e6b-bf68-9339204730be,21A,eda53b61-6f9a-4e6b-bf68-9339204730be-21A-B,B,DAP 1Kg/Are + Urea 0.5Kg/Are at Planting and Urea 0.5Kg/Are at V6,Urea1kg/Are(Planting+V6),maize,sweet_potato,2020-09-24,10,Well_decomposed,MV_605,32,100,50,2020-10-08,94,2020-11-11,50,,0,100,64,2021-01-12,2021-02-09,2021-03-16,2.54
eda53b61-6f9a-4e6b-bf68-9339204730be,21A,eda53b61-6f9a-4e6b-bf68-9339204730be-21A-C,C,DAP 1Kg/Are + Urea 0.5Kg/Are at V6 + Urea 0.5Kg/Are at V10,Urea 1kg/Are(V6 + V10),maize,sweet_potato,2020-09-24,10,Well_decomposed,MV_605,30,100,0,2020-10-08,98,2020-11-11,50,2020-12-04,50,100,64,2021-01-12,2021-02-09,2021-03-16,2.97
eda53b61-6f9a-4e6b-bf68-9339204730be,21A,eda53b61-6f9a-4e6b-bf68-9339204730be-21A-D,D,DAP 1Kg/Are at planting+ Urea 1Kg/Are at V6,Urea 1kg/Are(V6),maize,sweet_potato,2020-09-24,10,Well_decomposed,MV_605,31,100,0,2020-10-08,96,2020-11-11,100,,0,100,64,2021-01-12,2021-02-09,2021-03-16,4.42
b49863fe-d4ec-46e1-b3dc-ba03621d25a2,21A,b49863fe-d4ec-46e1-b3dc-ba03621d25a2-21A-A,A,DAP 1Kg/Are + Urea 0.5Kg/Are at V6,Urea 0.5Kg/Are(V6),maize,wheat,2020-09-24,10,average,MV_605,34,100,0,2020-10-08,99,2020-11-11,50,,0,50,41,2021-01-12,2021-02-09,2021-03-11,1.64
b49863fe-d4ec-46e1-b3dc-ba03621d25a2,21A,b49863fe-d4ec-46e1-b3dc-ba03621d25a2-21A-B,B,DAP 1Kg/Are + Urea 0.5Kg/Are at Planting and Urea 0.5Kg/Are at V6,Urea1kg/Are(Planting+V6),maize,wheat,2020-09-24,10,average,MV_605,26,100,50,2020-10-08,97,2020-11-11,50,,0,100,64,2021-01-12,2021-02-09,2021-03-11,2.67
b49863fe-d4ec-46e1-b3dc-ba03621d25a2,21A,b49863fe-d4ec-46e1-b3dc-ba03621d25a2-21A-C,C,DAP 1Kg/Are + Urea 0.5Kg/Are at V6 + Urea 0.5Kg/Are at V10,Urea 1kg/Are(V6 + V10),maize,wheat,2020-09-24,10,average,MV_605,30,100,0,2020-10-08,93,2020-11-11,50,2020-12-04,50,100,64,2021-01-12,2021-02-09,2021-03-11,1.96
b49863fe-d4ec-46e1-b3dc-ba03621d25a2,21A,b49863fe-d4ec-46e1-b3dc-ba03621d25a2-21A-D,D,DAP 1Kg/Are at planting+ Urea 1Kg/Are at V6,Urea 1kg/Are(V6),maize,wheat,2020-09-24,10,average,MV_605,28,100,0,2020-10-08,90,2020-11-11,100,,0,100,64,2021-01-12,2021-02-09,2021-03-11,2.17
233e0559-2e56-48ae-8f2f-33817175c849,21A,233e0559-2e56-48ae-8f2f-33817175c849-21A-A,A,DAP 1Kg/Are + Urea 0.5Kg/Are at V6,Urea 0.5Kg/Are(V6),maize,sorghum,2020-09-24,12,Well_decomposed,MV_605,29,100,0,2020-10-08,87,2020-11-11,50,,0,50,41,2021-01-12,2021-02-09,2021-03-11,2.85
233e0559-2e56-48ae-8f2f-33817175c849,21A,233e0559-2e56-48ae-8f2f-33817175c849-21A-B,B,DAP 1Kg/Are + Urea 0.5Kg/Are at Planting and Urea 0.5Kg/Are at V6,Urea1kg/Are(Planting+V6),maize,sorghum,2020-09-24,12,Well_decomposed,MV_605,30,100,50,2020-10-08,83,2020-11-11,50,,0,100,64,2021-01-12,2021-02-09,2021-03-11,3.34
233e0559-2e56-48ae-8f2f-33817175c849,21A,233e0559-2e56-48ae-8f2f-33817175c849-21A-C,C,DAP 1Kg/Are + Urea 0.5Kg/Are at V6 + Urea 0.5Kg/Are at V10,Urea 1kg/Are(V6 + V10),maize,sorghum,2020-09-24,12,Well_decomposed,MV_605,30,100,0,2020-10-08,85,2020-11-11,50,2020-12-04,50,100,64,2021-01-12,2021-02-09,2021-03-11,3.65
233e0559-2e56-48ae-8f2f-33817175c849,21A,233e0559-2e56-48ae-8f2f-33817175c849-21A-D,D,DAP 1Kg/Are at planting+ Urea 1Kg/Are at V6,Urea 1kg/Are(V6),maize,sorghum,2020-09-24,12,Well_decomposed,MV_605,30,100,0,2020-10-08,86,2020-11-11,100,,0,100,64,2021-01-12,2021-02-09,2021-03-11,3.33
c2b3f4bf-6565-48b1-bc32-0e8b1d44d547,21A,c2b3f4bf-6565-48b1-bc32-0e8b1d44d547-21A-A,A,DAP 1Kg/Are + Urea 0.5Kg/Are at V6,Urea 0.5Kg/Are(V6),maize,sweet_potato,2020-09-24,12,Well_decomposed,MV_605,30,101,0,2020-10-08,87,2020-11-09,51,,0,51,41,2021-01-11,2021-02-09,2021-03-18,3.89
c2b3f4bf-6565-48b1-bc32-0e8b1d44d547,21A,c2b3f4bf-6565-48b1-bc32-0e8b1d44d547-21A-B,B,DAP 1Kg/Are + Urea 0.5Kg/Are at Planting and Urea 0.5Kg/Are at V6,Urea1kg/Are(Planting+V6),maize,sweet_potato,2020-09-24,12,Well_decomposed,MV_605,31,101,51,2020-10-08,85,2020-11-09,51,,0,101,65,2021-01-11,2021-02-09,2021-03-18,5.4
c2b3f4bf-6565-48b1-bc32-0e8b1d44d547,21A,c2b3f4bf-6565-48b1-bc32-0e8b1d44d547-21A-C,C,DAP 1Kg/Are + Urea 0.5Kg/Are at V6 + Urea 0.5Kg/Are at V10,Urea 1kg/Are(V6 + V10),maize,sweet_potato,2020-09-24,12,Well_decomposed,MV_605,28,101,0,2020-10-08,88,2020-11-09,51,2020-12-04,51,101,65,2021-01-11,2021-02-09,2021-03-18,5.86
c2b3f4bf-6565-48b1-bc32-0e8b1d44d547,21A,c2b3f4bf-6565-48b1-bc32-0e8b1d44d547-21A-D,D,DAP 1Kg/Are at planting+ Urea 1Kg/Are at V6,Urea 1kg/Are(V6),maize,sweet_potato,2020-09-24,12,Well_decomposed,MV_605,29,101,0,2020-10-08,81,2020-11-09,101,,0,101,65,2021-01-11,2021-02-09,2021-03-18,3.88
2cca6b08-9fa5-4e10-9287-9f96aeb84ae8,21A,2cca6b08-9fa5-4e10-9287-9f96aeb84ae8-21A-A,A,DAP 1Kg/Are + Urea 0.5Kg/Are at V6,Urea 0.5Kg/Are(V6),maize,wheat,2020-09-26,13,average,MV_605,30,100,0,2020-10-16,97,2020-11-18,50,,0,50,41,2021-01-19,2021-03-03,2021-04-06,1.7
2cca6b08-9fa5-4e10-9287-9f96aeb84ae8,21A,2cca6b08-9fa5-4e10-9287-9f96aeb84ae8-21A-B,B,DAP 1Kg/Are + Urea 0.5Kg/Are at Planting and Urea 0.5Kg/Are at V6,Urea1kg/Are(Planting+V6),maize,wheat,2020-09-26,13,average,MV_605,29,100,50,2020-10-16,95,2020-11-18,50,,0,100,64,2021-01-19,2021-03-03,2021-04-06,2.26
2cca6b08-9fa5-4e10-9287-9f96aeb84ae8,21A,2cca6b08-9fa5-4e10-9287-9f96aeb84ae8-21A-C,C,DAP 1Kg/Are + Urea 0.5Kg/Are at V6 + Urea 0.5Kg/Are at V10,Urea 1kg/Are(V6 + V10),maize,wheat,2020-09-26,13,average,MV_605,29,100,0,2020-10-16,97,2020-11-18,50,2020-12-09,50,100,64,2021-01-19,2021-03-03,2021-04-06,1.76
2cca6b08-9fa5-4e10-9287-9f96aeb84ae8,21A,2cca6b08-9fa5-4e10-9287-9f96aeb84ae8-21A-D,D,DAP 1Kg/Are at planting+ Urea 1Kg/Are at V6,Urea 1kg/Are(V6),maize,wheat,2020-09-26,13,average,MV_605,29,100,0,2020-10-16,96,2020-11-18,100,,0,100,64,2021-01-19,2021-03-03,2021-04-06,1.82
8f7e9a53-b373-48ce-a1c0-2c1afb99d3f0,21A,8f7e9a53-b373-48ce-a1c0-2c1afb99d3f0-21A-A,A,DAP 1Kg/Are + Urea 0.5Kg/Are at V6,Urea 0.5Kg/Are(V6),maize,sweet_potato,2020-09-26,12,average,MV_605,28,100,0,2020-10-16,80,2020-11-12,50,,0,50,41,2021-01-19,2021-02-17,2021-03-13,1.0
8f7e9a53-b373-48ce-a1c0-2c1afb99d3f0,21A,8f7e9a53-b373-48ce-a1c0-2c1afb99d3f0-21A-B,B,DAP 1Kg/Are + Urea 0.5Kg/Are at Planting and Urea 0.5Kg/Are at V6,Urea1kg/Are(Planting+V6),maize,sweet_potato,2020-09-26,12,average,MV_605,30,100,50,2020-10-16,87,2020-11-12,50,,0,100,64,2021-01-19,2021-02-17,2021-03-13,1.57
8f7e9a53-b373-48ce-a1c0-2c1afb99d3f0,21A,8f7e9a53-b373-48ce-a1c0-2c1afb99d3f0-21A-C,C,DAP 1Kg/Are + Urea 0.5Kg/Are at V6 + Urea 0.5Kg/Are at V10,Urea 1kg/Are(V6 + V10),maize,sweet_potato,2020-09-26,12,average,MV_605,30,100,0,2020-10-16,90,2020-11-12,50,2020-12-04,50,100,64,2021-01-19,2021-02-17,2021-03-13,1.4
8f7e9a53-b373-48ce-a1c0-2c1afb99d3f0,21A,8f7e9a53-b373-48ce-a1c0-2c1afb99d3f0-21A-D,D,DAP 1Kg/Are at planting+ Urea 1Kg/Are at V6,Urea 1kg/Are(V6),maize,sweet_potato,2020-09-26,12,average,MV_605,29,100,0,2020-10-16,92,2020-11-12,100,,0,100,64,2021-01-19,2021-02-17,2021-03-13,0.98
8e77352d-aa29-4b5e-9bf4-d5093db23a3e,21A,8e77352d-aa29-4b5e-9bf4-d5093db23a3e-21A-A,A,DAP 1Kg/Are + Urea 0.5Kg/Are at V6,Urea 0.5Kg/Are(V6),maize,sweet_potato,2020-09-28,12,poorly_decomposed,MV_605,30,101,0,2020-10-21,83,2020-11-18,51,,0,51,41,2021-01-19,2021-02-17,2021-03-14,1.34
8e77352d-aa29-4b5e-9bf4-d5093db23a3e,21A,8e77352d-aa29-4b5e-9bf4-d5093db23a3e-21A-B,B,DAP 1Kg/Are + Urea 0.5Kg/Are at Planting and Urea 0.5Kg/Are at V6,Urea1kg/Are(Planting+V6),maize,sweet_potato,2020-09-28,12,poorly_decomposed,MV_605,31,101,51,2020-10-21,90,2020-11-18,51,,0,101,65,2021-01-19,2021-02-17,2021-03-14,2.15
8e77352d-aa29-4b5e-9bf4-d5093db23a3e,21A,8e77352d-aa29-4b5e-9bf4-d5093db23a3e-21A-C,C,DAP 1Kg/Are + Urea 0.5Kg/Are at V6 + Urea 0.5Kg/Are at V10,Urea 1kg/Are(V6 + V10),maize,sweet_potato,2020-09-28,12,poorly_decomposed,MV_605,29,101,0,2020-10-21,88,2020-11-18,50,2020-12-09,50,101,64,2021-01-19,2021-02-17,2021-03-14,1.56
8e77352d-aa29-4b5e-9bf4-d5093db23a3e,21A,8e77352d-aa29-4b5e-9bf4-d5093db23a3e-21A-D,D,DAP 1Kg/Are at planting+ Urea 1Kg/Are at V6,Urea 1kg/Are(V6),maize,sweet_potato,2020-09-28,12,poorly_decomposed,MV_605,30,101,0,2020-10-21,80,2020-11-18,101,,0,101,65,2021-01-19,2021-02-17,2021-03-14,2.36
5b270277-f7cb-4d44-9c8b-e1d57ce357b5,21A,5b270277-f7cb-4d44-9c8b-e1d57ce357b5-21A-A,A,DAP 1Kg/Are + Urea 0.5Kg/Are at V6,Urea 0.5Kg/Are(V6),maize,sweet_potato,2020-09-29,8,average,MV_605,28,100,0,2020-10-21,98,2020-11-20,50,,0,50,41,2021-01-19,2021-02-17,2021-03-13,4.48
5b270277-f7cb-4d44-9c8b-e1d57ce357b5,21A,5b270277-f7cb-4d44-9c8b-e1d57ce357b5-21A-B,B,DAP 1Kg/Are + Urea 0.5Kg/Are at Planting and Urea 0.5Kg/Are at V6,Urea1kg/Are(Planting+V6),maize,sweet_potato,2020-09-29,8,average,MV_605,28,100,50,2020-10-21,100,2020-11-20,50,,0,100,64,2021-01-19,2021-02-17,2021-03-13,4.34
5b270277-f7cb-4d44-9c8b-e1d57ce357b5,21A,5b270277-f7cb-4d44-9c8b-e1d57ce357b5-21A-C,C,DAP 1Kg/Are + Urea 0.5Kg/Are at V6 + Urea 0.5Kg/Are at V10,Urea 1kg/Are(V6 + V10),maize,sweet_potato,2020-09-29,8,average,MV_605,29,100,0,2020-10-21,99,2020-11-20,50,2020-12-11,50,100,64,2021-01-19,2021-02-17,2021-03-13,3.61
5b270277-f7cb-4d44-9c8b-e1d57ce357b5,21A,5b270277-f7cb-4d44-9c8b-e1d57ce357b5-21A-D,D,DAP 1Kg/Are at planting+ Urea 1Kg/Are at V6,Urea 1kg/Are(V6),maize,sweet_potato,2020-09-29,8,average,MV_605,29,100,0,2020-10-21,100,2020-11-20,100,,0,100,64,2021-01-19,2021-02-17,2021-03-13,4.11
2dd3a27e-bf8d-40cd-bf4f-8f25cb0a9807,21A,2dd3a27e-bf8d-40cd-bf4f-8f25cb0a9807-21A-A,A,DAP 1Kg/Are + Urea 0.5Kg/Are at V6,Urea 0.5Kg/Are(V6),maize,wheat,2020-09-30,10,Well_decomposed,MV_605,26,101,0,2020-10-21,74,2020-11-18,50,,0,50,41,2021-01-19,2021-02-17,2021-04-07,2.94
2dd3a27e-bf8d-40cd-bf4f-8f25cb0a9807,21A,2dd3a27e-bf8d-40cd-bf4f-8f25cb0a9807-21A-B,B,DAP 1Kg/Are + Urea 0.5Kg/Are at Planting and Urea 0.5Kg/Are at V6,Urea1kg/Are(Planting+V6),maize,wheat,2020-09-30,10,Well_decomposed,MV_605,26,101,50,2020-10-21,75,2020-11-18,50,,0,101,64,2021-01-19,2021-02-17,2021-04-07,3.25
2dd3a27e-bf8d-40cd-bf4f-8f25cb0a9807,21A,2dd3a27e-bf8d-40cd-bf4f-8f25cb0a9807-21A-C,C,DAP 1Kg/Are + Urea 0.5Kg/Are at V6 + Urea 0.5Kg/Are at V10,Urea 1kg/Are(V6 + V10),maize,wheat,2020-09-30,10,Well_decomposed,MV_605,28,101,0,2020-10-21,69,2020-11-18,50,2020-12-09,50,101,64,2021-01-19,2021-02-17,2021-04-07,5.38
2dd3a27e-bf8d-40cd-bf4f-8f25cb0a9807,21A,2dd3a27e-bf8d-40cd-bf4f-8f25cb0a9807-21A-D,D,DAP 1Kg/Are at planting+ Urea 1Kg/Are at V6,Urea 1kg/Are(V6),maize,wheat,2020-09-30,10,Well_decomposed,MV_605,28,101,0,2020-10-21,79,2020-11-18,101,,0,101,64,2021-01-19,2021-02-17,2021-04-07,4.13
497c8282-834f-4af9-ac81-6d4de1022f21,21A,497c8282-834f-4af9-ac81-6d4de1022f21-21A-A,A,DAP 1Kg/Are + Urea 0.5Kg/Are at V6,Urea 0.5Kg/Are(V6),maize,sweet_potato,2020-09-30,12,average,MV_605,29,100,0,2020-10-21,89,2020-11-12,50,,0,50,41,2021-01-19,2021-02-17,2021-03-29,4.87
497c8282-834f-4af9-ac81-6d4de1022f21,21A,497c8282-834f-4af9-ac81-6d4de1022f21-21A-B,B,DAP 1Kg/Are + Urea 0.5Kg/Are at Planting and Urea 0.5Kg/Are at V6,Urea1kg/Are(Planting+V6),maize,sweet_potato,2020-09-30,12,average,MV_605,28,100,50,2020-10-21,92,2020-11-12,50,,0,100,64,2021-01-19,2021-02-17,2021-03-29,4.98
497c8282-834f-4af9-ac81-6d4de1022f21,21A,497c8282-834f-4af9-ac81-6d4de1022f21-21A-C,C,DAP 1Kg/Are + Urea 0.5Kg/Are at V6 + Urea 0.5Kg/Are at V10,Urea 1kg/Are(V6 + V10),maize,sweet_potato,2020-09-30,12,average,MV_605,28,100,0,2020-10-21,98,2020-11-12,50,2020-12-04,50,100,64,2021-01-19,2021-02-17,2021-03-29,5.38
497c8282-834f-4af9-ac81-6d4de1022f21,21A,497c8282-834f-4af9-ac81-6d4de1022f21-21A-D,D,DAP 1Kg/Are at planting+ Urea 1Kg/Are at V6,Urea 1kg/Are(V6),maize,sweet_potato,2020-09-30,12,average,MV_605,28,100,0,2020-10-21,94,2020-11-12,100,,0,100,64,2021-01-19,2021-02-17,2021-03-29,5.87
59a3928f15524200b3479d8ce3294604,22A,59a3928f15524200b3479d8ce3294604-22A-A,A,DAP 1Kg/Are + Urea 0.5Kg/Are at V6,Urea 0.5Kg/Are(V6),Maize,,2021-09-16,15,poorly_decomposed,MV_605,30,100,0,2021-10-14,98,2021-11-05,50,,0,50,41,2022-01-06,2022-02-03,2022-03-18,2.02
59a3928f15524200b3479d8ce3294604,22A,59a3928f15524200b3479d8ce3294604-22A-B,B,DAP 1Kg/Are + Urea 0.5Kg/Are at Planting and Urea 0.5Kg/Are at V6,Urea1kg/Are(Planting+V6),Maize,,2021-09-16,15,poorly_decomposed,MV_605,30,100,50,2021-10-14,97,2021-11-05,50,,0,100,64,2022-01-06,2022-02-03,2022-03-18,2.11
59a3928f15524200b3479d8ce3294604,22A,59a3928f15524200b3479d8ce3294604-22A-C,C,DAP 1Kg/Are + Urea 0.5Kg/Are at V6 + Urea 0.5Kg/Are at V10,Urea 1kg/Are(V6 + V10),Maize,,2021-09-16,15,poorly_decomposed,MV_605,30,100,0,2021-10-14,99,2021-11-05,50,,50,100,64,2022-01-06,2022-02-03,2022-03-18,3.34
59a3928f15524200b3479d8ce3294604,22A,59a3928f15524200b3479d8ce3294604-22A-D,D,DAP 1Kg/Are at planting+ Urea 1Kg/Are at V6,Urea 1kg/Are(V6),Maize,,2021-09-16,15,poorly_decomposed,MV_605,30,100,0,2021-10-14,100,2021-11-05,100,,0,100,64,2022-01-06,2022-02-03,2022-03-18,2.75
774787ce6cfc46cbbf488a4360a78960,22A,774787ce6cfc46cbbf488a4360a78960-22A-A,A,DAP 1Kg/Are + Urea 0.5Kg/Are at V6,Urea 0.5Kg/Are(V6),Maize,,2021-09-16,15,poorly_decomposed,MV_605,30,100,0,2021-10-14,95,2021-11-05,50,,0,50,41,2022-01-06,2022-02-03,2022-03-10,4.36
774787ce6cfc46cbbf488a4360a78960,22A,774787ce6cfc46cbbf488a4360a78960-22A-B,B,DAP 1Kg/Are + Urea 0.5Kg/Are at Planting and Urea 0.5Kg/Are at V6,Urea1kg/Are(Planting+V6),Maize,,2021-09-16,15,poorly_decomposed,MV_605,30,100,50,2021-10-14,92,2021-11-05,50,,0,100,64,2022-01-06,2022-02-03,2022-03-10,5.59
774787ce6cfc46cbbf488a4360a78960,22A,774787ce6cfc46cbbf488a4360a78960-22A-C,C,DAP 1Kg/Are + Urea 0.5Kg/Are at V6 + Urea 0.5Kg/Are at V10,Urea 1kg/Are(V6 + V10),Maize,,2021-09-16,15,poorly_decomposed,MV_605,30,100,0,2021-10-14,94,2021-11-05,50,,50,100,64,2022-01-06,2022-02-03,2022-03-10,5.59
774787ce6cfc46cbbf488a4360a78960,22A,774787ce6cfc46cbbf488a4360a78960-22A-D,D,DAP 1Kg/Are at planting+ Urea 1Kg/Are at V6,Urea 1kg/Are(V6),Maize,,2021-09-16,15,poorly_decomposed,MV_605,30,100,0,2021-10-14,96,2021-11-05,100,,0,100,64,2022-01-06,2022-02-03,2022-03-10,5.22
bff86b9a8ad4450686ade056e072469f,22A,bff86b9a8ad4450686ade056e072469f-22A-A,A,DAP 1Kg/Are + Urea 0.5Kg/Are at V6,Urea 0.5Kg/Are(V6),Maize,,2021-09-16,14,average,MV_605,30,100,0,2021-10-14,96,2021-11-05,50,,0,50,41,2022-01-06,2022-02-03,2022-03-08,3.64
bff86b9a8ad4450686ade056e072469f,22A,bff86b9a8ad4450686ade056e072469f-22A-B,B,DAP 1Kg/Are + Urea 0.5Kg/Are at Planting and Urea 0.5Kg/Are at V6,Urea1kg/Are(Planting+V6),Maize,,2021-09-16,14,average,MV_605,30,100,50,2021-10-14,96,2021-11-05,50,,0,100,64,2022-01-06,2022-02-03,2022-03-08,5.65
bff86b9a8ad4450686ade056e072469f,22A,bff86b9a8ad4450686ade056e072469f-22A-C,C,DAP 1Kg/Are + Urea 0.5Kg/Are at V6 + Urea 0.5Kg/Are at V10,Urea 1kg/Are(V6 + V10),Maize,,2021-09-16,14,average,MV_605,30,100,0,2021-10-14,96,2021-11-05,50,,50,100,64,2022-01-06,2022-02-03,2022-03-08,4.24
bff86b9a8ad4450686ade056e072469f,22A,bff86b9a8ad4450686ade056e072469f-22A-D,D,DAP 1Kg/Are at planting+ Urea 1Kg/Are at V6,Urea 1kg/Are(V6),Maize,,2021-09-16,14,average,MV_605,30,100,0,2021-10-14,97,2021-11-05,100,,0,100,64,2022-01-06,2022-02-03,2022-03-08,6.22
82287687f1fb42c3934d9eaa468f65d3,22A,82287687f1fb42c3934d9eaa468f65d3-22A-A,A,DAP 1Kg/Are + Urea 0.5Kg/Are at V6,Urea 0.5Kg/Are(V6),Maize,,2021-09-30,11,average,MV_605,35,101,0,2021-10-22,100,2021-11-16,51,,0,51,41,2022-01-20,2022-02-11,2022-04-06,2.74
82287687f1fb42c3934d9eaa468f65d3,22A,82287687f1fb42c3934d9eaa468f65d3-22A-B,B,DAP 1Kg/Are + Urea 0.5Kg/Are at Planting and Urea 0.5Kg/Are at V6,Urea1kg/Are(Planting+V6),Maize,,2021-09-30,11,average,MV_605,35,101,51,2021-10-22,100,2021-11-16,51,,0,101,65,2022-01-20,2022-02-11,2022-04-06,3.12
82287687f1fb42c3934d9eaa468f65d3,22A,82287687f1fb42c3934d9eaa468f65d3-22A-C,C,DAP 1Kg/Are + Urea 0.5Kg/Are at V6 + Urea 0.5Kg/Are at V10,Urea 1kg/Are(V6 + V10),Maize,,2021-09-30,11,average,MV_605,35,101,0,2021-10-22,100,2021-11-16,51,,51,101,65,2022-01-20,2022-02-11,2022-04-06,3.35
82287687f1fb42c3934d9eaa468f65d3,22A,82287687f1fb42c3934d9eaa468f65d3-22A-D,D,DAP 1Kg/Are at planting+ Urea 1Kg/Are at V6,Urea 1kg/Are(V6),Maize,,2021-09-30,11,average,MV_605,35,101,0,2021-10-22,94,2021-11-16,101,,0,101,65,2022-01-20,2022-02-11,2022-04-06,3.22
ed2dfbe4149d4f63a017fddcd5fb8fdb,22A,ed2dfbe4149d4f63a017fddcd5fb8fdb-22A-A,A,DAP 1Kg/Are + Urea 0.5Kg/Are at V6,Urea 0.5Kg/Are(V6),Maize,,2021-09-27,8,Well_decomposed,MV_605,34,100,0,2021-10-20,98,2021-11-16,50,,0,50,41,2022-01-12,2022-02-10,2022-04-06,1.7
ed2dfbe4149d4f63a017fddcd5fb8fdb,22A,ed2dfbe4149d4f63a017fddcd5fb8fdb-22A-B,B,DAP 1Kg/Are + Urea 0.5Kg/Are at Planting and Urea 0.5Kg/Are at V6,Urea1kg/Are(Planting+V6),Maize,,2021-09-27,8,Well_decomposed,MV_605,33,100,50,2021-10-20,93,2021-11-16,50,,0,100,64,2022-01-12,2022-02-10,2022-04-06,2.01
ed2dfbe4149d4f63a017fddcd5fb8fdb,22A,ed2dfbe4149d4f63a017fddcd5fb8fdb-22A-C,C,DAP 1Kg/Are + Urea 0.5Kg/Are at V6 + Urea 0.5Kg/Are at V10,Urea 1kg/Are(V6 + V10),Maize,,2021-09-27,8,Well_decomposed,MV_605,34,100,0,2021-10-20,96,2021-11-16,50,,50,100,64,2022-01-12,2022-02-10,2022-04-06,2.59
ed2dfbe4149d4f63a017fddcd5fb8fdb,22A,ed2dfbe4149d4f63a017fddcd5fb8fdb-22A-D,D,DAP 1Kg/Are at planting+ Urea 1Kg/Are at V6,Urea 1kg/Are(V6),Maize,,2021-09-27,8,Well_decomposed,MV_605,33,100,0,2021-10-20,91,2021-11-16,100,,0,100,64,2022-01-12,2022-02-10,2022-04-06,2.51
43110f76183441dfa3f1e73884a3e649,22A,43110f76183441dfa3f1e73884a3e649-22A-A,A,DAP 1Kg/Are + Urea 0.5Kg/Are at V6,Urea 0.5Kg/Are(V6),Maize,,2021-09-27,8,Well_decomposed,MV_605,35,100,0,2021-10-20,92,2021-11-16,50,,0,50,41,2022-01-20,2022-02-11,2022-03-10,1.88
43110f76183441dfa3f1e73884a3e649,22A,43110f76183441dfa3f1e73884a3e649-22A-B,B,DAP 1Kg/Are + Urea 0.5Kg/Are at Planting and Urea 0.5Kg/Are at V6,Urea1kg/Are(Planting+V6),Maize,,2021-09-27,8,Well_decomposed,MV_605,34,100,50,2021-10-20,83,2021-11-16,50,,0,100,64,2022-01-20,2022-02-11,2022-03-10,1.84
43110f76183441dfa3f1e73884a3e649,22A,43110f76183441dfa3f1e73884a3e649-22A-C,C,DAP 1Kg/Are + Urea 0.5Kg/Are at V6 + Urea 0.5Kg/Are at V10,Urea 1kg/Are(V6 + V10),Maize,,2021-09-27,8,Well_decomposed,MV_605,34,100,0,2021-10-20,88,2021-11-16,50,,50,100,64,2022-01-20,2022-02-11,2022-03-10,1.8
43110f76183441dfa3f1e73884a3e649,22A,43110f76183441dfa3f1e73884a3e649-22A-D,D,DAP 1Kg/Are at planting+ Urea 1Kg/Are at V6,Urea 1kg/Are(V6),Maize,,2021-09-27,8,Well_decomposed,MV_605,34,100,0,2021-10-20,88,2021-11-16,100,,0,100,64,2022-01-20,2022-02-11,2022-03-10,1.16
467a9ed6b4354828b891dc866493ef52,22A,467a9ed6b4354828b891dc866493ef52-22A-A,A,DAP 1Kg/Are + Urea 0.5Kg/Are at V6,Urea 0.5Kg/Are(V6),Maize,,2021-09-23,13,average,MV_605,33,101,0,2021-10-22,99,2021-11-16,51,,0,51,41,2022-01-20,2022-02-10,2022-03-11,1.83
467a9ed6b4354828b891dc866493ef52,22A,467a9ed6b4354828b891dc866493ef52-22A-B,B,DAP 1Kg/Are + Urea 0.5Kg/Are at Planting and Urea 0.5Kg/Are at V6,Urea1kg/Are(Planting+V6),Maize,,2021-09-23,13,average,MV_605,33,101,51,2021-10-22,90,2021-11-16,51,,0,101,65,2022-01-20,2022-02-10,2022-03-11,2.54
467a9ed6b4354828b891dc866493ef52,22A,467a9ed6b4354828b891dc866493ef52-22A-C,C,DAP 1Kg/Are + Urea 0.5Kg/Are at V6 + Urea 0.5Kg/Are at V10,Urea 1kg/Are(V6 + V10),Maize,,2021-09-23,13,average,MV_605,33,101,0,2021-10-22,96,2021-11-16,50,,50,101,64,2022-01-20,2022-02-10,2022-03-11,1.55
467a9ed6b4354828b891dc866493ef52,22A,467a9ed6b4354828b891dc866493ef52-22A-D,D,DAP 1Kg/Are at planting+ Urea 1Kg/Are at V6,Urea 1kg/Are(V6),Maize,,2021-09-23,13,average,MV_605,32,101,0,2021-10-22,99,2021-11-16,101,,0,101,65,2022-01-20,2022-02-10,2022-03-11,2.13
aef0c20b826e45b2b225a7ce653db641,22A,aef0c20b826e45b2b225a7ce653db641-22A-A,A,DAP 1Kg/Are + Urea 0.5Kg/Are at V6,Urea 0.5Kg/Are(V6),Maize,,2021-09-29,10,average,MV_605,32,100,0,2021-10-20,78,2021-11-16,50,,0,50,41,2022-01-20,2022-02-10,2022-03-08,5.28
aef0c20b826e45b2b225a7ce653db641,22A,aef0c20b826e45b2b225a7ce653db641-22A-B,B,DAP 1Kg/Are + Urea 0.5Kg/Are at Planting and Urea 0.5Kg/Are at V6,Urea1kg/Are(Planting+V6),Maize,,2021-09-29,10,average,MV_605,32,100,50,2021-10-20,80,2021-11-16,50,,0,100,64,2022-01-20,2022-02-10,2022-03-08,3.52
aef0c20b826e45b2b225a7ce653db641,22A,aef0c20b826e45b2b225a7ce653db641-22A-C,C,DAP 1Kg/Are + Urea 0.5Kg/Are at V6 + Urea 0.5Kg/Are at V10,Urea 1kg/Are(V6 + V10),Maize,,2021-09-29,10,average,MV_605,33,100,0,2021-10-20,85,2021-11-16,50,,50,100,64,2022-01-20,2022-02-10,2022-03-08,5.29
aef0c20b826e45b2b225a7ce653db641,22A,aef0c20b826e45b2b225a7ce653db641-22A-D,D,DAP 1Kg/Are at planting+ Urea 1Kg/Are at V6,Urea 1kg/Are(V6),Maize,,2021-09-29,10,average,MV_605,32,100,0,2021-10-20,91,2021-11-16,100,,0,100,64,2022-01-20,2022-02-10,2022-03-08,4.31
d7ae50a14b4f4d1a9f34e5fe8c4d2c60,22A,d7ae50a14b4f4d1a9f34e5fe8c4d2c60-22A-A,A,DAP 1Kg/Are + Urea 0.5Kg/Are at V6,Urea 0.5Kg/Are(V6),Maize,,2021-09-23,11,average,MV_605,31,101,0,2021-10-21,83,2021-11-12,50,,0,50,41,2022-01-12,2022-02-05,2022-03-21,4.13
d7ae50a14b4f4d1a9f34e5fe8c4d2c60,22A,d7ae50a14b4f4d1a9f34e5fe8c4d2c60-22A-B,B,DAP 1Kg/Are + Urea 0.5Kg/Are at Planting and Urea 0.5Kg/Are at V6,Urea1kg/Are(Planting+V6),Maize,,2021-09-23,11,average,MV_605,31,101,50,2021-10-21,78,2021-11-12,50,,0,101,64,2022-01-12,2022-02-05,2022-03-21,5.17
d7ae50a14b4f4d1a9f34e5fe8c4d2c60,22A,d7ae50a14b4f4d1a9f34e5fe8c4d2c60-22A-C,C,DAP 1Kg/Are + Urea 0.5Kg/Are at V6 + Urea 0.5Kg/Are at V10,Urea 1kg/Are(V6 + V10),Maize,,2021-09-23,11,average,MV_605,31,101,0,2021-10-21,86,2021-11-12,50,,50,101,64,2022-01-12,2022-02-05,2022-03-21,5.43
d7ae50a14b4f4d1a9f34e5fe8c4d2c60,22A,d7ae50a14b4f4d1a9f34e5fe8c4d2c60-22A-D,D,DAP 1Kg/Are at planting+ Urea 1Kg/Are at V6,Urea 1kg/Are(V6),Maize,,2021-09-23,11,average,MV_605,31,101,0,2021-10-21,84,2021-11-12,101,,0,101,64,2022-01-12,2022-02-05,2022-03-21,5.35
1d70e5513cad46ca9c633e20eb589359,22A,1d70e5513cad46ca9c633e20eb589359-22A-A,A,DAP 1Kg/Are + Urea 0.5Kg/Are at V6,Urea 0.5Kg/Are(V6),Maize,,2021-09-20,10,Well_decomposed,MV_605,31,100,0,2021-10-22,83,2021-11-15,50,,0,50,41,2022-01-12,2022-02-10,2022-03-08,3.81
1d70e5513cad46ca9c633e20eb589359,22A,1d70e5513cad46ca9c633e20eb589359-22A-B,B,DAP 1Kg/Are + Urea 0.5Kg/Are at Planting and Urea 0.5Kg/Are at V6,Urea1kg/Are(Planting+V6),Maize,,2021-09-20,10,Well_decomposed,MV_605,32,100,50,2021-10-22,80,2021-11-15,50,,0,100,64,2022-01-12,2022-02-10,2022-03-08,2.65
1d70e5513cad46ca9c633e20eb589359,22A,1d70e5513cad46ca9c633e20eb589359-22A-C,C,DAP 1Kg/Are + Urea 0.5Kg/Are at V6 + Urea 0.5Kg/Are at V10,Urea 1kg/Are(V6 + V10),Maize,,2021-09-20,10,Well_decomposed,MV_605,31,100,0,2021-10-22,79,2021-11-15,50,,50,100,64,2022-01-12,2022-02-10,2022-03-08,4.16
1d70e5513cad46ca9c633e20eb589359,22A,1d70e5513cad46ca9c633e20eb589359-22A-D,D,DAP 1Kg/Are at planting+ Urea 1Kg/Are at V6,Urea 1kg/Are(V6),Maize,,2021-09-20,10,Well_decomposed,MV_605,31,100,0,2021-10-22,82,2021-11-15,100,,0,100,64,2022-01-12,2022-02-10,2022-03-08,3.09
bb6cada3-6168-4c02-88ec-b79711da7955,22A,bb6cada3-6168-4c02-88ec-b79711da7955-22A-A,A,DAP 1Kg/Are + Urea 0.5Kg/Are at V6,Urea 0.5Kg/Are(V6),Maize,Beans,2021-09-29,12,Well_decomposed,MV_507,39,100,0,2021-10-21,92,2021-11-02,51,,0,51,42,2021-12-13,2022-01-05,2022-02-03,3.73
bb6cada3-6168-4c02-88ec-b79711da7955,22A,bb6cada3-6168-4c02-88ec-b79711da7955-22A-B,B,DAP 1Kg/Are + Urea 0.5Kg/Are at Planting and Urea 0.5Kg/Are at V6,Urea1kg/Are(Planting+V6),Maize,Beans,2021-09-29,12,Well_decomposed,MV_507,41,100,51,2021-10-21,84,2021-11-02,51,,0,103,65,2021-12-13,2022-01-05,2022-02-03,3.72
bb6cada3-6168-4c02-88ec-b79711da7955,22A,bb6cada3-6168-4c02-88ec-b79711da7955-22A-C,C,DAP 1Kg/Are + Urea 0.5Kg/Are at V6 + Urea 0.5Kg/Are at V10,Urea 1kg/Are(V6 + V10),Maize,Beans,2021-09-29,12,Well_decomposed,MV_507,39,100,0,2021-10-21,93,2021-11-02,51,2021-11-23,51,103,65,2021-12-13,2022-01-05,2022-02-03,4.42
bb6cada3-6168-4c02-88ec-b79711da7955,22A,bb6cada3-6168-4c02-88ec-b79711da7955-22A-D,D,DAP 1Kg/Are at planting+ Urea 1Kg/Are at V6,Urea 1kg/Are(V6),Maize,Beans,2021-09-29,12,Well_decomposed,MV_507,39,100,0,2021-10-21,89,2021-11-02,103,,0,103,65,2021-12-13,2022-01-05,2022-02-03,5.7
a4cd6404-4110-483d-8d4f-415a934e813b,22A,a4cd6404-4110-483d-8d4f-415a934e813b-22A-A,A,DAP 1Kg/Are + Urea 0.5Kg/Are at V6,Urea 0.5Kg/Are(V6),Maize,Beans,2021-09-28,10,Well_decomposed,MV_507,38,100,0,2021-10-25,96,2021-10-29,50,,0,50,41,2021-12-09,2022-01-05,2022-02-04,4.82
a4cd6404-4110-483d-8d4f-415a934e813b,22A,a4cd6404-4110-483d-8d4f-415a934e813b-22A-B,B,DAP 1Kg/Are + Urea 0.5Kg/Are at Planting and Urea 0.5Kg/Are at V6,Urea1kg/Are(Planting+V6),Maize,Beans,2021-09-28,10,Well_decomposed,MV_507,39,100,50,2021-10-25,59,2021-10-29,50,,0,100,64,2021-12-09,2022-01-05,2022-02-04,5.66
a4cd6404-4110-483d-8d4f-415a934e813b,22A,a4cd6404-4110-483d-8d4f-415a934e813b-22A-C,C,DAP 1Kg/Are + Urea 0.5Kg/Are at V6 + Urea 0.5Kg/Are at V10,Urea 1kg/Are(V6 + V10),Maize,Beans,2021-09-28,10,Well_decomposed,MV_507,38,100,0,2021-10-25,91,2021-10-29,50,2021-11-19,50,100,64,2021-12-09,2022-01-05,2022-02-04,6.06
a4cd6404-4110-483d-8d4f-415a934e813b,22A,a4cd6404-4110-483d-8d4f-415a934e813b-22A-D,D,DAP 1Kg/Are at planting+ Urea 1Kg/Are at V6,Urea 1kg/Are(V6),Maize,Beans,2021-09-28,10,Well_decomposed,MV_507,38,100,0,2021-10-25,86,2021-10-29,100,,0,100,64,2021-12-09,2022-01-05,2022-02-04,5.71
e2b4e738-2ec3-408c-8593-0954a3f2ec38,22A,e2b4e738-2ec3-408c-8593-0954a3f2ec38-22A-A,A,DAP 1Kg/Are + Urea 0.5Kg/Are at V6,Urea 0.5Kg/Are(V6),Maize,cassava,2021-10-01,6,Well_decomposed,MV_507,39,102,0,2021-10-25,91,2021-11-05,51,,0,51,42,2021-12-13,2022-01-10,2022-02-02,4.34
e2b4e738-2ec3-408c-8593-0954a3f2ec38,22A,e2b4e738-2ec3-408c-8593-0954a3f2ec38-22A-B,B,DAP 1Kg/Are + Urea 0.5Kg/Are at Planting and Urea 0.5Kg/Are at V6,Urea1kg/Are(Planting+V6),Maize,cassava,2021-10-01,6,Well_decomposed,MV_507,39,102,51,2021-10-25,76,2021-11-05,51,,0,102,65,2021-12-13,2022-01-10,2022-02-02,4.61
e2b4e738-2ec3-408c-8593-0954a3f2ec38,22A,e2b4e738-2ec3-408c-8593-0954a3f2ec38-22A-C,C,DAP 1Kg/Are + Urea 0.5Kg/Are at V6 + Urea 0.5Kg/Are at V10,Urea 1kg/Are(V6 + V10),Maize,cassava,2021-10-01,6,Well_decomposed,MV_507,39,102,0,2021-10-25,91,2021-11-05,51,2021-11-26,51,102,65,2021-12-13,2022-01-10,2022-02-02,5.65
e2b4e738-2ec3-408c-8593-0954a3f2ec38,22A,e2b4e738-2ec3-408c-8593-0954a3f2ec38-22A-D,D,DAP 1Kg/Are at planting+ Urea 1Kg/Are at V6,Urea 1kg/Are(V6),Maize,cassava,2021-10-01,6,Well_decomposed,MV_507,39,102,0,2021-10-25,88,2021-11-05,102,,0,102,65,2021-12-13,2022-01-10,2022-02-02,6.37
9dacce4c-d90e-435a-a874-6b302fe777eb,22A,9dacce4c-d90e-435a-a874-6b302fe777eb-22A-A,A,DAP 1Kg/Are + Urea 0.5Kg/Are at V6,Urea 0.5Kg/Are(V6),Maize,sweet_potato,2021-10-06,8,Well_decomposed,MV_507,37,98,0,2021-10-27,96,2021-11-11,49,,0,49,40,2022-01-11,2022-01-11,2022-02-22,5.69
9dacce4c-d90e-435a-a874-6b302fe777eb,22A,9dacce4c-d90e-435a-a874-6b302fe777eb-22A-B,B,DAP 1Kg/Are + Urea 0.5Kg/Are at Planting and Urea 0.5Kg/Are at V6,Urea1kg/Are(Planting+V6),Maize,sweet_potato,2021-10-06,8,Well_decomposed,MV_507,37,98,49,2021-10-27,84,2021-11-11,49,,0,98,63,2021-12-17,2022-01-11,2022-02-22,5.97
9dacce4c-d90e-435a-a874-6b302fe777eb,22A,9dacce4c-d90e-435a-a874-6b302fe777eb-22A-C,C,DAP 1Kg/Are + Urea 0.5Kg/Are at V6 + Urea 0.5Kg/Are at V10,Urea 1kg/Are(V6 + V10),Maize,sweet_potato,2021-10-06,8,Well_decomposed,MV_507,37,98,0,2021-10-27,94,2021-11-11,49,2021-11-26,49,98,63,2021-12-17,2022-01-11,2022-02-22,6.12
9dacce4c-d90e-435a-a874-6b302fe777eb,22A,9dacce4c-d90e-435a-a874-6b302fe777eb-22A-D,D,DAP 1Kg/Are at planting+ Urea 1Kg/Are at V6,Urea 1kg/Are(V6),Maize,sweet_potato,2021-10-06,8,Well_decomposed,MV_507,37,98,0,2021-10-27,86,2021-11-11,98,,0,98,63,2021-12-17,2022-01-11,2022-02-22,5.9
4b93a694-0121-448e-b98b-be465347e727,22A,4b93a694-0121-448e-b98b-be465347e727-22A-A,A,DAP 1Kg/Are + Urea 0.5Kg/Are at V6,Urea 0.5Kg/Are(V6),Maize,fallow,2021-09-29,12,Well_decomposed,MV_507,37,98,0,2021-10-21,80,2021-11-03,49,,0,49,40,2021-12-09,2022-01-05,2022-02-03,5.15
4b93a694-0121-448e-b98b-be465347e727,22A,4b93a694-0121-448e-b98b-be465347e727-22A-B,B,DAP 1Kg/Are + Urea 0.5Kg/Are at Planting and Urea 0.5Kg/Are at V6,Urea1kg/Are(Planting+V6),Maize,fallow,2021-09-29,12,Well_decomposed,MV_507,37,98,49,2021-10-21,90,2021-11-03,49,,0,98,63,2021-12-09,2022-01-05,2022-02-03,4.43
4b93a694-0121-448e-b98b-be465347e727,22A,4b93a694-0121-448e-b98b-be465347e727-22A-C,C,DAP 1Kg/Are + Urea 0.5Kg/Are at V6 + Urea 0.5Kg/Are at V10,Urea 1kg/Are(V6 + V10),Maize,fallow,2021-09-29,12,Well_decomposed,MV_507,38,98,0,2021-10-21,80,2021-11-03,49,2021-11-23,49,98,63,2021-12-09,2022-01-05,2022-02-03,5.94
4b93a694-0121-448e-b98b-be465347e727,22A,4b93a694-0121-448e-b98b-be465347e727-22A-D,D,DAP 1Kg/Are at planting+ Urea 1Kg/Are at V6,Urea 1kg/Are(V6),Maize,fallow,2021-09-29,12,Well_decomposed,MV_507,37,98,0,2021-10-21,87,2021-11-03,98,,0,98,63,2021-12-09,2022-01-05,2022-02-03,5.13
9d3336c2-d053-4bf6-a02e-15b8c5f19735,22A,9d3336c2-d053-4bf6-a02e-15b8c5f19735-22A-A,A,DAP 1Kg/Are + Urea 0.5Kg/Are at V6,Urea 0.5Kg/Are(V6),Maize,sweet_potato,2021-09-28,6,Well_decomposed,MV_507,37,97,0,2021-10-21,95,2021-10-29,48,,0,48,40,2021-12-09,2022-01-05,2022-02-04,3.32
9d3336c2-d053-4bf6-a02e-15b8c5f19735,22A,9d3336c2-d053-4bf6-a02e-15b8c5f19735-22A-B,B,DAP 1Kg/Are + Urea 0.5Kg/Are at Planting and Urea 0.5Kg/Are at V6,Urea1kg/Are(Planting+V6),Maize,sweet_potato,2021-09-28,6,Well_decomposed,MV_507,37,97,48,2021-10-21,68,2021-10-29,48,,0,97,62,2021-12-09,2022-01-05,2022-02-04,4.27
9d3336c2-d053-4bf6-a02e-15b8c5f19735,22A,9d3336c2-d053-4bf6-a02e-15b8c5f19735-22A-C,C,DAP 1Kg/Are + Urea 0.5Kg/Are at V6 + Urea 0.5Kg/Are at V10,Urea 1kg/Are(V6 + V10),Maize,sweet_potato,2021-09-28,6,Well_decomposed,MV_507,37,97,0,2021-10-21,97,2021-10-29,48,2021-11-19,48,97,62,2021-12-09,2022-01-05,2022-02-04,3.92
9d3336c2-d053-4bf6-a02e-15b8c5f19735,22A,9d3336c2-d053-4bf6-a02e-15b8c5f19735-22A-D,D,DAP 1Kg/Are at planting+ Urea 1Kg/Are at V6,Urea 1kg/Are(V6),Maize,sweet_potato,2021-09-28,6,Well_decomposed,MV_507,38,97,0,2021-10-21,79,2021-10-29,97,,0,97,62,2021-12-09,2022-01-05,2022-02-04,3.69
8368c306-4a75-4bac-bf92-140279de87d6,22A,8368c306-4a75-4bac-bf92-140279de87d6-22A-A,A,DAP 1Kg/Are + Urea 0.5Kg/Are at V6,Urea 0.5Kg/Are(V6),Maize,Beans maize,2021-09-29,8,Well_decomposed,MV_403,21,100,0,2021-10-18,99,2021-11-08,50,,0,50,41,2021-12-11,2022-01-06,2022-02-03,6.64
8368c306-4a75-4bac-bf92-140279de87d6,22A,8368c306-4a75-4bac-bf92-140279de87d6-22A-B,B,DAP 1Kg/Are + Urea 0.5Kg/Are at Planting and Urea 0.5Kg/Are at V6,Urea1kg/Are(Planting+V6),Maize,Beans maize,2021-09-29,8,Well_decomposed,MV_403,20,100,50,2021-10-18,95,2021-11-08,50,,0,100,64,2021-12-11,2022-01-06,2022-02-03,6.23
8368c306-4a75-4bac-bf92-140279de87d6,22A,8368c306-4a75-4bac-bf92-140279de87d6-22A-C,C,DAP 1Kg/Are + Urea 0.5Kg/Are at V6 + Urea 0.5Kg/Are at V10,Urea 1kg/Are(V6 + V10),Maize,Beans maize,2021-09-29,8,Well_decomposed,MV_403,27,100,0,2021-10-18,100,2021-11-08,50,2021-11-27,50,100,64,2021-12-11,2022-01-06,2022-02-03,6.75
8368c306-4a75-4bac-bf92-140279de87d6,22A,8368c306-4a75-4bac-bf92-140279de87d6-22A-D,D,DAP 1Kg/Are at planting+ Urea 1Kg/Are at V6,Urea 1kg/Are(V6),Maize,Beans maize,2021-09-29,8,Well_decomposed,MV_403,25,100,0,2021-10-18,99,2021-11-08,100,,0,100,64,2021-12-11,2022-01-06,2022-02-03,7.24
0449f3bc-838b-4e0c-89f3-fe9f31111b08,22A,0449f3bc-838b-4e0c-89f3-fe9f31111b08-22A-A,A,DAP 1Kg/Are + Urea 0.5Kg/Are at V6,Urea 0.5Kg/Are(V6),Maize,maize,2021-09-30,10,Well_decomposed,MV_403,27,100,0,2021-10-19,97,2021-11-11,50,,0,50,41,2021-12-17,2022-01-06,2022-02-04,5.14
0449f3bc-838b-4e0c-89f3-fe9f31111b08,22A,0449f3bc-838b-4e0c-89f3-fe9f31111b08-22A-B,B,DAP 1Kg/Are + Urea 0.5Kg/Are at Planting and Urea 0.5Kg/Are at V6,Urea1kg/Are(Planting+V6),Maize,maize,2021-09-30,10,Well_decomposed,MV_403,23,100,50,2021-10-19,95,2021-11-11,50,,0,100,64,2021-12-17,2022-01-06,2022-02-04,5.39
0449f3bc-838b-4e0c-89f3-fe9f31111b08,22A,0449f3bc-838b-4e0c-89f3-fe9f31111b08-22A-C,C,DAP 1Kg/Are + Urea 0.5Kg/Are at V6 + Urea 0.5Kg/Are at V10,Urea 1kg/Are(V6 + V10),Maize,maize,2021-09-30,10,Well_decomposed,MV_403,23,100,0,2021-10-19,99,2021-11-11,50,2021-11-26,50,100,64,2021-12-17,2022-01-06,2022-02-04,5.4
0449f3bc-838b-4e0c-89f3-fe9f31111b08,22A,0449f3bc-838b-4e0c-89f3-fe9f31111b08-22A-D,D,DAP 1Kg/Are at planting+ Urea 1Kg/Are at V6,Urea 1kg/Are(V6),Maize,maize,2021-09-30,10,Well_decomposed,MV_403,23,100,0,2021-10-19,100,2021-11-11,100,,0,100,64,2021-12-17,2022-01-06,2022-02-04,6.3
4f7ed9e3-f97b-4e0b-9d9b-ffedf7b3288d,22A,4f7ed9e3-f97b-4e0b-9d9b-ffedf7b3288d-22A-A,A,DAP 1Kg/Are + Urea 0.5Kg/Are at V6,Urea 0.5Kg/Are(V6),Maize,Beans maize,2021-09-30,12,Well_decomposed,MV_403,21,100,0,2021-10-19,98,2021-11-11,50,,0,50,41,2021-12-17,2022-01-06,2022-02-02,7.27
4f7ed9e3-f97b-4e0b-9d9b-ffedf7b3288d,22A,4f7ed9e3-f97b-4e0b-9d9b-ffedf7b3288d-22A-B,B,DAP 1Kg/Are + Urea 0.5Kg/Are at Planting and Urea 0.5Kg/Are at V6,Urea1kg/Are(Planting+V6),Maize,Beans maize,2021-09-30,12,Well_decomposed,MV_403,27,100,50,2021-10-19,98,2021-11-11,50,,0,100,64,2021-12-17,2022-01-06,2022-02-02,7.24
4f7ed9e3-f97b-4e0b-9d9b-ffedf7b3288d,22A,4f7ed9e3-f97b-4e0b-9d9b-ffedf7b3288d-22A-C,C,DAP 1Kg/Are + Urea 0.5Kg/Are at V6 + Urea 0.5Kg/Are at V10,Urea 1kg/Are(V6 + V10),Maize,Beans maize,2021-09-30,12,Well_decomposed,MV_403,27,100,0,2021-10-19,100,2021-11-11,50,2021-11-26,50,100,64,2021-12-17,2022-01-06,2022-02-02,6.37
4f7ed9e3-f97b-4e0b-9d9b-ffedf7b3288d,22A,4f7ed9e3-f97b-4e0b-9d9b-ffedf7b3288d-22A-D,D,DAP 1Kg/Are at planting+ Urea 1Kg/Are at V6,Urea 1kg/Are(V6),Maize,Beans maize,2021-09-30,12,Well_decomposed,MV_403,29,100,0,2021-10-19,98,2021-11-11,100,,0,100,64,2021-12-17,2022-01-06,2022-02-02,6.94
2f7d686d-79e2-4308-9683-57f3a9a70a03,22A,2f7d686d-79e2-4308-9683-57f3a9a70a03-22A-A,A,DAP 1Kg/Are + Urea 0.5Kg/Are at V6,Urea 0.5Kg/Are(V6),Maize,Beans maize,2021-10-01,8,Well_decomposed,MV_403,22,100,0,2021-10-19,96,2021-11-11,50,,0,50,41,2021-12-17,2022-01-06,2022-02-15,2.79
2f7d686d-79e2-4308-9683-57f3a9a70a03,22A,2f7d686d-79e2-4308-9683-57f3a9a70a03-22A-B,B,DAP 1Kg/Are + Urea 0.5Kg/Are at Planting and Urea 0.5Kg/Are at V6,Urea1kg/Are(Planting+V6),Maize,Beans maize,2021-10-01,8,Well_decomposed,MV_403,20,100,50,2021-10-19,99,2021-11-11,50,,0,100,64,2021-12-17,2022-01-06,2022-02-15,2.18
2f7d686d-79e2-4308-9683-57f3a9a70a03,22A,2f7d686d-79e2-4308-9683-57f3a9a70a03-22A-C,C,DAP 1Kg/Are + Urea 0.5Kg/Are at V6 + Urea 0.5Kg/Are at V10,Urea 1kg/Are(V6 + V10),Maize,Beans maize,2021-10-01,8,Well_decomposed,MV_403,28,100,0,2021-10-19,100,2021-11-11,50,2021-11-26,50,100,64,2021-12-17,2022-01-06,2022-02-15,3.0
2f7d686d-79e2-4308-9683-57f3a9a70a03,22A,2f7d686d-79e2-4308-9683-57f3a9a70a03-22A-D,D,DAP 1Kg/Are at planting+ Urea 1Kg/Are at V6,Urea 1kg/Are(V6),Maize,Beans maize,2021-10-01,8,Well_decomposed,MV_403,20,100,0,2021-10-19,100,2021-11-11,100,,0,100,64,2021-12-17,2022-01-06,2022-02-15,2.36
93993900-bb73-4412-9e0c-70670fa27067,22A,93993900-bb73-4412-9e0c-70670fa27067-22A-A,A,DAP 1Kg/Are + Urea 0.5Kg/Are at V6,Urea 0.5Kg/Are(V6),Maize,sweet_potato,2021-10-01,8,Well_decomposed,MV_403,20,100,0,2021-11-08,87,2021-11-13,50,,0,50,41,2021-12-17,2022-01-06,2022-02-19,3.11
93993900-bb73-4412-9e0c-70670fa27067,22A,93993900-bb73-4412-9e0c-70670fa27067-22A-B,B,DAP 1Kg/Are + Urea 0.5Kg/Are at Planting and Urea 0.5Kg/Are at V6,Urea1kg/Are(Planting+V6),Maize,sweet_potato,2021-10-01,8,Well_decomposed,MV_403,25,100,50,2021-11-08,71,2021-11-13,50,,0,100,64,2021-12-17,2022-01-06,2022-02-19,3.09
93993900-bb73-4412-9e0c-70670fa27067,22A,93993900-bb73-4412-9e0c-70670fa27067-22A-C,C,DAP 1Kg/Are + Urea 0.5Kg/Are at V6 + Urea 0.5Kg/Are at V10,Urea 1kg/Are(V6 + V10),Maize,sweet_potato,2021-10-01,8,Well_decomposed,MV_403,18,100,0,2021-11-08,90,2021-11-13,50,2021-12-03,50,100,64,2021-12-17,2022-01-06,2022-02-19,3.13
93993900-bb73-4412-9e0c-70670fa27067,22A,93993900-bb73-4412-9e0c-70670fa27067-22A-D,D,DAP 1Kg/Are at planting+ Urea 1Kg/Are at V6,Urea 1kg/Are(V6),Maize,sweet_potato,2021-10-01,8,Well_decomposed,MV_403,19,100,0,2021-11-08,91,2021-11-13,100,,0,100,64,2021-12-17,2022-01-06,2022-02-19,3.78
fdfa40dc-a673-442a-9b72-e7618eca232d,22A,fdfa40dc-a673-442a-9b72-e7618eca232d-22A-A,A,DAP 1Kg/Are + Urea 0.5Kg/Are at V6,Urea 0.5Kg/Are(V6),Maize,maize,2021-10-02,10,Well_decomposed,MV_403,21,100,0,2021-11-13,93,2021-11-13,50,,0,50,41,2021-12-17,2022-01-08,2022-02-15,6.61
fdfa40dc-a673-442a-9b72-e7618eca232d,22A,fdfa40dc-a673-442a-9b72-e7618eca232d-22A-B,B,DAP 1Kg/Are + Urea 0.5Kg/Are at Planting and Urea 0.5Kg/Are at V6,Urea1kg/Are(Planting+V6),Maize,maize,2021-10-02,10,Well_decomposed,MV_403,21,100,50,2021-11-13,81,2021-11-13,50,,0,100,64,2021-12-17,2022-01-08,2022-02-15,5.52
fdfa40dc-a673-442a-9b72-e7618eca232d,22A,fdfa40dc-a673-442a-9b72-e7618eca232d-22A-C,C,DAP 1Kg/Are + Urea 0.5Kg/Are at V6 + Urea 0.5Kg/Are at V10,Urea 1kg/Are(V6 + V10),Maize,maize,2021-10-02,10,Well_decomposed,MV_403,23,100,0,2021-11-13,96,2021-11-13,50,2021-11-29,50,100,64,2021-12-17,2022-01-08,2022-02-15,6.29
fdfa40dc-a673-442a-9b72-e7618eca232d,22A,fdfa40dc-a673-442a-9b72-e7618eca232d-22A-D,D,DAP 1Kg/Are at planting+ Urea 1Kg/Are at V6,Urea 1kg/Are(V6),Maize,maize,2021-10-02,10,Well_decomposed,MV_403,25,100,0,2021-11-13,94,2021-11-13,100,,0,100,64,2021-12-17,2022-01-08,2022-02-15,6.37
ff07ff1f-cc90-45ac-9020-bf5680503c06,22A,ff07ff1f-cc90-45ac-9020-bf5680503c06-22A-A,A,DAP 1Kg/Are + Urea 0.5Kg/Are at V6,Urea 0.5Kg/Are(V6),Maize,Beans maize,2021-10-07,11,average,MV_403,23,99,0,2021-11-13,96,2021-11-19,50,,0,50,41,2021-12-18,2022-01-08,2022-02-14,5.19
ff07ff1f-cc90-45ac-9020-bf5680503c06,22A,ff07ff1f-cc90-45ac-9020-bf5680503c06-22A-B,B,DAP 1Kg/Are + Urea 0.5Kg/Are at Planting and Urea 0.5Kg/Are at V6,Urea1kg/Are(Planting+V6),Maize,Beans maize,2021-10-07,11,average,MV_403,22,99,50,2021-11-13,91,2021-11-19,50,,0,99,63,2021-12-18,2022-01-08,2022-02-14,6.86
ff07ff1f-cc90-45ac-9020-bf5680503c06,22A,ff07ff1f-cc90-45ac-9020-bf5680503c06-22A-C,C,DAP 1Kg/Are + Urea 0.5Kg/Are at V6 + Urea 0.5Kg/Are at V10,Urea 1kg/Are(V6 + V10),Maize,Beans maize,2021-10-07,11,average,MV_403,21,99,0,2021-11-13,95,2021-11-19,50,2021-12-03,50,99,63,2021-12-18,2022-01-08,2022-02-14,6.26
ff07ff1f-cc90-45ac-9020-bf5680503c06,22A,ff07ff1f-cc90-45ac-9020-bf5680503c06-22A-D,D,DAP 1Kg/Are at planting+ Urea 1Kg/Are at V6,Urea 1kg/Are(V6),Maize,Beans maize,2021-10-07,11,Well_decomposed,MV_403,20,99,0,2021-11-13,98,2021-11-19,99,,0,99,63,2021-12-18,2022-01-08,2022-02-14,6.19
ba6b6031-50c5-4202-8c17-828afa696b1a,22A,ba6b6031-50c5-4202-8c17-828afa696b1a-22A-A,A,DAP 1Kg/Are + Urea 0.5Kg/Are at V6,Urea 0.5Kg/Are(V6),Maize,maize,2021-10-08,10,average,MV_403,23,101,0,2021-11-11,84,2021-11-11,50,,0,50,41,2021-12-20,2022-01-10,2022-02-08,4.82
ba6b6031-50c5-4202-8c17-828afa696b1a,22A,ba6b6031-50c5-4202-8c17-828afa696b1a-22A-B,B,DAP 1Kg/Are + Urea 0.5Kg/Are at Planting and Urea 0.5Kg/Are at V6,Urea1kg/Are(Planting+V6),Maize,maize,2021-10-08,10,average,MV_403,23,101,50,2021-11-11,67,2021-11-11,50,,0,101,64,2021-12-20,2022-01-10,2022-02-08,3.93
ba6b6031-50c5-4202-8c17-828afa696b1a,22A,ba6b6031-50c5-4202-8c17-828afa696b1a-22A-C,C,DAP 1Kg/Are + Urea 0.5Kg/Are at V6 + Urea 0.5Kg/Are at V10,Urea 1kg/Are(V6 + V10),Maize,maize,2021-10-08,10,average,MV_403,20,101,0,2021-11-11,91,2021-11-11,50,2021-12-03,50,101,64,2021-12-20,2022-01-10,2022-02-08,3.48
ba6b6031-50c5-4202-8c17-828afa696b1a,22A,ba6b6031-50c5-4202-8c17-828afa696b1a-22A-D,D,DAP 1Kg/Are at planting+ Urea 1Kg/Are at V6,Urea 1kg/Are(V6),Maize,maize,2021-10-08,10,average,MV_403,25,101,0,2021-11-11,90,2021-11-11,101,,0,101,64,2021-12-20,2022-01-10,2022-02-08,3.73
1fbb7093-5865-4111-89d3-3efaf4f25ad0,22A,1fbb7093-5865-4111-89d3-3efaf4f25ad0-22A-A,A,DAP 1Kg/Are + Urea 0.5Kg/Are at V6,Urea 0.5Kg/Are(V6),Maize,sorghum,2021-10-08,8,average,MV_403,24,101,0,2021-11-11,91,2021-11-19,50,,0,50,41,2021-12-18,2022-01-11,2022-02-25,3.46
1fbb7093-5865-4111-89d3-3efaf4f25ad0,22A,1fbb7093-5865-4111-89d3-3efaf4f25ad0-22A-B,B,DAP 1Kg/Are + Urea 0.5Kg/Are at Planting and Urea 0.5Kg/Are at V6,Urea1kg/Are(Planting+V6),Maize,sorghum,2021-10-08,8,average,MV_403,23,101,50,2021-11-11,87,2021-11-19,50,,0,101,64,2021-12-18,2022-01-11,2022-02-25,2.59
1fbb7093-5865-4111-89d3-3efaf4f25ad0,22A,1fbb7093-5865-4111-89d3-3efaf4f25ad0-22A-C,C,DAP 1Kg/Are + Urea 0.5Kg/Are at V6 + Urea 0.5Kg/Are at V10,Urea 1kg/Are(V6 + V10),Maize,sorghum,2021-10-08,8,average,MV_403,23,101,0,2021-11-11,92,2021-11-19,50,2021-12-04,50,101,64,2021-12-18,2022-01-11,2022-02-25,3.67
1fbb7093-5865-4111-89d3-3efaf4f25ad0,22A,1fbb7093-5865-4111-89d3-3efaf4f25ad0-22A-D,D,DAP 1Kg/Are at planting+ Urea 1Kg/Are at V6,Urea 1kg/Are(V6),Maize,sorghum,2021-10-08,8,average,MV_403,19,101,0,2021-11-11,91,2021-11-19,101,,0,101,64,2021-12-18,2022-01-11,2022-02-25,3.3
517bed3a-351a-4f11-8e2c-a676abb77429,22A,517bed3a-351a-4f11-8e2c-a676abb77429-22A-A,A,DAP 1Kg/Are + Urea 0.5Kg/Are at V6,Urea 0.5Kg/Are(V6),Maize,Beans maize,2021-10-13,10,Well_decomposed,MV_403,21,100,0,2021-11-13,88,2021-11-19,50,,0,50,41,2021-12-21,2022-01-10,2022-02-22,5.47
517bed3a-351a-4f11-8e2c-a676abb77429,22A,517bed3a-351a-4f11-8e2c-a676abb77429-22A-B,B,DAP 1Kg/Are + Urea 0.5Kg/Are at Planting and Urea 0.5Kg/Are at V6,Urea1kg/Are(Planting+V6),Maize,Beans maize,2021-10-13,10,Well_decomposed,MV_403,25,100,50,2021-11-13,97,2021-11-19,50,,0,100,64,2021-12-21,2022-01-10,2022-02-22,7.66
517bed3a-351a-4f11-8e2c-a676abb77429,22A,517bed3a-351a-4f11-8e2c-a676abb77429-22A-C,C,DAP 1Kg/Are + Urea 0.5Kg/Are at V6 + Urea 0.5Kg/Are at V10,Urea 1kg/Are(V6 + V10),Maize,Beans maize,2021-10-13,10,Well_decomposed,MV_403,20,100,0,2021-11-13,98,2021-11-19,50,2021-12-03,50,100,64,2021-12-21,2022-01-10,2022-02-22,7.48
517bed3a-351a-4f11-8e2c-a676abb77429,22A,517bed3a-351a-4f11-8e2c-a676abb77429-22A-D,D,DAP 1Kg/Are at planting+ Urea 1Kg/Are at V6,Urea 1kg/Are(V6),Maize,Beans maize,2021-10-13,10,Well_decomposed,MV_403,21,100,0,2021-11-13,99,2021-11-19,100,,0,100,64,2021-12-21,2022-01-10,2022-02-22,8.02
cceb65f3-0551-480d-8ada-7f5c239ec8c8,22A,cceb65f3-0551-480d-8ada-7f5c239ec8c8-22A-A,A,DAP 1Kg/Are + Urea 0.5Kg/Are at V6,Urea 0.5Kg/Are(V6),Maize,Beans,2021-10-04,8,Well_decomposed,MV_403,22,100,0,2021-11-12,98,2021-11-12,50,,0,50,41,2021-12-14,2022-01-05,2022-02-09,5.01
cceb65f3-0551-480d-8ada-7f5c239ec8c8,22A,cceb65f3-0551-480d-8ada-7f5c239ec8c8-22A-B,B,DAP 1Kg/Are + Urea 0.5Kg/Are at Planting and Urea 0.5Kg/Are at V6,Urea1kg/Are(Planting+V6),Maize,Beans,2021-10-04,8,Well_decomposed,MV_403,22,100,50,2021-11-12,94,2021-11-12,50,,0,100,64,2021-12-14,2022-01-05,2022-02-09,5.1
cceb65f3-0551-480d-8ada-7f5c239ec8c8,22A,cceb65f3-0551-480d-8ada-7f5c239ec8c8-22A-C,C,DAP 1Kg/Are + Urea 0.5Kg/Are at V6 + Urea 0.5Kg/Are at V10,Urea 1kg/Are(V6 + V10),Maize,Beans,2021-10-04,8,Well_decomposed,MV_403,24,100,0,2021-11-12,99,2021-11-12,50,2021-11-29,50,100,64,2021-12-14,2022-01-05,2022-02-09,6.64
cceb65f3-0551-480d-8ada-7f5c239ec8c8,22A,cceb65f3-0551-480d-8ada-7f5c239ec8c8-22A-D,D,DAP 1Kg/Are at planting+ Urea 1Kg/Are at V6,Urea 1kg/Are(V6),Maize,Beans,2021-10-04,8,Well_decomposed,MV_403,22,100,0,2021-11-12,98,2021-11-12,100,,0,100,64,2021-12-14,2022-01-05,2022-02-09,6.23
5bf0b49b-fce4-4240-8666-b21e901ff11a,22A,5bf0b49b-fce4-4240-8666-b21e901ff11a-22A-A,A,DAP 1Kg/Are + Urea 0.5Kg/Are at V6,Urea 0.5Kg/Are(V6),Maize,Beans maize,2021-10-04,10,Well_decomposed,MV_403,25,100,0,2021-11-10,96,2021-11-12,50,,0,50,41,2021-12-14,2022-01-05,2022-02-12,6.0
5bf0b49b-fce4-4240-8666-b21e901ff11a,22A,5bf0b49b-fce4-4240-8666-b21e901ff11a-22A-B,B,DAP 1Kg/Are + Urea 0.5Kg/Are at Planting and Urea 0.5Kg/Are at V6,Urea1kg/Are(Planting+V6),Maize,Beans maize,2021-10-04,10,Well_decomposed,MV_403,24,100,50,2021-11-10,67,2021-11-12,50,,0,100,64,2021-12-14,2022-01-05,2022-02-12,5.05
5bf0b49b-fce4-4240-8666-b21e901ff11a,22A,5bf0b49b-fce4-4240-8666-b21e901ff11a-22A-C,C,DAP 1Kg/Are + Urea 0.5Kg/Are at V6 + Urea 0.5Kg/Are at V10,Urea 1kg/Are(V6 + V10),Maize,Beans maize,2021-10-04,10,Well_decomposed,MV_403,25,100,0,2021-11-10,93,2021-11-12,50,2021-11-29,50,100,64,2021-12-14,2022-01-05,2022-02-12,5.09
5bf0b49b-fce4-4240-8666-b21e901ff11a,22A,5bf0b49b-fce4-4240-8666-b21e901ff11a-22A-D,D,DAP 1Kg/Are at planting+ Urea 1Kg/Are at V6,Urea 1kg/Are(V6),Maize,Beans maize,2021-10-04,10,Well_decomposed,MV_403,25,100,0,2021-11-10,99,2021-11-12,100,,0,100,64,2021-12-14,2022-01-05,2022-02-12,5.9
9b664ee0-3304-4c2e-b71d-7e2002250527,22A,9b664ee0-3304-4c2e-b71d-7e2002250527-22A-A,A,DAP 1Kg/Are + Urea 0.5Kg/Are at V6,Urea 0.5Kg/Are(V6),Maize,Beans maize,2021-10-05,16,Well_decomposed,MV_403,27,100,0,2021-11-16,95,2021-11-16,50,,0,50,41,2021-12-14,2022-01-05,2022-02-28,6.42
9b664ee0-3304-4c2e-b71d-7e2002250527,22A,9b664ee0-3304-4c2e-b71d-7e2002250527-22A-B,B,DAP 1Kg/Are + Urea 0.5Kg/Are at Planting and Urea 0.5Kg/Are at V6,Urea1kg/Are(Planting+V6),Maize,Beans maize,2021-10-05,16,Well_decomposed,MV_403,28,100,50,2021-11-16,97,2021-11-16,50,,0,100,64,2021-12-14,2022-01-05,2022-02-28,5.54
9b664ee0-3304-4c2e-b71d-7e2002250527,22A,9b664ee0-3304-4c2e-b71d-7e2002250527-22A-C,C,DAP 1Kg/Are + Urea 0.5Kg/Are at V6 + Urea 0.5Kg/Are at V10,Urea 1kg/Are(V6 + V10),Maize,Beans maize,2021-10-05,16,Well_decomposed,MV_403,24,100,0,2021-11-16,92,2021-11-16,50,2021-11-29,50,100,64,2021-12-14,2022-01-05,2022-02-28,7.1
9b664ee0-3304-4c2e-b71d-7e2002250527,22A,9b664ee0-3304-4c2e-b71d-7e2002250527-22A-D,D,DAP 1Kg/Are at planting+ Urea 1Kg/Are at V6,Urea 1kg/Are(V6),Maize,Beans maize,2021-10-05,16,Well_decomposed,MV_403,24,100,0,2021-11-16,90,2021-11-16,100,,0,100,64,2021-12-14,2022-01-05,2022-02-28,6.02
6b524fca-ecd8-470f-91d1-6845aaad995e,22A,6b524fca-ecd8-470f-91d1-6845aaad995e-22A-A,A,DAP 1Kg/Are + Urea 0.5Kg/Are at V6,Urea 0.5Kg/Are(V6),Maize,Beans,2021-10-05,8,Well_decomposed,MV_403,27,100,0,2021-11-12,93,2021-11-16,50,,0,50,41,2021-12-16,2022-01-07,2022-02-17,4.66
6b524fca-ecd8-470f-91d1-6845aaad995e,22A,6b524fca-ecd8-470f-91d1-6845aaad995e-22A-B,B,DAP 1Kg/Are + Urea 0.5Kg/Are at Planting and Urea 0.5Kg/Are at V6,Urea1kg/Are(Planting+V6),Maize,Beans,2021-10-05,8,Well_decomposed,MV_403,27,100,50,2021-11-12,81,2021-11-16,50,,0,100,64,2021-12-16,2022-01-07,2022-02-17,5.48
6b524fca-ecd8-470f-91d1-6845aaad995e,22A,6b524fca-ecd8-470f-91d1-6845aaad995e-22A-C,C,DAP 1Kg/Are + Urea 0.5Kg/Are at V6 + Urea 0.5Kg/Are at V10,Urea 1kg/Are(V6 + V10),Maize,Beans,2021-10-05,8,Well_decomposed,MV_403,20,100,0,2021-11-12,92,2021-11-16,50,2021-11-29,50,100,64,2021-12-16,2022-01-07,2022-02-17,5.82
6b524fca-ecd8-470f-91d1-6845aaad995e,22A,6b524fca-ecd8-470f-91d1-6845aaad995e-22A-D,D,DAP 1Kg/Are at planting+ Urea 1Kg/Are at V6,Urea 1kg/Are(V6),Maize,Beans,2021-10-05,8,Well_decomposed,MV_403,27,100,0,2021-11-12,93,2021-11-16,100,,0,100,64,2021-12-16,2022-01-07,2022-02-17,5.67
df34590d-6fa4-4e6d-be86-23a0be20ef18,22A,df34590d-6fa4-4e6d-be86-23a0be20ef18-22A-A,A,DAP 1Kg/Are + Urea 0.5Kg/Are at V6,Urea 0.5Kg/Are(V6),Maize,cassava,2021-10-11,10,average,MV_403,21,99,0,2021-11-17,97,2021-11-17,50,,0,50,41,2021-12-21,2022-01-07,2022-02-19,6.89
df34590d-6fa4-4e6d-be86-23a0be20ef18,22A,df34590d-6fa4-4e6d-be86-23a0be20ef18-22A-B,B,DAP 1Kg/Are + Urea 0.5Kg/Are at Planting and Urea 0.5Kg/Are at V6,Urea1kg/Are(Planting+V6),Maize,cassava,2021-10-11,10,average,MV_403,19,99,50,2021-11-17,93,2021-11-17,50,,0,99,63,2021-12-21,2022-01-07,2022-02-19,6.46
df34590d-6fa4-4e6d-be86-23a0be20ef18,22A,df34590d-6fa4-4e6d-be86-23a0be20ef18-22A-C,C,DAP 1Kg/Are + Urea 0.5Kg/Are at V6 + Urea 0.5Kg/Are at V10,Urea 1kg/Are(V6 + V10),Maize,cassava,2021-10-11,10,average,MV_403,23,99,0,2021-11-17,97,2021-11-17,50,2021-12-02,50,99,63,2021-12-21,2022-01-07,2022-02-19,7.06
df34590d-6fa4-4e6d-be86-23a0be20ef18,22A,df34590d-6fa4-4e6d-be86-23a0be20ef18-22A-D,D,DAP 1Kg/Are at planting+ Urea 1Kg/Are at V6,Urea 1kg/Are(V6),Maize,cassava,2021-10-11,10,average,MV_403,25,99,0,2021-11-17,97,2021-11-17,99,,0,99,63,2021-12-21,2022-01-07,2022-02-19,7.31
5d5ae2ef-4127-4c46-907d-3aaa389c1df6,22A,5d5ae2ef-4127-4c46-907d-3aaa389c1df6-22A-A,A,DAP 1Kg/Are + Urea 0.5Kg/Are at V6,Urea 0.5Kg/Are(V6),Maize,sorghum,2021-09-29,5,Well_decomposed,MV_507,31,104,0,2021-10-20,100,2021-11-06,52,,0,52,43,2021-12-21,2022-01-06,2022-02-08,4.52
5d5ae2ef-4127-4c46-907d-3aaa389c1df6,22A,5d5ae2ef-4127-4c46-907d-3aaa389c1df6-22A-B,B,DAP 1Kg/Are + Urea 0.5Kg/Are at Planting and Urea 0.5Kg/Are at V6,Urea1kg/Are(Planting+V6),Maize,sorghum,2021-09-29,5,Well_decomposed,MV_507,46,104,52,2021-10-20,100,2021-11-06,52,,0,104,67,2021-12-21,2022-01-06,2022-02-08,3.16
5d5ae2ef-4127-4c46-907d-3aaa389c1df6,22A,5d5ae2ef-4127-4c46-907d-3aaa389c1df6-22A-C,C,DAP 1Kg/Are + Urea 0.5Kg/Are at V6 + Urea 0.5Kg/Are at V10,Urea 1kg/Are(V6 + V10),Maize,sorghum,2021-09-29,5,Well_decomposed,MV_507,46,104,0,2021-10-20,100,2021-11-06,52,2021-11-25,52,104,67,2021-12-21,2022-01-06,2022-02-08,4.68
5d5ae2ef-4127-4c46-907d-3aaa389c1df6,22A,5d5ae2ef-4127-4c46-907d-3aaa389c1df6-22A-D,D,DAP 1Kg/Are at planting+ Urea 1Kg/Are at V6,Urea 1kg/Are(V6),Maize,sorghum,2021-09-29,5,Well_decomposed,MV_507,44,104,0,2021-10-20,100,2021-11-06,104,,0,104,67,2021-12-21,2022-01-06,2022-02-08,4.18
ee348f62-ee10-4265-b7a9-554c55c29d60,22A,ee348f62-ee10-4265-b7a9-554c55c29d60-22A-A,A,DAP 1Kg/Are + Urea 0.5Kg/Are at V6,Urea 0.5Kg/Are(V6),Maize,Beans,2021-09-29,8,average,MV_507,45,100,0,2021-10-20,99,2021-11-04,50,,0,50,41,2021-12-21,2022-01-06,2022-02-21,3.56
ee348f62-ee10-4265-b7a9-554c55c29d60,22A,ee348f62-ee10-4265-b7a9-554c55c29d60-22A-B,B,DAP 1Kg/Are + Urea 0.5Kg/Are at Planting and Urea 0.5Kg/Are at V6,Urea1kg/Are(Planting+V6),Maize,Beans,2021-09-29,8,average,MV_507,46,100,50,2021-10-20,94,2021-11-04,50,,0,100,64,2021-12-21,2022-01-06,2022-02-21,4.73
ee348f62-ee10-4265-b7a9-554c55c29d60,22A,ee348f62-ee10-4265-b7a9-554c55c29d60-22A-C,C,DAP 1Kg/Are + Urea 0.5Kg/Are at V6 + Urea 0.5Kg/Are at V10,Urea 1kg/Are(V6 + V10),Maize,Beans,2021-09-29,8,average,MV_507,45,100,0,2021-10-20,99,2021-11-04,50,2021-12-01,50,100,64,2021-12-21,2022-01-06,2022-02-21,4.33
ee348f62-ee10-4265-b7a9-554c55c29d60,22A,ee348f62-ee10-4265-b7a9-554c55c29d60-22A-D,D,DAP 1Kg/Are at planting+ Urea 1Kg/Are at V6,Urea 1kg/Are(V6),Maize,Beans,2021-09-29,8,average,MV_507,45,100,0,2021-10-20,100,2021-11-04,100,,0,100,64,2021-12-21,2022-01-06,2022-02-21,4.3
7208af9d-5fc1-4324-9268-4f8265caaac0,22A,7208af9d-5fc1-4324-9268-4f8265caaac0-22A-A,A,DAP 1Kg/Are + Urea 0.5Kg/Are at V6,Urea 0.5Kg/Are(V6),Maize,irish_potato,2021-10-01,15,Well_decomposed,MV_507,46,104,0,2021-10-20,96,2021-11-04,52,,0,52,43,2021-12-21,2021-12-30,2022-02-28,6.13
7208af9d-5fc1-4324-9268-4f8265caaac0,22A,7208af9d-5fc1-4324-9268-4f8265caaac0-22A-B,B,DAP 1Kg/Are + Urea 0.5Kg/Are at Planting and Urea 0.5Kg/Are at V6,Urea1kg/Are(Planting+V6),Maize,irish_potato,2021-10-01,15,Well_decomposed,MV_507,45,104,52,2021-10-20,93,2021-11-04,52,,0,104,67,2021-12-21,2021-12-30,2022-02-28,5.08
7208af9d-5fc1-4324-9268-4f8265caaac0,22A,7208af9d-5fc1-4324-9268-4f8265caaac0-22A-C,C,DAP 1Kg/Are + Urea 0.5Kg/Are at V6 + Urea 0.5Kg/Are at V10,Urea 1kg/Are(V6 + V10),Maize,irish_potato,2021-10-01,15,Well_decomposed,MV_507,46,104,0,2021-10-20,100,2021-11-04,52,2021-11-16,52,104,67,2021-12-21,2021-12-30,2022-02-28,6.18
7208af9d-5fc1-4324-9268-4f8265caaac0,22A,7208af9d-5fc1-4324-9268-4f8265caaac0-22A-D,D,DAP 1Kg/Are at planting+ Urea 1Kg/Are at V6,Urea 1kg/Are(V6),Maize,irish_potato,2021-10-01,15,Well_decomposed,MV_507,46,104,0,2021-10-20,100,2021-11-04,104,,0,104,67,2021-12-21,2021-12-30,2022-02-28,6.6
1e868db9-0f7a-450c-b38a-7e945537572e,22A,1e868db9-0f7a-450c-b38a-7e945537572e-22A-A,A,DAP 1Kg/Are + Urea 0.5Kg/Are at V6,Urea 0.5Kg/Are(V6),Maize,cassava,2021-10-05,12,Well_decomposed,MV_507,42,100,0,2021-10-20,100,2021-11-06,50,,0,50,41,2021-12-21,2022-01-07,2022-02-23,8.34
1e868db9-0f7a-450c-b38a-7e945537572e,22A,1e868db9-0f7a-450c-b38a-7e945537572e-22A-B,B,DAP 1Kg/Are + Urea 0.5Kg/Are at Planting and Urea 0.5Kg/Are at V6,Urea1kg/Are(Planting+V6),Maize,cassava,2021-10-05,12,Well_decomposed,MV_507,43,100,50,2021-10-20,96,2021-11-06,50,,0,100,64,2021-12-21,2022-01-07,2022-02-23,7.42
1e868db9-0f7a-450c-b38a-7e945537572e,22A,1e868db9-0f7a-450c-b38a-7e945537572e-22A-C,C,DAP 1Kg/Are + Urea 0.5Kg/Are at V6 + Urea 0.5Kg/Are at V10,Urea 1kg/Are(V6 + V10),Maize,cassava,2021-10-05,12,Well_decomposed,MV_507,43,100,0,2021-10-20,100,2021-11-06,50,2021-11-25,50,100,64,2021-12-21,2022-01-07,2022-02-23,8.89
1e868db9-0f7a-450c-b38a-7e945537572e,22A,1e868db9-0f7a-450c-b38a-7e945537572e-22A-D,D,DAP 1Kg/Are at planting+ Urea 1Kg/Are at V6,Urea 1kg/Are(V6),Maize,cassava,2021-10-05,12,Well_decomposed,MV_507,40,100,0,2021-10-20,100,2021-11-06,100,,0,100,64,2021-12-21,2022-01-07,2022-02-23,8.44
2ccd80fc-d368-4f91-85e3-c39831542fd9,22A,2ccd80fc-d368-4f91-85e3-c39831542fd9-22A-A,A,DAP 1Kg/Are + Urea 0.5Kg/Are at V6,Urea 0.5Kg/Are(V6),Maize,irish_potato sorghum,2021-10-06,7,average,MV_507,43,104,0,2021-11-04,100,2021-11-12,52,,0,52,43,2022-01-05,2022-01-14,2022-02-21,4.44
2ccd80fc-d368-4f91-85e3-c39831542fd9,22A,2ccd80fc-d368-4f91-85e3-c39831542fd9-22A-B,B,DAP 1Kg/Are + Urea 0.5Kg/Are at Planting and Urea 0.5Kg/Are at V6,Urea1kg/Are(Planting+V6),Maize,irish_potato sorghum,2021-10-06,7,average,MV_507,44,104,52,2021-11-04,98,2021-11-12,52,,0,104,67,2022-01-05,2022-01-14,2022-02-21,4.06
2ccd80fc-d368-4f91-85e3-c39831542fd9,22A,2ccd80fc-d368-4f91-85e3-c39831542fd9-22A-C,C,DAP 1Kg/Are + Urea 0.5Kg/Are at V6 + Urea 0.5Kg/Are at V10,Urea 1kg/Are(V6 + V10),Maize,irish_potato sorghum,2021-10-06,7,average,MV_507,43,104,0,2021-11-04,100,2021-11-12,52,2021-12-01,52,104,67,2022-01-05,2022-01-14,2022-02-21,4.61
2ccd80fc-d368-4f91-85e3-c39831542fd9,22A,2ccd80fc-d368-4f91-85e3-c39831542fd9-22A-D,D,DAP 1Kg/Are at planting+ Urea 1Kg/Are at V6,Urea 1kg/Are(V6),Maize,irish_potato sorghum,2021-10-06,7,average,MV_507,42,104,0,2021-11-04,100,2021-11-12,104,,0,104,67,2022-01-05,2022-01-14,2022-02-21,4.91
03acd043-8c5c-4f17-8806-df3b28ef6399,22A,03acd043-8c5c-4f17-8806-df3b28ef6399-22A-A,A,DAP 1Kg/Are + Urea 0.5Kg/Are at V6,Urea 0.5Kg/Are(V6),Maize,sorghum,2021-10-06,11,Well_decomposed,MV_507,44,104,0,2021-11-04,100,2021-11-12,52,,0,52,43,2022-01-05,2022-01-14,2022-02-21,4.47
03acd043-8c5c-4f17-8806-df3b28ef6399,22A,03acd043-8c5c-4f17-8806-df3b28ef6399-22A-B,B,DAP 1Kg/Are + Urea 0.5Kg/Are at Planting and Urea 0.5Kg/Are at V6,Urea1kg/Are(Planting+V6),Maize,sorghum,2021-10-06,11,Well_decomposed,MV_507,43,104,52,2021-11-04,96,2021-11-12,52,,0,104,67,2022-01-05,2022-01-14,2022-02-21,4.21
03acd043-8c5c-4f17-8806-df3b28ef6399,22A,03acd043-8c5c-4f17-8806-df3b28ef6399-22A-C,C,DAP 1Kg/Are + Urea 0.5Kg/Are at V6 + Urea 0.5Kg/Are at V10,Urea 1kg/Are(V6 + V10),Maize,sorghum,2021-10-06,11,Well_decomposed,MV_507,43,104,0,2021-11-04,100,2021-11-12,52,2021-12-01,52,104,67,2022-01-05,2022-01-14,2022-02-21,5.4
03acd043-8c5c-4f17-8806-df3b28ef6399,22A,03acd043-8c5c-4f17-8806-df3b28ef6399-22A-D,D,DAP 1Kg/Are at planting+ Urea 1Kg/Are at V6,Urea 1kg/Are(V6),Maize,sorghum,2021-10-06,11,Well_decomposed,MV_507,43,104,0,2021-11-04,100,2021-11-12,104,,0,104,67,2022-01-05,2022-01-14,2022-02-21,5.72
b20a8a08-5f09-4997-a6ff-3da52a909b68,22A,b20a8a08-5f09-4997-a6ff-3da52a909b68-22A-A,A,DAP 1Kg/Are + Urea 0.5Kg/Are at V6,Urea 0.5Kg/Are(V6),Maize,Beans cassava,2021-10-07,8,Well_decomposed,MV_507,46,104,0,2021-11-03,100,2021-11-19,52,,0,52,43,2022-01-05,2022-01-14,2022-03-03,5.42
b20a8a08-5f09-4997-a6ff-3da52a909b68,22A,b20a8a08-5f09-4997-a6ff-3da52a909b68-22A-B,B,DAP 1Kg/Are + Urea 0.5Kg/Are at Planting and Urea 0.5Kg/Are at V6,Urea1kg/Are(Planting+V6),Maize,Beans cassava,2021-10-07,8,Well_decomposed,MV_507,46,104,52,2021-11-03,92,2021-11-19,52,,0,104,67,2022-01-05,2022-01-14,2022-03-03,3.06
b20a8a08-5f09-4997-a6ff-3da52a909b68,22A,b20a8a08-5f09-4997-a6ff-3da52a909b68-22A-C,C,DAP 1Kg/Are + Urea 0.5Kg/Are at V6 + Urea 0.5Kg/Are at V10,Urea 1kg/Are(V6 + V10),Maize,Beans cassava,2021-10-07,8,Well_decomposed,MV_507,46,104,0,2021-11-03,98,2021-11-19,52,2021-12-10,52,104,67,2022-01-05,2022-01-14,2022-03-03,4.37
b20a8a08-5f09-4997-a6ff-3da52a909b68,22A,b20a8a08-5f09-4997-a6ff-3da52a909b68-22A-D,D,DAP 1Kg/Are at planting+ Urea 1Kg/Are at V6,Urea 1kg/Are(V6),Maize,Beans cassava,2021-10-07,8,Well_decomposed,MV_507,45,104,0,2021-11-03,100,2021-11-19,104,,0,104,67,2022-01-05,2022-01-14,2022-03-03,6.25
f9c01546-1e99-4128-8972-31941237871b,22A,f9c01546-1e99-4128-8972-31941237871b-22A-A,A,DAP 1Kg/Are + Urea 0.5Kg/Are at V6,Urea 0.5Kg/Are(V6),Maize,Beans irish_potato cassava sorghum,2021-10-08,9,Well_decomposed,MV_507,43,104,0,2021-11-03,100,2021-11-19,52,,0,52,43,2022-01-05,2022-01-14,2022-03-16,1.98
f9c01546-1e99-4128-8972-31941237871b,22A,f9c01546-1e99-4128-8972-31941237871b-22A-B,B,DAP 1Kg/Are + Urea 0.5Kg/Are at Planting and Urea 0.5Kg/Are at V6,Urea1kg/Are(Planting+V6),Maize,Beans irish_potato cassava sorghum,2021-10-08,9,Well_decomposed,MV_507,42,104,52,2021-11-03,100,2021-11-19,52,,0,104,67,2022-01-05,2022-01-14,2022-03-16,3.99
f9c01546-1e99-4128-8972-31941237871b,22A,f9c01546-1e99-4128-8972-31941237871b-22A-C,C,DAP 1Kg/Are + Urea 0.5Kg/Are at V6 + Urea 0.5Kg/Are at V10,Urea 1kg/Are(V6 + V10),Maize,Beans irish_potato cassava sorghum,2021-10-08,9,Well_decomposed,MV_507,42,104,0,2021-11-03,98,2021-11-19,52,2021-12-14,52,104,67,2022-01-05,2022-01-14,2022-03-16,2.7
f9c01546-1e99-4128-8972-31941237871b,22A,f9c01546-1e99-4128-8972-31941237871b-22A-D,D,DAP 1Kg/Are at planting+ Urea 1Kg/Are at V6,Urea 1kg/Are(V6),Maize,Beans irish_potato cassava sorghum,2021-10-08,9,Well_decomposed,MV_507,43,104,0,2021-11-03,100,2021-11-19,104,,0,104,67,2022-01-05,2022-01-14,2022-03-16,5.69
462bed43-fc31-411b-9f34-a0113cc67e79,22A,462bed43-fc31-411b-9f34-a0113cc67e79-22A-A,A,DAP 1Kg/Are + Urea 0.5Kg/Are at V6,Urea 0.5Kg/Are(V6),Maize,Beans cassava,2021-10-11,5,Well_decomposed,MV_507,42,104,0,2021-11-19,84,2021-11-19,52,,0,52,43,2022-01-07,2022-01-14,2022-03-04,3.63
462bed43-fc31-411b-9f34-a0113cc67e79,22A,462bed43-fc31-411b-9f34-a0113cc67e79-22A-B,B,DAP 1Kg/Are + Urea 0.5Kg/Are at Planting and Urea 0.5Kg/Are at V6,Urea1kg/Are(Planting+V6),Maize,Beans cassava,2021-10-11,5,Well_decomposed,MV_507,43,104,52,2021-11-19,89,2021-11-19,52,,0,104,67,2022-01-07,2022-01-14,2022-03-04,3.7
462bed43-fc31-411b-9f34-a0113cc67e79,22A,462bed43-fc31-411b-9f34-a0113cc67e79-22A-C,C,DAP 1Kg/Are + Urea 0.5Kg/Are at V6 + Urea 0.5Kg/Are at V10,Urea 1kg/Are(V6 + V10),Maize,Beans cassava,2021-10-11,5,Well_decomposed,MV_507,44,104,0,2021-11-19,85,2021-11-19,52,2021-12-14,52,104,67,2022-01-07,2022-01-14,2022-03-04,3.24
462bed43-fc31-411b-9f34-a0113cc67e79,22A,462bed43-fc31-411b-9f34-a0113cc67e79-22A-D,D,DAP 1Kg/Are at planting+ Urea 1Kg/Are at V6,Urea 1kg/Are(V6),Maize,Beans cassava,2021-10-11,5,Well_decomposed,MV_507,42,104,0,2021-11-19,67,2021-11-19,104,,0,104,67,2022-01-07,2022-01-14,2022-03-04,2.96
7a998660-53c8-4632-8a6b-57e9c80ad564,22A,7a998660-53c8-4632-8a6b-57e9c80ad564-22A-A,A,DAP 1Kg/Are + Urea 0.5Kg/Are at V6,Urea 0.5Kg/Are(V6),Maize,cassava sorghum,2021-10-11,6,Well_decomposed,MV_507,43,104,0,2021-11-12,93,2021-11-19,52,,0,52,43,2022-01-05,2022-01-14,2022-03-09,5.71
7a998660-53c8-4632-8a6b-57e9c80ad564,22A,7a998660-53c8-4632-8a6b-57e9c80ad564-22A-B,B,DAP 1Kg/Are + Urea 0.5Kg/Are at Planting and Urea 0.5Kg/Are at V6,Urea1kg/Are(Planting+V6),Maize,cassava sorghum,2021-10-11,6,Well_decomposed,MV_507,43,104,52,2021-11-12,95,2021-11-19,52,,0,104,67,2022-01-05,2022-01-14,2022-03-09,6.12
7a998660-53c8-4632-8a6b-57e9c80ad564,22A,7a998660-53c8-4632-8a6b-57e9c80ad564-22A-C,C,DAP 1Kg/Are + Urea 0.5Kg/Are at V6 + Urea 0.5Kg/Are at V10,Urea 1kg/Are(V6 + V10),Maize,cassava sorghum,2021-10-11,6,Well_decomposed,MV_507,43,104,0,2021-11-12,92,2021-11-19,52,2021-12-13,52,104,67,2022-01-05,2022-01-14,2022-03-09,6.44
7a998660-53c8-4632-8a6b-57e9c80ad564,22A,7a998660-53c8-4632-8a6b-57e9c80ad564-22A-D,D,DAP 1Kg/Are at planting+ Urea 1Kg/Are at V6,Urea 1kg/Are(V6),Maize,cassava sorghum,2021-10-11,6,Well_decomposed,MV_507,42,104,0,2021-11-12,96,2021-11-19,104,,0,104,67,2022-01-05,2022-01-14,2022-03-09,6.18
79c6c91a-df2e-4b5d-9bf1-0bd98feadcc4,22A,79c6c91a-df2e-4b5d-9bf1-0bd98feadcc4-22A-A,A,DAP 1Kg/Are + Urea 0.5Kg/Are at V6,Urea 0.5Kg/Are(V6),Maize,Beans irish_potato cassava,2021-10-13,7,average,MV_507,41,100,0,2021-11-03,100,2021-11-19,50,,0,50,41,2022-01-05,2022-01-21,2022-03-09,5.74
79c6c91a-df2e-4b5d-9bf1-0bd98feadcc4,22A,79c6c91a-df2e-4b5d-9bf1-0bd98feadcc4-22A-B,B,DAP 1Kg/Are + Urea 0.5Kg/Are at Planting and Urea 0.5Kg/Are at V6,Urea1kg/Are(Planting+V6),Maize,Beans irish_potato cassava,2021-10-13,7,average,MV_507,40,100,50,2021-11-03,100,2021-11-19,50,,0,100,64,2022-01-05,2022-01-21,2022-03-09,5.66
79c6c91a-df2e-4b5d-9bf1-0bd98feadcc4,22A,79c6c91a-df2e-4b5d-9bf1-0bd98feadcc4-22A-C,C,DAP 1Kg/Are + Urea 0.5Kg/Are at V6 + Urea 0.5Kg/Are at V10,Urea 1kg/Are(V6 + V10),Maize,Beans irish_potato cassava,2021-10-13,7,average,MV_507,40,100,0,2021-11-03,100,2021-11-19,50,2021-12-13,50,100,64,2022-01-05,2022-01-21,2022-03-09,5.54
79c6c91a-df2e-4b5d-9bf1-0bd98feadcc4,22A,79c6c91a-df2e-4b5d-9bf1-0bd98feadcc4-22A-D,D,DAP 1Kg/Are at planting+ Urea 1Kg/Are at V6,Urea 1kg/Are(V6),Maize,Beans irish_potato cassava,2021-10-13,7,average,MV_507,41,100,0,2021-11-03,100,2021-11-19,100,,0,100,64,2022-01-05,2022-01-21,2022-03-09,5.23
dcee583c-2a26-4d5d-920a-b97b5a7f0a7e,22A,dcee583c-2a26-4d5d-920a-b97b5a7f0a7e-22A-A,A,DAP 1Kg/Are + Urea 0.5Kg/Are at V6,Urea 0.5Kg/Are(V6),Maize,cassava sorghum,2021-10-15,7,Well_decomposed,MV_507,43,104,0,2021-11-16,98,2021-11-25,52,,0,52,43,2022-01-07,2022-01-19,2022-03-14,2.95
dcee583c-2a26-4d5d-920a-b97b5a7f0a7e,22A,dcee583c-2a26-4d5d-920a-b97b5a7f0a7e-22A-B,B,DAP 1Kg/Are + Urea 0.5Kg/Are at Planting and Urea 0.5Kg/Are at V6,Urea1kg/Are(Planting+V6),Maize,cassava sorghum,2021-10-15,7,Well_decomposed,MV_507,42,104,52,2021-11-16,100,2021-11-25,52,,0,104,67,2022-01-07,2022-01-19,2022-03-14,4.33
dcee583c-2a26-4d5d-920a-b97b5a7f0a7e,22A,dcee583c-2a26-4d5d-920a-b97b5a7f0a7e-22A-C,C,DAP 1Kg/Are + Urea 0.5Kg/Are at V6 + Urea 0.5Kg/Are at V10,Urea 1kg/Are(V6 + V10),Maize,cassava sorghum,2021-10-15,7,Well_decomposed,MV_507,42,104,0,2021-11-16,100,2021-11-25,52,2021-12-14,52,104,67,2022-01-07,2022-01-19,2022-03-14,3.08
dcee583c-2a26-4d5d-920a-b97b5a7f0a7e,22A,dcee583c-2a26-4d5d-920a-b97b5a7f0a7e-22A-D,D,DAP 1Kg/Are at planting+ Urea 1Kg/Are at V6,Urea 1kg/Are(V6),Maize,cassava sorghum,2021-10-15,7,Well_decomposed,MV_507,43,104,0,2021-11-16,100,2021-11-25,104,,0,104,67,2022-01-07,2022-01-19,2022-03-14,3.35
56ae65a3-a011-485e-9b57-6e625e553706,22A,56ae65a3-a011-485e-9b57-6e625e553706-22A-A,A,DAP 1Kg/Are + Urea 0.5Kg/Are at V6,Urea 0.5Kg/Are(V6),Maize,other_crop_lastseason,2021-10-16,10,average,MV_507,42,104,0,2021-11-12,100,2021-11-19,52,,0,52,43,2022-01-07,2022-01-19,2022-03-09,4.78
56ae65a3-a011-485e-9b57-6e625e553706,22A,56ae65a3-a011-485e-9b57-6e625e553706-22A-B,B,DAP 1Kg/Are + Urea 0.5Kg/Are at Planting and Urea 0.5Kg/Are at V6,Urea1kg/Are(Planting+V6),Maize,other_crop_lastseason,2021-10-16,10,average,MV_507,42,104,52,2021-11-12,97,2021-11-19,52,,0,104,67,2022-01-07,2022-01-19,2022-03-09,4.96
56ae65a3-a011-485e-9b57-6e625e553706,22A,56ae65a3-a011-485e-9b57-6e625e553706-22A-C,C,DAP 1Kg/Are + Urea 0.5Kg/Are at V6 + Urea 0.5Kg/Are at V10,Urea 1kg/Are(V6 + V10),Maize,other_crop_lastseason,2021-10-16,10,average,MV_507,42,104,0,2021-11-12,98,2021-11-19,52,2021-12-13,52,104,67,2022-01-07,2022-01-19,2022-03-09,3.6
56ae65a3-a011-485e-9b57-6e625e553706,22A,56ae65a3-a011-485e-9b57-6e625e553706-22A-D,D,DAP 1Kg/Are at planting+ Urea 1Kg/Are at V6,Urea 1kg/Are(V6),Maize,other_crop_lastseason,2021-10-16,10,average,MV_507,42,104,0,2021-11-12,99,2021-11-19,104,,0,104,67,2022-01-07,2022-01-19,2022-03-09,4.43
2e9b87fc-2fd4-4e42-9871-de389dfd6fc0,22A,2e9b87fc-2fd4-4e42-9871-de389dfd6fc0-22A-A,A,DAP 1Kg/Are + Urea 0.5Kg/Are at V6,Urea 0.5Kg/Are(V6),Maize,cassava sorghum,2021-10-16,9,poorly_decomposed,MV_507,42,104,0,2021-11-03,100,2021-11-25,52,,0,52,43,2022-01-07,2022-01-22,2022-03-08,5.12
2e9b87fc-2fd4-4e42-9871-de389dfd6fc0,22A,2e9b87fc-2fd4-4e42-9871-de389dfd6fc0-22A-B,B,DAP 1Kg/Are + Urea 0.5Kg/Are at Planting and Urea 0.5Kg/Are at V6,Urea1kg/Are(Planting+V6),Maize,cassava sorghum,2021-10-16,9,poorly_decomposed,MV_507,42,104,52,2021-11-03,100,2021-11-25,52,,0,104,67,2022-01-07,2022-01-22,2022-03-08,5.65
2e9b87fc-2fd4-4e42-9871-de389dfd6fc0,22A,2e9b87fc-2fd4-4e42-9871-de389dfd6fc0-22A-C,C,DAP 1Kg/Are + Urea 0.5Kg/Are at V6 + Urea 0.5Kg/Are at V10,Urea 1kg/Are(V6 + V10),Maize,cassava sorghum,2021-10-16,9,poorly_decomposed,MV_507,43,104,0,2021-11-03,100,2021-11-25,52,2021-12-10,52,104,67,2022-01-07,2022-01-22,2022-03-08,5.82
2e9b87fc-2fd4-4e42-9871-de389dfd6fc0,22A,2e9b87fc-2fd4-4e42-9871-de389dfd6fc0-22A-D,D,DAP 1Kg/Are at planting+ Urea 1Kg/Are at V6,Urea 1kg/Are(V6),Maize,cassava sorghum,2021-10-16,9,poorly_decomposed,MV_507,42,104,0,2021-11-03,100,2021-11-25,104,,0,104,67,2022-01-07,2022-01-22,2022-03-08,5.69
93c7c4dd-110b-4ced-a6dc-9be574407470,22A,93c7c4dd-110b-4ced-a6dc-9be574407470-22A-A,A,DAP 1Kg/Are + Urea 0.5Kg/Are at V6,Urea 0.5Kg/Are(V6),Maize,Beans maize irish_potato cassava,2021-10-18,8,average,MV_507,42,104,0,2021-11-03,100,2021-11-19,52,,0,52,43,2022-01-05,2022-01-21,2022-03-21,5.79
93c7c4dd-110b-4ced-a6dc-9be574407470,22A,93c7c4dd-110b-4ced-a6dc-9be574407470-22A-B,B,DAP 1Kg/Are + Urea 0.5Kg/Are at Planting and Urea 0.5Kg/Are at V6,Urea1kg/Are(Planting+V6),Maize,Beans maize irish_potato cassava,2021-10-18,8,average,MV_507,42,104,52,2021-11-03,100,2021-11-19,52,,0,104,67,2022-01-05,2022-01-21,2022-03-21,6.4
93c7c4dd-110b-4ced-a6dc-9be574407470,22A,93c7c4dd-110b-4ced-a6dc-9be574407470-22A-C,C,DAP 1Kg/Are + Urea 0.5Kg/Are at V6 + Urea 0.5Kg/Are at V10,Urea 1kg/Are(V6 + V10),Maize,Beans maize irish_potato cassava,2021-10-18,8,average,MV_507,43,104,0,2021-11-03,100,2021-11-19,52,2021-12-13,52,104,67,2022-01-05,2022-01-21,2022-03-21,7.4
93c7c4dd-110b-4ced-a6dc-9be574407470,22A,93c7c4dd-110b-4ced-a6dc-9be574407470-22A-D,D,DAP 1Kg/Are at planting+ Urea 1Kg/Are at V6,Urea 1kg/Are(V6),Maize,Beans maize irish_potato cassava,2021-10-18,8,average,MV_507,43,104,0,2021-11-03,100,2021-11-19,104,,0,104,67,2022-01-05,2022-01-21,2022-03-21,6.95
88ae1af9-ef0d-4f65-9a23-b92545ffdc7e,22B,88ae1af9-ef0d-4f65-9a23-b92545ffdc7e-22B-A,A,DAP 1Kg/Are + Urea 0.5Kg/Are at V6,Urea 0.5Kg/Are(V6),Maize,cassava,2022-02-10,9,Well_decomposed,MV_507,39,98,0,2022-03-04,94,2022-03-23,49,,0,49,40,2022-05-03,2022-05-19,2022-06-09,3.13
88ae1af9-ef0d-4f65-9a23-b92545ffdc7e,22B,88ae1af9-ef0d-4f65-9a23-b92545ffdc7e-22B-B,B,DAP 1Kg/Are + Urea 0.5Kg/Are at Planting and Urea 0.5Kg/Are at V6,Urea1kg/Are(Planting+V6),Maize,cassava,2022-02-10,9,Well_decomposed,MV_507,39,98,49,2022-03-04,90,2022-03-23,49,,0,98,63,2022-05-03,2022-05-19,2022-06-09,3.7
88ae1af9-ef0d-4f65-9a23-b92545ffdc7e,22B,88ae1af9-ef0d-4f65-9a23-b92545ffdc7e-22B-C,C,DAP 1Kg/Are + Urea 0.5Kg/Are at V6 + Urea 0.5Kg/Are at V10,Urea 1kg/Are(V6 + V10),Maize,cassava,2022-02-10,9,Well_decomposed,MV_507,39,98,0,2022-03-04,96,2022-03-23,49,2022-04-08,49,98,63,2022-05-03,2022-05-19,2022-06-09,4.26
88ae1af9-ef0d-4f65-9a23-b92545ffdc7e,22B,88ae1af9-ef0d-4f65-9a23-b92545ffdc7e-22B-D,D,DAP 1Kg/Are at planting+ Urea 1Kg/Are at V6,Urea 1kg/Are(V6),Maize,cassava,2022-02-13,9,Well_decomposed,MV_507,39,98,0,2022-03-04,93,2022-03-23,98,,0,98,63,2022-05-03,2022-05-19,2022-06-09,4.87
87fe4c02-27fb-429b-8d5f-ecfbbad6609f,22B,87fe4c02-27fb-429b-8d5f-ecfbbad6609f-22B-A,A,DAP 1Kg/Are + Urea 0.5Kg/Are at V6,Urea 0.5Kg/Are(V6),Maize,Beans maize,2022-02-14,8,Well_decomposed,MV_507,38,100,0,2022-03-04,95,2022-04-01,50,,0,50,41,2022-05-09,2022-05-27,2022-06-22,2.13
87fe4c02-27fb-429b-8d5f-ecfbbad6609f,22B,87fe4c02-27fb-429b-8d5f-ecfbbad6609f-22B-B,B,DAP 1Kg/Are + Urea 0.5Kg/Are at Planting and Urea 0.5Kg/Are at V6,Urea1kg/Are(Planting+V6),Maize,Beans maize,2022-02-14,8,Well_decomposed,MV_507,38,101,50,2022-03-04,96,2022-04-01,50,,0,101,65,2022-05-09,2022-05-27,2022-06-22,3.31
87fe4c02-27fb-429b-8d5f-ecfbbad6609f,22B,87fe4c02-27fb-429b-8d5f-ecfbbad6609f-22B-C,C,DAP 1Kg/Are + Urea 0.5Kg/Are at V6 + Urea 0.5Kg/Are at V10,Urea 1kg/Are(V6 + V10),Maize,Beans maize,2022-02-14,8,Well_decomposed,MV_507,37,100,0,2022-03-04,98,2022-04-01,50,2022-04-20,50,100,64,2022-05-09,2022-05-27,2022-06-22,3.46
87fe4c02-27fb-429b-8d5f-ecfbbad6609f,22B,87fe4c02-27fb-429b-8d5f-ecfbbad6609f-22B-D,D,DAP 1Kg/Are at planting+ Urea 1Kg/Are at V6,Urea 1kg/Are(V6),Maize,Beans maize,2022-02-14,8,Well_decomposed,MV_507,37,100,0,2022-03-04,94,2022-04-01,100,,0,100,64,2022-05-09,2022-05-27,2022-06-22,3.34
83c49709-c972-4c12-970c-6c69430a1feb,22B,83c49709-c972-4c12-970c-6c69430a1feb-22B-A,A,DAP 1Kg/Are + Urea 0.5Kg/Are at V6,Urea 0.5Kg/Are(V6),Maize,cassava,2022-02-16,20,Well_decomposed,MV_507,39,102,0,2022-03-10,95,2022-03-25,51,,0,51,42,2022-05-05,2022-05-25,2022-06-22,2.1
83c49709-c972-4c12-970c-6c69430a1feb,22B,83c49709-c972-4c12-970c-6c69430a1feb-22B-B,B,DAP 1Kg/Are + Urea 0.5Kg/Are at Planting and Urea 0.5Kg/Are at V6,Urea1kg/Are(Planting+V6),Maize,cassava,2022-02-16,20,Well_decomposed,MV_507,38,102,51,2022-03-10,97,2022-03-25,51,,0,102,65,2022-05-05,2022-05-25,2022-06-22,2.41
83c49709-c972-4c12-970c-6c69430a1feb,22B,83c49709-c972-4c12-970c-6c69430a1feb-22B-C,C,DAP 1Kg/Are + Urea 0.5Kg/Are at V6 + Urea 0.5Kg/Are at V10,Urea 1kg/Are(V6 + V10),Maize,cassava,2022-02-16,20,Well_decomposed,MV_507,39,102,0,2022-03-10,98,2022-03-25,51,2022-04-13,51,102,65,2022-05-05,2022-05-25,2022-06-22,3.62
83c49709-c972-4c12-970c-6c69430a1feb,22B,83c49709-c972-4c12-970c-6c69430a1feb-22B-D,D,DAP 1Kg/Are at planting+ Urea 1Kg/Are at V6,Urea 1kg/Are(V6),Maize,cassava,2022-02-16,20,Well_decomposed,MV_507,39,102,0,2022-03-10,95,2022-03-25,102,,0,102,65,2022-05-05,2022-05-25,2022-06-22,2.15
de5d1cb0-c093-4816-b855-94a45bb82e1b,22B,de5d1cb0-c093-4816-b855-94a45bb82e1b-22B-A,A,DAP 1Kg/Are + Urea 0.5Kg/Are at V6,Urea 0.5Kg/Are(V6),Maize,Beans maize,2022-02-16,16,Well_decomposed,MV_507,37,98,0,2022-03-10,89,2022-03-24,49,,0,49,40,2022-05-05,2022-05-25,2022-06-17,3.97
de5d1cb0-c093-4816-b855-94a45bb82e1b,22B,de5d1cb0-c093-4816-b855-94a45bb82e1b-22B-B,B,DAP 1Kg/Are + Urea 0.5Kg/Are at Planting and Urea 0.5Kg/Are at V6,Urea1kg/Are(Planting+V6),Maize,Beans maize,2022-02-16,16,Well_decomposed,MV_507,38,98,49,2022-03-10,83,2022-03-24,49,,0,98,63,2022-05-05,2022-05-25,2022-06-17,4.99
de5d1cb0-c093-4816-b855-94a45bb82e1b,22B,de5d1cb0-c093-4816-b855-94a45bb82e1b-22B-C,C,DAP 1Kg/Are + Urea 0.5Kg/Are at V6 + Urea 0.5Kg/Are at V10,Urea 1kg/Are(V6 + V10),Maize,Beans maize,2022-02-16,16,Well_decomposed,MV_507,37,98,0,2022-03-10,83,2022-03-24,49,2022-04-13,49,98,63,2022-05-05,2022-05-25,2022-06-17,4.34
de5d1cb0-c093-4816-b855-94a45bb82e1b,22B,de5d1cb0-c093-4816-b855-94a45bb82e1b-22B-D,D,DAP 1Kg/Are at planting+ Urea 1Kg/Are at V6,Urea 1kg/Are(V6),Maize,Beans maize,2022-02-16,16,Well_decomposed,MV_507,36,98,0,2022-03-10,83,2022-03-24,98,,0,98,63,2022-05-05,2022-05-25,2022-06-17,4.54
07c5b0b1-6c3b-4235-a14d-1f2d7f8f3051,22B,07c5b0b1-6c3b-4235-a14d-1f2d7f8f3051-22B-A,A,DAP 1Kg/Are + Urea 0.5Kg/Are at V6,Urea 0.5Kg/Are(V6),Maize,cassava,2022-02-09,10,Well_decomposed,MV_507,39,102,0,2022-03-02,97,2022-03-22,51,,0,51,42,2022-04-29,2022-05-20,2022-06-20,2.94
07c5b0b1-6c3b-4235-a14d-1f2d7f8f3051,22B,07c5b0b1-6c3b-4235-a14d-1f2d7f8f3051-22B-B,B,DAP 1Kg/Are + Urea 0.5Kg/Are at Planting and Urea 0.5Kg/Are at V6,Urea1kg/Are(Planting+V6),Maize,cassava,2022-02-09,10,Well_decomposed,MV_507,40,102,51,2022-03-02,96,2022-03-22,51,,0,102,65,2022-05-03,2022-05-19,2022-06-20,3.64
07c5b0b1-6c3b-4235-a14d-1f2d7f8f3051,22B,07c5b0b1-6c3b-4235-a14d-1f2d7f8f3051-22B-C,C,DAP 1Kg/Are + Urea 0.5Kg/Are at V6 + Urea 0.5Kg/Are at V10,Urea 1kg/Are(V6 + V10),Maize,cassava,2022-02-09,10,Well_decomposed,MV_507,40,102,0,2022-03-02,100,2022-03-22,51,2022-04-11,51,102,65,2022-04-29,2022-05-19,2022-06-20,3.5
07c5b0b1-6c3b-4235-a14d-1f2d7f8f3051,22B,07c5b0b1-6c3b-4235-a14d-1f2d7f8f3051-22B-D,D,DAP 1Kg/Are at planting+ Urea 1Kg/Are at V6,Urea 1kg/Are(V6),Maize,cassava,2022-02-09,10,Well_decomposed,MV_507,40,102,0,2022-03-02,100,2022-03-22,102,,0,102,65,2022-04-29,2022-05-19,2022-06-20,2.94
58f74791-558c-482f-9d49-5fa4cd90bbb3,22B,58f74791-558c-482f-9d49-5fa4cd90bbb3-22B-A,A,DAP 1Kg/Are + Urea 0.5Kg/Are at V6,Urea 0.5Kg/Are(V6),Maize,Beans maize,2022-02-17,8,Well_decomposed,MV_507,37,98,0,2022-03-16,88,2022-03-31,49,,0,49,40,2022-05-09,2022-05-27,2022-06-24,4.03
58f74791-558c-482f-9d49-5fa4cd90bbb3,22B,58f74791-558c-482f-9d49-5fa4cd90bbb3-22B-B,B,DAP 1Kg/Are + Urea 0.5Kg/Are at Planting and Urea 0.5Kg/Are at V6,Urea1kg/Are(Planting+V6),Maize,Beans maize,2022-02-17,8,Well_decomposed,MV_507,37,98,49,2022-03-16,67,2022-03-31,49,,0,98,63,2022-05-09,2022-05-27,2022-06-24,4.41
58f74791-558c-482f-9d49-5fa4cd90bbb3,22B,58f74791-558c-482f-9d49-5fa4cd90bbb3-22B-C,C,DAP 1Kg/Are + Urea 0.5Kg/Are at V6 + Urea 0.5Kg/Are at V10,Urea 1kg/Are(V6 + V10),Maize,Beans maize,2022-02-17,8,Well_decomposed,MV_507,36,98,0,2022-03-16,84,2022-03-31,49,2022-04-14,49,98,63,2022-05-09,2022-05-27,2022-06-24,4.89
58f74791-558c-482f-9d49-5fa4cd90bbb3,22B,58f74791-558c-482f-9d49-5fa4cd90bbb3-22B-D,D,DAP 1Kg/Are at planting+ Urea 1Kg/Are at V6,Urea 1kg/Are(V6),Maize,Beans maize,2022-02-17,8,Well_decomposed,MV_507,37,98,0,2022-03-16,89,2022-03-31,98,,0,98,63,2022-05-09,2022-05-27,2022-06-24,4.86
a9965d87-bc5f-4201-8290-2d7612f702aa,22B,a9965d87-bc5f-4201-8290-2d7612f702aa-22B-A,A,DAP 1Kg/Are + Urea 0.5Kg/Are at V6,Urea 0.5Kg/Are(V6),Maize,Beans wheat shaza,2022-02-18,16,Well_decomposed,MV_403,28,99,0,2022-03-14,100,2022-03-29,50,,0,50,41,2022-05-07,2022-05-24,2022-06-21,3.57
a9965d87-bc5f-4201-8290-2d7612f702aa,22B,a9965d87-bc5f-4201-8290-2d7612f702aa-22B-B,B,DAP 1Kg/Are + Urea 0.5Kg/Are at Planting and Urea 0.5Kg/Are at V6,Urea1kg/Are(Planting+V6),Maize,Beans wheat shaza,2022-02-18,16,Well_decomposed,MV_403,24,99,50,2022-03-14,95,2022-03-29,50,,0,99,63,2022-05-07,2022-05-24,2022-06-21,3.03
a9965d87-bc5f-4201-8290-2d7612f702aa,22B,a9965d87-bc5f-4201-8290-2d7612f702aa-22B-C,C,DAP 1Kg/Are + Urea 0.5Kg/Are at V6 + Urea 0.5Kg/Are at V10,Urea 1kg/Are(V6 + V10),Maize,Beans wheat shaza,2022-02-18,16,Well_decomposed,MV_403,24,99,0,2022-03-14,98,2022-03-29,50,2022-04-21,50,99,63,2022-05-07,2022-05-24,2022-06-21,2.51
a9965d87-bc5f-4201-8290-2d7612f702aa,22B,a9965d87-bc5f-4201-8290-2d7612f702aa-22B-D,D,DAP 1Kg/Are at planting+ Urea 1Kg/Are at V6,Urea 1kg/Are(V6),Maize,Beans wheat shaza,2022-02-18,16,Well_decomposed,MV_403,24,99,0,2022-03-14,99,2022-03-29,99,,0,99,63,2022-05-07,2022-05-24,2022-06-21,1.51
fae35dbd-d5d1-4061-8a6e-c9c891209156,22B,fae35dbd-d5d1-4061-8a6e-c9c891209156-22B-A,A,DAP 1Kg/Are + Urea 0.5Kg/Are at V6,Urea 0.5Kg/Are(V6),Maize,Beans maize,2022-02-22,10,Well_decomposed,MV_403,19,99,0,2022-03-14,94,2022-03-25,50,,0,50,41,2022-05-07,2022-05-24,2022-06-20,2.74
fae35dbd-d5d1-4061-8a6e-c9c891209156,22B,fae35dbd-d5d1-4061-8a6e-c9c891209156-22B-B,B,DAP 1Kg/Are + Urea 0.5Kg/Are at Planting and Urea 0.5Kg/Are at V6,Urea1kg/Are(Planting+V6),Maize,Beans maize,2022-02-22,10,Well_decomposed,MV_403,24,99,50,2022-03-14,89,2022-03-25,50,,0,99,63,2022-05-07,2022-05-24,2022-06-20,1.26
fae35dbd-d5d1-4061-8a6e-c9c891209156,22B,fae35dbd-d5d1-4061-8a6e-c9c891209156-22B-C,C,DAP 1Kg/Are + Urea 0.5Kg/Are at V6 + Urea 0.5Kg/Are at V10,Urea 1kg/Are(V6 + V10),Maize,Beans maize,2022-02-22,10,Well_decomposed,MV_403,22,99,0,2022-03-14,97,2022-03-25,50,2022-04-19,50,99,63,2022-05-07,2022-05-24,2022-06-20,2.77
fae35dbd-d5d1-4061-8a6e-c9c891209156,22B,fae35dbd-d5d1-4061-8a6e-c9c891209156-22B-D,D,DAP 1Kg/Are at planting+ Urea 1Kg/Are at V6,Urea 1kg/Are(V6),Maize,Beans maize,2022-02-22,10,Well_decomposed,MV_403,22,99,0,2022-03-14,98,2022-03-25,99,,0,99,63,2022-05-07,2022-05-24,2022-06-20,3.51
481d5037-995c-4565-9f74-4ee03ccdea67,22B,481d5037-995c-4565-9f74-4ee03ccdea67-22B-A,A,DAP 1Kg/Are + Urea 0.5Kg/Are at V6,Urea 0.5Kg/Are(V6),Maize,sorghum,2022-03-03,10,Well_decomposed,MV_403,22,100,0,2022-03-21,97,2022-04-01,51,,0,51,41,2022-05-19,2022-06-07,2022-07-06,5.84
481d5037-995c-4565-9f74-4ee03ccdea67,22B,481d5037-995c-4565-9f74-4ee03ccdea67-22B-B,B,DAP 1Kg/Are + Urea 0.5Kg/Are at Planting and Urea 0.5Kg/Are at V6,Urea1kg/Are(Planting+V6),Maize,sorghum,2022-03-03,10,Well_decomposed,MV_403,26,100,49,2022-03-21,90,2022-04-01,51,,0,100,64,2022-05-19,2022-06-07,2022-07-06,5.27
481d5037-995c-4565-9f74-4ee03ccdea67,22B,481d5037-995c-4565-9f74-4ee03ccdea67-22B-C,C,DAP 1Kg/Are + Urea 0.5Kg/Are at V6 + Urea 0.5Kg/Are at V10,Urea 1kg/Are(V6 + V10),Maize,sorghum,2022-03-03,10,Well_decomposed,MV_403,24,100,0,2022-03-21,99,2022-04-01,51,2022-04-25,51,101,64,2022-05-19,2022-06-07,2022-07-06,6.11
481d5037-995c-4565-9f74-4ee03ccdea67,22B,481d5037-995c-4565-9f74-4ee03ccdea67-22B-D,D,DAP 1Kg/Are at planting+ Urea 1Kg/Are at V6,Urea 1kg/Are(V6),Maize,sorghum,2022-03-03,10,Well_decomposed,MV_403,27,100,0,2022-03-21,96,2022-04-01,101,,0,101,64,2022-05-19,2022-06-07,2022-07-06,5.87
35996fbf-7c93-473b-82cc-ced9a7314fe5,22B,35996fbf-7c93-473b-82cc-ced9a7314fe5-22B-A,A,DAP 1Kg/Are + Urea 0.5Kg/Are at V6,Urea 0.5Kg/Are(V6),Maize,Beans,2022-03-04,14,poorly_decomposed,MV_403,24,100,0,2022-03-31,93,2022-04-01,51,,0,51,41,2022-05-19,2022-06-07,2022-07-04,1.95
35996fbf-7c93-473b-82cc-ced9a7314fe5,22B,35996fbf-7c93-473b-82cc-ced9a7314fe5-22B-B,B,DAP 1Kg/Are + Urea 0.5Kg/Are at Planting and Urea 0.5Kg/Are at V6,Urea1kg/Are(Planting+V6),Maize,Beans,2022-03-04,14,poorly_decomposed,MV_403,30,100,49,2022-03-31,90,2022-04-01,51,,0,100,64,2022-05-19,2022-06-07,2022-07-04,2.65
35996fbf-7c93-473b-82cc-ced9a7314fe5,22B,35996fbf-7c93-473b-82cc-ced9a7314fe5-22B-C,C,DAP 1Kg/Are + Urea 0.5Kg/Are at V6 + Urea 0.5Kg/Are at V10,Urea 1kg/Are(V6 + V10),Maize,Beans,2022-03-04,14,poorly_decomposed,MV_403,24,100,0,2022-03-31,96,2022-04-01,51,2022-04-23,51,101,64,2022-05-19,2022-06-07,2022-07-04,2.71
35996fbf-7c93-473b-82cc-ced9a7314fe5,22B,35996fbf-7c93-473b-82cc-ced9a7314fe5-22B-D,D,DAP 1Kg/Are at planting+ Urea 1Kg/Are at V6,Urea 1kg/Are(V6),Maize,Beans,2022-03-04,14,poorly_decomposed,MV_403,29,100,0,2022-03-31,94,2022-04-01,101,,0,101,64,2022-05-19,2022-06-07,2022-07-04,2.39
94dd011e-3880-4526-9a1c-f4f8fbd2fd86,22B,94dd011e-3880-4526-9a1c-f4f8fbd2fd86-22B-A,A,DAP 1Kg/Are + Urea 0.5Kg/Are at V6,Urea 0.5Kg/Are(V6),Maize,sorghum,2022-03-06,9,Well_decomposed,MV_403,22,100,0,2022-03-29,95,2022-03-29,51,,0,51,41,2022-05-20,2022-06-07,2022-07-06,4.73
94dd011e-3880-4526-9a1c-f4f8fbd2fd86,22B,94dd011e-3880-4526-9a1c-f4f8fbd2fd86-22B-B,B,DAP 1Kg/Are + Urea 0.5Kg/Are at Planting and Urea 0.5Kg/Are at V6,Urea1kg/Are(Planting+V6),Maize,sorghum,2022-03-06,9,Well_decomposed,MV_403,30,100,49,2022-03-29,90,2022-03-29,51,,0,100,64,2022-05-20,2022-06-07,2022-07-06,4.07
94dd011e-3880-4526-9a1c-f4f8fbd2fd86,22B,94dd011e-3880-4526-9a1c-f4f8fbd2fd86-22B-C,C,DAP 1Kg/Are + Urea 0.5Kg/Are at V6 + Urea 0.5Kg/Are at V10,Urea 1kg/Are(V6 + V10),Maize,sorghum,2022-03-06,9,Well_decomposed,MV_403,22,100,0,2022-03-29,94,2022-03-29,51,2022-04-21,51,101,64,2022-05-20,2022-06-07,2022-07-06,4.83
94dd011e-3880-4526-9a1c-f4f8fbd2fd86,22B,94dd011e-3880-4526-9a1c-f4f8fbd2fd86-22B-D,D,DAP 1Kg/Are at planting+ Urea 1Kg/Are at V6,Urea 1kg/Are(V6),Maize,sorghum,2022-03-06,9,Well_decomposed,MV_403,24,100,0,2022-03-29,95,2022-03-29,101,,0,101,64,2022-05-20,2022-06-07,2022-07-06,3.5
60a85bf6-1bf4-4878-8b8e-8d8f13d43327,22B,60a85bf6-1bf4-4878-8b8e-8d8f13d43327-22B-A,A,DAP 1Kg/Are + Urea 0.5Kg/Are at V6,Urea 0.5Kg/Are(V6),Maize,sorghum,2022-02-17,10,Well_decomposed,MV_403,25,99,0,2022-03-15,100,2022-03-30,50,,0,50,41,2022-05-03,2022-05-23,2022-06-24,5.94
60a85bf6-1bf4-4878-8b8e-8d8f13d43327,22B,60a85bf6-1bf4-4878-8b8e-8d8f13d43327-22B-B,B,DAP 1Kg/Are + Urea 0.5Kg/Are at Planting and Urea 0.5Kg/Are at V6,Urea1kg/Are(Planting+V6),Maize,sorghum,2022-02-17,10,Well_decomposed,MV_403,24,99,50,2022-03-15,94,2022-03-30,50,,0,99,63,2022-05-03,2022-05-23,2022-06-24,6.34
60a85bf6-1bf4-4878-8b8e-8d8f13d43327,22B,60a85bf6-1bf4-4878-8b8e-8d8f13d43327-22B-C,C,DAP 1Kg/Are + Urea 0.5Kg/Are at V6 + Urea 0.5Kg/Are at V10,Urea 1kg/Are(V6 + V10),Maize,sorghum,2022-02-17,10,Well_decomposed,MV_403,22,99,0,2022-03-15,100,2022-03-30,50,2022-04-23,50,99,63,2022-05-03,2022-05-23,2022-06-24,6.79
60a85bf6-1bf4-4878-8b8e-8d8f13d43327,22B,60a85bf6-1bf4-4878-8b8e-8d8f13d43327-22B-D,D,DAP 1Kg/Are at planting+ Urea 1Kg/Are at V6,Urea 1kg/Are(V6),Maize,sorghum,2022-02-17,10,Well_decomposed,MV_403,28,99,0,2022-03-15,100,2022-03-30,99,,0,99,63,2022-05-03,2022-05-23,2022-06-24,7.03
db94a4ad-26bd-4033-9454-2f74ded24f76,22B,db94a4ad-26bd-4033-9454-2f74ded24f76-22B-A,A,DAP 1Kg/Are + Urea 0.5Kg/Are at V6,Urea 0.5Kg/Are(V6),Maize,Beans maize,2022-02-21,8,Well_decomposed,MV_403,22,99,0,2022-03-15,98,2022-03-31,50,,0,50,41,2022-05-09,2022-05-23,2022-06-25,5.3
db94a4ad-26bd-4033-9454-2f74ded24f76,22B,db94a4ad-26bd-4033-9454-2f74ded24f76-22B-B,B,DAP 1Kg/Are + Urea 0.5Kg/Are at Planting and Urea 0.5Kg/Are at V6,Urea1kg/Are(Planting+V6),Maize,Beans maize,2022-02-21,8,Well_decomposed,MV_403,25,99,50,2022-03-15,86,2022-03-31,50,,0,99,63,2022-05-09,2022-05-23,2022-06-25,5.97
db94a4ad-26bd-4033-9454-2f74ded24f76,22B,db94a4ad-26bd-4033-9454-2f74ded24f76-22B-C,C,DAP 1Kg/Are + Urea 0.5Kg/Are at V6 + Urea 0.5Kg/Are at V10,Urea 1kg/Are(V6 + V10),Maize,Beans maize,2022-02-21,8,Well_decomposed,MV_403,19,99,0,2022-03-15,97,2022-03-31,50,2022-04-28,50,99,63,2022-05-09,2022-05-23,2022-06-25,5.94
db94a4ad-26bd-4033-9454-2f74ded24f76,22B,db94a4ad-26bd-4033-9454-2f74ded24f76-22B-D,D,DAP 1Kg/Are at planting+ Urea 1Kg/Are at V6,Urea 1kg/Are(V6),Maize,Beans maize,2022-02-21,8,Well_decomposed,MV_403,30,99,0,2022-03-15,99,2022-03-31,99,,0,99,63,2022-05-09,2022-05-23,2022-06-25,6.33
f269fc73-3a91-409b-87b0-68835a03dc37,22B,f269fc73-3a91-409b-87b0-68835a03dc37-22B-A,A,DAP 1Kg/Are + Urea 0.5Kg/Are at V6,Urea 0.5Kg/Are(V6),Maize,sorghum,2022-02-23,14,Well_decomposed,MV_403,22,99,0,2022-03-23,98,2022-03-28,50,,0,50,41,2022-05-09,2022-05-23,2022-06-27,5.71
f269fc73-3a91-409b-87b0-68835a03dc37,22B,f269fc73-3a91-409b-87b0-68835a03dc37-22B-B,B,DAP 1Kg/Are + Urea 0.5Kg/Are at Planting and Urea 0.5Kg/Are at V6,Urea1kg/Are(Planting+V6),Maize,sorghum,2022-02-23,14,Well_decomposed,MV_403,21,99,50,2022-03-23,92,2022-03-28,50,,0,99,63,2022-05-09,2022-05-23,2022-06-27,5.95
f269fc73-3a91-409b-87b0-68835a03dc37,22B,f269fc73-3a91-409b-87b0-68835a03dc37-22B-C,C,DAP 1Kg/Are + Urea 0.5Kg/Are at V6 + Urea 0.5Kg/Are at V10,Urea 1kg/Are(V6 + V10),Maize,sorghum,2022-02-23,14,Well_decomposed,MV_403,21,99,0,2022-03-23,100,2022-03-28,50,2022-04-20,50,99,63,2022-05-09,2022-05-23,2022-06-27,5.97
f269fc73-3a91-409b-87b0-68835a03dc37,22B,f269fc73-3a91-409b-87b0-68835a03dc37-22B-D,D,DAP 1Kg/Are at planting+ Urea 1Kg/Are at V6,Urea 1kg/Are(V6),Maize,sorghum,2022-02-23,14,Well_decomposed,MV_403,27,99,0,2022-03-23,99,2022-03-28,99,,0,99,63,2022-05-09,2022-05-23,2022-06-27,6.48
a149c0c4-845a-4643-aaaf-01634dd4a749,22B,a149c0c4-845a-4643-aaaf-01634dd4a749-22B-A,A,DAP 1Kg/Are + Urea 0.5Kg/Are at V6,Urea 0.5Kg/Are(V6),Maize,Beans maize,2022-02-24,10,Well_decomposed,MV_403,22,99,0,2022-03-23,98,2022-04-02,50,,0,50,41,2022-05-19,2022-05-26,2022-06-30,4.86
a149c0c4-845a-4643-aaaf-01634dd4a749,22B,a149c0c4-845a-4643-aaaf-01634dd4a749-22B-B,B,DAP 1Kg/Are + Urea 0.5Kg/Are at Planting and Urea 0.5Kg/Are at V6,Urea1kg/Are(Planting+V6),Maize,Beans maize,2022-02-24,10,Well_decomposed,MV_403,24,99,50,2022-03-23,89,2022-04-02,50,,0,99,63,2022-05-19,2022-05-26,2022-06-30,4.63
a149c0c4-845a-4643-aaaf-01634dd4a749,22B,a149c0c4-845a-4643-aaaf-01634dd4a749-22B-C,C,DAP 1Kg/Are + Urea 0.5Kg/Are at V6 + Urea 0.5Kg/Are at V10,Urea 1kg/Are(V6 + V10),Maize,Beans maize,2022-02-24,10,Well_decomposed,MV_403,23,99,0,2022-03-23,99,2022-04-02,50,2022-04-22,50,99,63,2022-05-19,2022-05-26,2022-06-30,6.22
a149c0c4-845a-4643-aaaf-01634dd4a749,22B,a149c0c4-845a-4643-aaaf-01634dd4a749-22B-D,D,DAP 1Kg/Are at planting+ Urea 1Kg/Are at V6,Urea 1kg/Are(V6),Maize,Beans maize,2022-02-24,10,Well_decomposed,MV_403,18,99,0,2022-03-23,99,2022-04-02,99,,0,99,63,2022-05-19,2022-05-26,2022-06-30,5.85
98323ef7-8bb5-4534-af3e-6c3cc81c8217,22B,98323ef7-8bb5-4534-af3e-6c3cc81c8217-22B-A,A,DAP 1Kg/Are + Urea 0.5Kg/Are at V6,Urea 0.5Kg/Are(V6),Maize,Beans maize cassava,2022-02-24,10,Well_decomposed,MV_403,25,99,0,2022-03-23,91,2022-04-02,50,,0,50,41,2022-05-09,2022-05-26,2022-07-02,3.57
98323ef7-8bb5-4534-af3e-6c3cc81c8217,22B,98323ef7-8bb5-4534-af3e-6c3cc81c8217-22B-B,B,DAP 1Kg/Are + Urea 0.5Kg/Are at Planting and Urea 0.5Kg/Are at V6,Urea1kg/Are(Planting+V6),Maize,Beans maize cassava,2022-02-24,10,Well_decomposed,MV_403,25,99,50,2022-03-23,89,2022-04-02,50,,0,99,63,2022-05-09,2022-05-26,2022-07-02,2.96
98323ef7-8bb5-4534-af3e-6c3cc81c8217,22B,98323ef7-8bb5-4534-af3e-6c3cc81c8217-22B-C,C,DAP 1Kg/Are + Urea 0.5Kg/Are at V6 + Urea 0.5Kg/Are at V10,Urea 1kg/Are(V6 + V10),Maize,Beans maize cassava,2022-02-24,10,Well_decomposed,MV_403,24,99,0,2022-03-23,93,2022-04-02,50,2022-04-22,50,99,63,2022-05-09,2022-05-26,2022-07-02,1.8
98323ef7-8bb5-4534-af3e-6c3cc81c8217,22B,98323ef7-8bb5-4534-af3e-6c3cc81c8217-22B-D,D,DAP 1Kg/Are at planting+ Urea 1Kg/Are at V6,Urea 1kg/Are(V6),Maize,Beans maize cassava,2022-02-24,10,Well_decomposed,MV_403,22,99,0,2022-03-23,94,2022-04-02,99,,0,99,63,2022-05-09,2022-05-26,2022-07-02,3.53
1241dfb3-37ad-459f-9c5a-30d0c86bf9a8,22B,1241dfb3-37ad-459f-9c5a-30d0c86bf9a8-22B-A,A,DAP 1Kg/Are + Urea 0.5Kg/Are at V6,Urea 0.5Kg/Are(V6),Maize,sorghum,2022-02-25,8,Well_decomposed,MV_403,28,99,0,2022-03-24,98,2022-03-30,50,,0,50,41,2022-05-07,2022-05-26,2022-07-01,5.79
1241dfb3-37ad-459f-9c5a-30d0c86bf9a8,22B,1241dfb3-37ad-459f-9c5a-30d0c86bf9a8-22B-B,B,DAP 1Kg/Are + Urea 0.5Kg/Are at Planting and Urea 0.5Kg/Are at V6,Urea1kg/Are(Planting+V6),Maize,sorghum,2022-02-25,8,Well_decomposed,MV_403,27,99,50,2022-03-24,67,2022-03-30,50,,0,99,63,2022-05-07,2022-05-26,2022-07-01,4.18
1241dfb3-37ad-459f-9c5a-30d0c86bf9a8,22B,1241dfb3-37ad-459f-9c5a-30d0c86bf9a8-22B-C,C,DAP 1Kg/Are + Urea 0.5Kg/Are at V6 + Urea 0.5Kg/Are at V10,Urea 1kg/Are(V6 + V10),Maize,sorghum,2022-02-25,8,Well_decomposed,MV_403,21,99,0,2022-03-24,96,2022-03-30,50,2022-04-22,50,99,63,2022-05-07,2022-05-26,2022-07-01,4.42
1241dfb3-37ad-459f-9c5a-30d0c86bf9a8,22B,1241dfb3-37ad-459f-9c5a-30d0c86bf9a8-22B-D,D,DAP 1Kg/Are at planting+ Urea 1Kg/Are at V6,Urea 1kg/Are(V6),Maize,sorghum,2022-02-25,8,Well_decomposed,MV_403,21,99,0,2022-03-24,99,2022-03-30,99,,0,99,63,2022-05-07,2022-05-26,2022-07-01,6.33
300aec7f-4460-4e6d-b53f-6479bb9765bb,22B,300aec7f-4460-4e6d-b53f-6479bb9765bb-22B-A,A,DAP 1Kg/Are + Urea 0.5Kg/Are at V6,Urea 0.5Kg/Are(V6),Maize,Beans maize,2022-02-26,11,Well_decomposed,MV_403,27,99,0,2022-03-24,99,2022-03-31,50,,0,50,41,2022-05-09,2022-05-26,2022-07-02,5.93
300aec7f-4460-4e6d-b53f-6479bb9765bb,22B,300aec7f-4460-4e6d-b53f-6479bb9765bb-22B-B,B,DAP 1Kg/Are + Urea 0.5Kg/Are at Planting and Urea 0.5Kg/Are at V6,Urea1kg/Are(Planting+V6),Maize,Beans maize,2022-02-26,11,Well_decomposed,MV_403,22,99,50,2022-03-24,95,2022-03-31,50,,0,99,63,2022-05-09,2022-05-26,2022-07-02,5.54
300aec7f-4460-4e6d-b53f-6479bb9765bb,22B,300aec7f-4460-4e6d-b53f-6479bb9765bb-22B-C,C,DAP 1Kg/Are + Urea 0.5Kg/Are at V6 + Urea 0.5Kg/Are at V10,Urea 1kg/Are(V6 + V10),Maize,Beans maize,2022-02-26,11,Well_decomposed,MV_403,23,99,0,2022-03-24,100,2022-03-31,50,2022-04-22,50,99,63,2022-05-09,2022-05-26,2022-07-02,5.56
300aec7f-4460-4e6d-b53f-6479bb9765bb,22B,300aec7f-4460-4e6d-b53f-6479bb9765bb-22B-D,D,DAP 1Kg/Are at planting+ Urea 1Kg/Are at V6,Urea 1kg/Are(V6),Maize,Beans maize,2022-02-26,11,Well_decomposed,MV_403,27,99,0,2022-03-24,99,2022-03-31,99,,0,99,63,2022-05-09,2022-05-26,2022-07-02,5.6
a135f280-3d50-45b9-82f7-3fa7b9d459ce,22B,a135f280-3d50-45b9-82f7-3fa7b9d459ce-22B-A,A,DAP 1Kg/Are + Urea 0.5Kg/Are at V6,Urea 0.5Kg/Are(V6),Maize,Beans maize,2022-02-28,12,average,MV_403,23,99,0,2022-03-23,97,2022-03-30,50,,0,50,41,2022-05-19,2022-06-02,2022-07-05,5.43
a135f280-3d50-45b9-82f7-3fa7b9d459ce,22B,a135f280-3d50-45b9-82f7-3fa7b9d459ce-22B-B,B,DAP 1Kg/Are + Urea 0.5Kg/Are at Planting and Urea 0.5Kg/Are at V6,Urea1kg/Are(Planting+V6),Maize,Beans maize,2022-02-28,12,average,MV_403,18,99,50,2022-03-23,92,2022-03-30,50,,0,99,63,2022-05-19,2022-06-02,2022-07-05,5.33
a135f280-3d50-45b9-82f7-3fa7b9d459ce,22B,a135f280-3d50-45b9-82f7-3fa7b9d459ce-22B-C,C,DAP 1Kg/Are + Urea 0.5Kg/Are at V6 + Urea 0.5Kg/Are at V10,Urea 1kg/Are(V6 + V10),Maize,Beans maize,2022-02-28,12,average,MV_403,22,99,0,2022-03-23,96,2022-03-30,50,2022-04-28,50,99,63,2022-05-19,2022-06-02,2022-07-05,5.86
a135f280-3d50-45b9-82f7-3fa7b9d459ce,22B,a135f280-3d50-45b9-82f7-3fa7b9d459ce-22B-D,D,DAP 1Kg/Are at planting+ Urea 1Kg/Are at V6,Urea 1kg/Are(V6),Maize,Beans maize,2022-02-28,12,average,MV_403,20,99,0,2022-03-23,97,2022-03-30,99,,0,99,63,2022-05-19,2022-06-02,2022-07-05,6.01
be36b93a-bedc-4ad2-b024-73561df51d18,22B,be36b93a-bedc-4ad2-b024-73561df51d18-22B-A,A,DAP 1Kg/Are + Urea 0.5Kg/Are at V6,Urea 0.5Kg/Are(V6),Maize,sorghum,2022-03-02,12,Well_decomposed,MV_403,20,101,0,2022-03-28,94,2022-03-28,50,,0,50,41,2022-05-19,2022-06-06,2022-06-29,3.44
be36b93a-bedc-4ad2-b024-73561df51d18,22B,be36b93a-bedc-4ad2-b024-73561df51d18-22B-B,B,DAP 1Kg/Are + Urea 0.5Kg/Are at Planting and Urea 0.5Kg/Are at V6,Urea1kg/Are(Planting+V6),Maize,sorghum,2022-03-02,12,Well_decomposed,MV_403,22,101,50,2022-03-28,90,2022-03-28,50,,0,101,64,2022-05-19,2022-06-06,2022-06-29,3.87
be36b93a-bedc-4ad2-b024-73561df51d18,22B,be36b93a-bedc-4ad2-b024-73561df51d18-22B-C,C,DAP 1Kg/Are + Urea 0.5Kg/Are at V6 + Urea 0.5Kg/Are at V10,Urea 1kg/Are(V6 + V10),Maize,sorghum,2022-03-02,12,Well_decomposed,MV_403,22,101,0,2022-03-28,97,2022-03-28,50,2022-04-28,50,101,64,2022-05-19,2022-06-06,2022-06-29,4.64
be36b93a-bedc-4ad2-b024-73561df51d18,22B,be36b93a-bedc-4ad2-b024-73561df51d18-22B-D,D,DAP 1Kg/Are at planting+ Urea 1Kg/Are at V6,Urea 1kg/Are(V6),Maize,sorghum,2022-03-02,12,Well_decomposed,MV_403,20,101,0,2022-03-28,96,2022-03-28,101,,0,101,64,2022-05-19,2022-06-06,2022-06-29,3.95
1e641f3d-2512-43b4-beb6-839e28012d75,22B,1e641f3d-2512-43b4-beb6-839e28012d75-22B-A,A,DAP 1Kg/Are + Urea 0.5Kg/Are at V6,Urea 0.5Kg/Are(V6),Maize,sorghum,2022-03-02,10,Well_decomposed,MV_403,29,99,0,2022-03-26,95,2022-04-02,50,,0,50,41,2022-05-19,2022-06-02,2022-07-05,0.49
1e641f3d-2512-43b4-beb6-839e28012d75,22B,1e641f3d-2512-43b4-beb6-839e28012d75-22B-B,B,DAP 1Kg/Are + Urea 0.5Kg/Are at Planting and Urea 0.5Kg/Are at V6,Urea1kg/Are(Planting+V6),Maize,sorghum,2022-03-02,10,Well_decomposed,MV_403,29,99,50,2022-03-26,81,2022-04-02,50,,0,99,63,2022-05-19,2022-06-02,2022-07-05,0.81
1e641f3d-2512-43b4-beb6-839e28012d75,22B,1e641f3d-2512-43b4-beb6-839e28012d75-22B-C,C,DAP 1Kg/Are + Urea 0.5Kg/Are at V6 + Urea 0.5Kg/Are at V10,Urea 1kg/Are(V6 + V10),Maize,sorghum,2022-03-02,10,Well_decomposed,MV_403,27,99,0,2022-03-26,93,2022-04-02,50,2022-04-28,50,99,63,2022-05-19,2022-06-02,2022-07-05,50.1
1e641f3d-2512-43b4-beb6-839e28012d75,22B,1e641f3d-2512-43b4-beb6-839e28012d75-22B-D,D,DAP 1Kg/Are at planting+ Urea 1Kg/Are at V6,Urea 1kg/Are(V6),Maize,sorghum,2022-03-02,10,Well_decomposed,MV_403,25,99,0,2022-03-26,95,2022-04-02,99,,0,99,63,2022-05-19,2022-06-02,2022-07-05,3.75
be23cb57-5a8b-406f-a7dd-1023681041fe,22B,be23cb57-5a8b-406f-a7dd-1023681041fe-22B-A,A,DAP 1Kg/Are + Urea 0.5Kg/Are at V6,Urea 0.5Kg/Are(V6),Maize,sweet_potato,2022-02-07,15,average,MV_507,38,104,0,2022-03-15,100,2022-03-22,52,,0,52,43,2022-05-09,2022-05-19,2022-06-23,5.06
be23cb57-5a8b-406f-a7dd-1023681041fe,22B,be23cb57-5a8b-406f-a7dd-1023681041fe-22B-B,B,DAP 1Kg/Are + Urea 0.5Kg/Are at Planting and Urea 0.5Kg/Are at V6,Urea1kg/Are(Planting+V6),Maize,sweet_potato,2022-02-07,15,average,MV_507,38,104,52,2022-03-15,96,2022-03-22,52,,0,104,67,2022-05-09,2022-05-19,2022-06-23,6.11
be23cb57-5a8b-406f-a7dd-1023681041fe,22B,be23cb57-5a8b-406f-a7dd-1023681041fe-22B-C,C,DAP 1Kg/Are + Urea 0.5Kg/Are at V6 + Urea 0.5Kg/Are at V10,Urea 1kg/Are(V6 + V10),Maize,sweet_potato,2022-02-07,15,average,MV_507,38,104,0,2022-03-15,100,2022-03-22,52,2022-04-14,52,104,67,2022-05-09,2022-05-19,2022-06-23,6.09
be23cb57-5a8b-406f-a7dd-1023681041fe,22B,be23cb57-5a8b-406f-a7dd-1023681041fe-22B-D,D,DAP 1Kg/Are at planting+ Urea 1Kg/Are at V6,Urea 1kg/Are(V6),Maize,sweet_potato,2022-02-07,15,average,MV_507,38,104,0,2022-03-15,98,2022-03-22,104,,0,104,67,2022-05-09,2022-05-19,2022-06-23,6.44
cb95cbd6-ed27-43e8-bd89-e335c683479e,22B,cb95cbd6-ed27-43e8-bd89-e335c683479e-22B-A,A,DAP 1Kg/Are + Urea 0.5Kg/Are at V6,Urea 0.5Kg/Are(V6),Maize,irish_potato,2022-02-07,15,poorly_decomposed,MV_507,40,104,0,2022-03-17,99,2022-03-22,52,,0,52,43,2022-05-09,2022-05-25,2022-06-23,3.04
cb95cbd6-ed27-43e8-bd89-e335c683479e,22B,cb95cbd6-ed27-43e8-bd89-e335c683479e-22B-B,B,DAP 1Kg/Are + Urea 0.5Kg/Are at Planting and Urea 0.5Kg/Are at V6,Urea1kg/Are(Planting+V6),Maize,irish_potato,2022-02-07,15,poorly_decomposed,MV_507,38,104,52,2022-03-17,88,2022-03-22,52,,0,104,67,2022-05-09,2022-05-25,2022-06-23,4.99
cb95cbd6-ed27-43e8-bd89-e335c683479e,22B,cb95cbd6-ed27-43e8-bd89-e335c683479e-22B-C,C,DAP 1Kg/Are + Urea 0.5Kg/Are at V6 + Urea 0.5Kg/Are at V10,Urea 1kg/Are(V6 + V10),Maize,irish_potato,2022-02-07,15,poorly_decomposed,MV_507,40,104,0,2022-03-17,98,2022-03-22,52,2022-04-14,52,104,67,2022-05-09,2022-05-25,2022-06-23,5.03
cb95cbd6-ed27-43e8-bd89-e335c683479e,22B,cb95cbd6-ed27-43e8-bd89-e335c683479e-22B-D,D,DAP 1Kg/Are at planting+ Urea 1Kg/Are at V6,Urea 1kg/Are(V6),Maize,irish_potato,2022-02-07,15,poorly_decomposed,MV_507,40,104,0,2022-03-17,96,2022-03-22,104,,0,104,67,2022-05-09,2022-05-25,2022-06-23,5.45
d4f34a0e-7fb6-47c0-8be8-9312641f2b12,22B,d4f34a0e-7fb6-47c0-8be8-9312641f2b12-22B-A,A,DAP 1Kg/Are + Urea 0.5Kg/Are at V6,Urea 0.5Kg/Are(V6),Maize,Beans cassava,2022-02-07,9,average,MV_507,41,103,0,2022-03-17,98,2022-03-22,51,,0,51,42,2022-05-09,2022-05-25,2022-06-20,3.64
d4f34a0e-7fb6-47c0-8be8-9312641f2b12,22B,d4f34a0e-7fb6-47c0-8be8-9312641f2b12-22B-B,B,DAP 1Kg/Are + Urea 0.5Kg/Are at Planting and Urea 0.5Kg/Are at V6,Urea1kg/Are(Planting+V6),Maize,Beans cassava,2022-02-07,9,average,MV_507,41,103,51,2022-03-17,97,2022-03-22,51,,0,103,66,2022-05-09,2022-05-25,2022-06-20,4.08
d4f34a0e-7fb6-47c0-8be8-9312641f2b12,22B,d4f34a0e-7fb6-47c0-8be8-9312641f2b12-22B-C,C,DAP 1Kg/Are + Urea 0.5Kg/Are at V6 + Urea 0.5Kg/Are at V10,Urea 1kg/Are(V6 + V10),Maize,Beans cassava,2022-02-07,9,average,MV_507,41,103,0,2022-03-17,98,2022-03-22,51,2022-04-14,51,103,66,2022-05-09,2022-05-25,2022-06-20,3.45
d4f34a0e-7fb6-47c0-8be8-9312641f2b12,22B,d4f34a0e-7fb6-47c0-8be8-9312641f2b12-22B-D,D,DAP 1Kg/Are at planting+ Urea 1Kg/Are at V6,Urea 1kg/Are(V6),Maize,Beans cassava,2022-02-07,9,average,MV_507,41,103,0,2022-03-17,96,2022-03-22,103,,0,103,66,2022-05-09,2022-05-25,2022-06-20,5.23
cb44ea28-8dce-468d-b964-336648f24e39,22B,cb44ea28-8dce-468d-b964-336648f24e39-22B-A,A,DAP 1Kg/Are + Urea 0.5Kg/Are at V6,Urea 0.5Kg/Are(V6),Maize,Beans maize,2022-02-10,13,Well_decomposed,MV_507,42,104,0,2022-03-17,98,2022-03-25,52,,0,52,43,2022-05-12,2022-05-27,2022-06-27,3.43
cb44ea28-8dce-468d-b964-336648f24e39,22B,cb44ea28-8dce-468d-b964-336648f24e39-22B-B,B,DAP 1Kg/Are + Urea 0.5Kg/Are at Planting and Urea 0.5Kg/Are at V6,Urea1kg/Are(Planting+V6),Maize,Beans maize,2022-02-10,13,Well_decomposed,MV_507,41,104,52,2022-03-17,97,2022-03-25,52,,0,104,67,2022-05-12,2022-05-27,2022-06-27,3.38
cb44ea28-8dce-468d-b964-336648f24e39,22B,cb44ea28-8dce-468d-b964-336648f24e39-22B-C,C,DAP 1Kg/Are + Urea 0.5Kg/Are at V6 + Urea 0.5Kg/Are at V10,Urea 1kg/Are(V6 + V10),Maize,Beans maize,2022-02-10,13,Well_decomposed,MV_507,41,104,0,2022-03-17,97,2022-03-25,52,2022-04-19,52,104,67,2022-05-12,2022-05-27,2022-06-27,3.74
cb44ea28-8dce-468d-b964-336648f24e39,22B,cb44ea28-8dce-468d-b964-336648f24e39-22B-D,D,DAP 1Kg/Are at planting+ Urea 1Kg/Are at V6,Urea 1kg/Are(V6),Maize,Beans maize,2022-02-10,13,Well_decomposed,MV_507,42,104,0,2022-03-17,100,2022-03-25,104,,0,104,67,2022-05-12,2022-05-27,2022-06-27,3.67
bcc6d387-ac3b-456b-b143-0c6f5722835f,22B,bcc6d387-ac3b-456b-b143-0c6f5722835f-22B-A,A,DAP 1Kg/Are + Urea 0.5Kg/Are at V6,Urea 0.5Kg/Are(V6),Maize,Soya_(soybean),2022-02-10,12,Well_decomposed,MV_507,41,103,0,2022-03-22,100,2022-03-25,52,,0,52,42,2022-05-12,2022-05-27,2022-06-27,3.27
bcc6d387-ac3b-456b-b143-0c6f5722835f,22B,bcc6d387-ac3b-456b-b143-0c6f5722835f-22B-B,B,DAP 1Kg/Are + Urea 0.5Kg/Are at Planting and Urea 0.5Kg/Are at V6,Urea1kg/Are(Planting+V6),Maize,Soya_(soybean),2022-02-10,12,Well_decomposed,MV_507,42,103,52,2022-03-22,95,2022-03-25,52,,0,103,66,2022-05-12,2022-05-27,2022-06-27,3.77
bcc6d387-ac3b-456b-b143-0c6f5722835f,22B,bcc6d387-ac3b-456b-b143-0c6f5722835f-22B-C,C,DAP 1Kg/Are + Urea 0.5Kg/Are at V6 + Urea 0.5Kg/Are at V10,Urea 1kg/Are(V6 + V10),Maize,Soya_(soybean),2022-02-10,12,Well_decomposed,MV_507,41,103,0,2022-03-22,97,2022-03-25,52,2022-04-19,52,103,66,2022-05-12,2022-05-27,2022-06-27,4.39
bcc6d387-ac3b-456b-b143-0c6f5722835f,22B,bcc6d387-ac3b-456b-b143-0c6f5722835f-22B-D,D,DAP 1Kg/Are at planting+ Urea 1Kg/Are at V6,Urea 1kg/Are(V6),Maize,Soya_(soybean),2022-02-10,12,Well_decomposed,MV_507,42,103,0,2022-03-22,98,2022-03-25,103,,0,103,66,2022-05-12,2022-05-27,2022-06-27,3.8
c5cf6f2f-947d-4fbd-9d8e-9ee8cb61444d,22B,c5cf6f2f-947d-4fbd-9d8e-9ee8cb61444d-22B-A,A,DAP 1Kg/Are + Urea 0.5Kg/Are at V6,Urea 0.5Kg/Are(V6),Maize,maize Soya_(soybean),2022-02-08,8,average,MV_507,41,103,0,2022-03-23,94,2022-03-23,52,,0,52,42,2022-05-11,2022-05-24,2022-06-16,3.57
c5cf6f2f-947d-4fbd-9d8e-9ee8cb61444d,22B,c5cf6f2f-947d-4fbd-9d8e-9ee8cb61444d-22B-B,B,DAP 1Kg/Are + Urea 0.5Kg/Are at Planting and Urea 0.5Kg/Are at V6,Urea1kg/Are(Planting+V6),Maize,maize Soya_(soybean),2022-02-08,8,average,MV_507,41,103,52,2022-03-23,90,2022-03-23,52,,0,103,66,2022-05-11,2022-05-24,2022-06-16,3.55
c5cf6f2f-947d-4fbd-9d8e-9ee8cb61444d,22B,c5cf6f2f-947d-4fbd-9d8e-9ee8cb61444d-22B-C,C,DAP 1Kg/Are + Urea 0.5Kg/Are at V6 + Urea 0.5Kg/Are at V10,Urea 1kg/Are(V6 + V10),Maize,maize Soya_(soybean),2022-02-08,8,average,MV_507,41,103,0,2022-03-23,98,2022-03-23,52,2022-04-21,52,103,66,2022-05-11,2022-05-24,2022-06-16,3.87
c5cf6f2f-947d-4fbd-9d8e-9ee8cb61444d,22B,c5cf6f2f-947d-4fbd-9d8e-9ee8cb61444d-22B-D,D,DAP 1Kg/Are at planting+ Urea 1Kg/Are at V6,Urea 1kg/Are(V6),Maize,maize Soya_(soybean),2022-02-08,8,average,MV_507,41,103,0,2022-03-23,99,2022-03-23,103,,0,103,66,2022-05-11,2022-05-24,2022-06-16,3.98
d866916a-ae02-43dc-bb80-32c8d63201a2,22B,d866916a-ae02-43dc-bb80-32c8d63201a2-22B-A,A,DAP 1Kg/Are + Urea 0.5Kg/Are at V6,Urea 0.5Kg/Are(V6),Maize,Beans,2022-02-11,12,Well_decomposed,MV_507,41,103,0,2022-03-23,98,2022-04-01,52,,0,52,42,2022-05-11,2022-05-24,2022-06-28,5.06
d866916a-ae02-43dc-bb80-32c8d63201a2,22B,d866916a-ae02-43dc-bb80-32c8d63201a2-22B-B,B,DAP 1Kg/Are + Urea 0.5Kg/Are at Planting and Urea 0.5Kg/Are at V6,Urea1kg/Are(Planting+V6),Maize,Beans,2022-02-11,12,Well_decomposed,MV_507,41,103,52,2022-03-23,98,2022-04-01,52,,0,103,66,2022-05-11,2022-05-24,2022-06-28,4.72
d866916a-ae02-43dc-bb80-32c8d63201a2,22B,d866916a-ae02-43dc-bb80-32c8d63201a2-22B-C,C,DAP 1Kg/Are + Urea 0.5Kg/Are at V6 + Urea 0.5Kg/Are at V10,Urea 1kg/Are(V6 + V10),Maize,Beans,2022-02-11,12,Well_decomposed,MV_507,41,103,0,2022-03-23,97,2022-04-01,52,2022-04-22,52,103,66,2022-05-11,2022-05-24,2022-06-28,5.34
d866916a-ae02-43dc-bb80-32c8d63201a2,22B,d866916a-ae02-43dc-bb80-32c8d63201a2-22B-D,D,DAP 1Kg/Are at planting+ Urea 1Kg/Are at V6,Urea 1kg/Are(V6),Maize,Beans,2022-02-11,12,Well_decomposed,MV_507,41,103,0,2022-03-23,100,2022-04-01,103,,0,103,66,2022-05-11,2022-05-24,2022-06-28,5.08
3e029dbe-b2c5-4c35-b23a-741bfc57893a,22B,3e029dbe-b2c5-4c35-b23a-741bfc57893a-22B-A,A,DAP 1Kg/Are + Urea 0.5Kg/Are at V6,Urea 0.5Kg/Are(V6),Maize,fallow,2022-02-11,10,average,MV_507,42,104,0,2022-03-23,96,2022-04-01,52,,0,52,43,2022-05-11,2022-05-24,2022-07-02,1.48
3e029dbe-b2c5-4c35-b23a-741bfc57893a,22B,3e029dbe-b2c5-4c35-b23a-741bfc57893a-22B-B,B,DAP 1Kg/Are + Urea 0.5Kg/Are at Planting and Urea 0.5Kg/Are at V6,Urea1kg/Are(Planting+V6),Maize,fallow,2022-02-11,10,average,MV_507,42,104,52,2022-03-23,98,2022-04-01,52,,0,104,67,2022-05-11,2022-05-24,2022-07-02,1.47
3e029dbe-b2c5-4c35-b23a-741bfc57893a,22B,3e029dbe-b2c5-4c35-b23a-741bfc57893a-22B-C,C,DAP 1Kg/Are + Urea 0.5Kg/Are at V6 + Urea 0.5Kg/Are at V10,Urea 1kg/Are(V6 + V10),Maize,fallow,2022-02-11,10,average,MV_507,41,104,0,2022-03-23,92,2022-04-01,52,2022-04-22,52,104,67,2022-05-11,2022-05-24,2022-07-02,1.58
3e029dbe-b2c5-4c35-b23a-741bfc57893a,22B,3e029dbe-b2c5-4c35-b23a-741bfc57893a-22B-D,D,DAP 1Kg/Are at planting+ Urea 1Kg/Are at V6,Urea 1kg/Are(V6),Maize,fallow,2022-02-11,10,average,MV_507,42,104,0,2022-03-23,89,2022-04-01,104,,0,104,67,2022-05-11,2022-05-24,2022-07-02,0.72
9c4f1b97-b96c-4964-beee-33e9a8c70d27,22B,9c4f1b97-b96c-4964-beee-33e9a8c70d27-22B-A,A,DAP 1Kg/Are + Urea 0.5Kg/Are at V6,Urea 0.5Kg/Are(V6),Maize,other_crop_lastseason,2022-02-16,14,Well_decomposed,MV_507,39,102,0,2022-03-14,94,2022-03-31,51,,0,51,42,2022-05-11,2022-05-24,2022-07-06,3.41
9c4f1b97-b96c-4964-beee-33e9a8c70d27,22B,9c4f1b97-b96c-4964-beee-33e9a8c70d27-22B-B,B,DAP 1Kg/Are + Urea 0.5Kg/Are at Planting and Urea 0.5Kg/Are at V6,Urea1kg/Are(Planting+V6),Maize,other_crop_lastseason,2022-02-16,14,Well_decomposed,MV_507,40,102,51,2022-03-14,90,2022-03-31,51,,0,102,65,2022-05-11,2022-05-24,2022-07-06,3.9
9c4f1b97-b96c-4964-beee-33e9a8c70d27,22B,9c4f1b97-b96c-4964-beee-33e9a8c70d27-22B-C,C,DAP 1Kg/Are + Urea 0.5Kg/Are at V6 + Urea 0.5Kg/Are at V10,Urea 1kg/Are(V6 + V10),Maize,other_crop_lastseason,2022-02-16,14,Well_decomposed,MV_507,40,102,0,2022-03-14,100,2022-03-31,51,2022-04-16,51,102,65,2022-05-11,2022-05-24,2022-07-06,4.02
9c4f1b97-b96c-4964-beee-33e9a8c70d27,22B,9c4f1b97-b96c-4964-beee-33e9a8c70d27-22B-D,D,DAP 1Kg/Are at planting+ Urea 1Kg/Are at V6,Urea 1kg/Are(V6),Maize,other_crop_lastseason,2022-02-16,14,Well_decomposed,MV_507,40,102,0,2022-03-14,100,2022-03-31,102,,0,102,65,2022-05-11,2022-05-24,2022-07-06,4.04
b3a53c4a-e560-4dbf-a4d6-614179ff0265,22B,b3a53c4a-e560-4dbf-a4d6-614179ff0265-22B-A,A,DAP 1Kg/Are + Urea 0.5Kg/Are at V6,Urea 0.5Kg/Are(V6),Maize,Soya_(soybean) cassava,2022-02-16,8,average,MV_507,41,104,0,2022-04-01,98,2022-04-01,52,,0,52,43,2022-05-11,2022-05-27,2022-06-28,3.64
b3a53c4a-e560-4dbf-a4d6-614179ff0265,22B,b3a53c4a-e560-4dbf-a4d6-614179ff0265-22B-B,B,DAP 1Kg/Are + Urea 0.5Kg/Are at Planting and Urea 0.5Kg/Are at V6,Urea1kg/Are(Planting+V6),Maize,Soya_(soybean) cassava,2022-02-16,8,average,MV_507,41,104,52,2022-04-01,99,2022-04-01,52,,0,104,67,2022-05-11,2022-05-27,2022-06-28,3.45
b3a53c4a-e560-4dbf-a4d6-614179ff0265,22B,b3a53c4a-e560-4dbf-a4d6-614179ff0265-22B-C,C,DAP 1Kg/Are + Urea 0.5Kg/Are at V6 + Urea 0.5Kg/Are at V10,Urea 1kg/Are(V6 + V10),Maize,Soya_(soybean) cassava,2022-02-16,8,average,MV_507,41,104,0,2022-04-01,100,2022-04-01,52,2022-04-22,52,104,67,2022-05-11,2022-05-27,2022-06-28,3.97
b3a53c4a-e560-4dbf-a4d6-614179ff0265,22B,b3a53c4a-e560-4dbf-a4d6-614179ff0265-22B-D,D,DAP 1Kg/Are at planting+ Urea 1Kg/Are at V6,Urea 1kg/Are(V6),Maize,Soya_(soybean) cassava,2022-02-16,8,average,MV_507,41,104,0,2022-04-01,100,2022-04-01,104,,0,104,67,2022-05-11,2022-05-27,2022-06-28,3.86
338442be-b4c4-4982-b3a9-975bcfd44eb1,22B,338442be-b4c4-4982-b3a9-975bcfd44eb1-22B-A,A,DAP 1Kg/Are + Urea 0.5Kg/Are at V6,Urea 0.5Kg/Are(V6),Maize,Soya_(soybean) cassava,2022-02-18,15,average,MV_507,42,104,0,2022-04-04,98,2022-04-05,52,,0,52,43,2022-05-13,2022-05-24,2022-07-08,2.16
338442be-b4c4-4982-b3a9-975bcfd44eb1,22B,338442be-b4c4-4982-b3a9-975bcfd44eb1-22B-B,B,DAP 1Kg/Are + Urea 0.5Kg/Are at Planting and Urea 0.5Kg/Are at V6,Urea1kg/Are(Planting+V6),Maize,Soya_(soybean) cassava,2022-02-18,15,average,MV_507,42,104,52,2022-04-04,96,2022-04-05,52,,0,104,67,2022-05-13,2022-05-18,2022-07-08,2.36
338442be-b4c4-4982-b3a9-975bcfd44eb1,22B,338442be-b4c4-4982-b3a9-975bcfd44eb1-22B-C,C,DAP 1Kg/Are + Urea 0.5Kg/Are at V6 + Urea 0.5Kg/Are at V10,Urea 1kg/Are(V6 + V10),Maize,Soya_(soybean) cassava,2022-02-18,15,average,MV_507,42,104,0,2022-04-04,99,2022-04-05,52,2022-04-22,52,104,67,2022-05-13,2022-05-18,2022-07-08,2.46
338442be-b4c4-4982-b3a9-975bcfd44eb1,22B,338442be-b4c4-4982-b3a9-975bcfd44eb1-22B-D,D,DAP 1Kg/Are at planting+ Urea 1Kg/Are at V6,Urea 1kg/Are(V6),Maize,Soya_(soybean) cassava,2022-02-18,15,average,MV_507,42,104,0,2022-04-04,98,2022-04-05,104,,0,104,67,2022-05-13,2022-05-18,2022-07-08,2.44
ad5b54f6-d259-4854-a2a6-76ffd1569c8a,22B,ad5b54f6-d259-4854-a2a6-76ffd1569c8a-22B-A,A,DAP 1Kg/Are + Urea 0.5Kg/Are at V6,Urea 0.5Kg/Are(V6),Maize,Soya_(soybean),2022-02-18,13,average,MV_507,41,103,0,2022-03-23,100,2022-04-04,52,,0,52,42,2022-05-11,2022-05-30,2022-06-24,2.17
ad5b54f6-d259-4854-a2a6-76ffd1569c8a,22B,ad5b54f6-d259-4854-a2a6-76ffd1569c8a-22B-B,B,DAP 1Kg/Are + Urea 0.5Kg/Are at Planting and Urea 0.5Kg/Are at V6,Urea1kg/Are(Planting+V6),Maize,Soya_(soybean),2022-02-18,13,average,MV_507,41,103,52,2022-03-23,98,2022-04-04,52,,0,103,66,2022-05-11,2022-05-30,2022-06-24,3.98
ad5b54f6-d259-4854-a2a6-76ffd1569c8a,22B,ad5b54f6-d259-4854-a2a6-76ffd1569c8a-22B-C,C,DAP 1Kg/Are + Urea 0.5Kg/Are at V6 + Urea 0.5Kg/Are at V10,Urea 1kg/Are(V6 + V10),Maize,Soya_(soybean),2022-02-18,13,average,MV_507,42,103,0,2022-03-23,100,2022-04-04,52,2022-04-21,52,103,66,2022-05-11,2022-05-30,2022-06-24,3.92
ad5b54f6-d259-4854-a2a6-76ffd1569c8a,22B,ad5b54f6-d259-4854-a2a6-76ffd1569c8a-22B-D,D,DAP 1Kg/Are at planting+ Urea 1Kg/Are at V6,Urea 1kg/Are(V6),Maize,Soya_(soybean),2022-02-18,13,average,MV_507,41,103,0,2022-03-23,100,2022-04-04,103,,0,103,66,2022-05-11,2022-05-30,2022-06-24,3.93
8eca62d8-71d0-4e04-a92b-51118e53a6c5,22B,8eca62d8-71d0-4e04-a92b-51118e53a6c5-22B-C,C,DAP 1Kg/Are + Urea 0.5Kg/Are at V6 + Urea 0.5Kg/Are at V10,Urea 1kg/Are(V6 + V10),Maize,maize,2022-03-02,8,average,MV_507,42,104,0,2022-04-05,90,2022-04-08,52,2022-04-28,52,104,67,2022-05-20,2022-06-03,2022-07-05,2.4
8eca62d8-71d0-4e04-a92b-51118e53a6c5,22B,8eca62d8-71d0-4e04-a92b-51118e53a6c5-22B-D,D,DAP 1Kg/Are at planting+ Urea 1Kg/Are at V6,Urea 1kg/Are(V6),Maize,maize,2022-03-02,8,average,MV_507,41,104,0,2022-04-05,93,2022-04-08,104,,0,104,67,2022-05-20,2022-06-03,2022-07-05,1.92
ba77c21d-8cc4-4fc2-8c53-35cf04aae3e2,22B,ba77c21d-8cc4-4fc2-8c53-35cf04aae3e2-22B-A,A,DAP 1Kg/Are + Urea 0.5Kg/Are at V6,Urea 0.5Kg/Are(V6),Maize,Beans maize cassava other_crop_lastseason,2022-03-02,6,Well_decomposed,MV_507,42,104,0,2022-03-28,96,2022-04-08,52,,0,52,43,2022-05-20,2022-06-03,2022-06-30,4.03
ba77c21d-8cc4-4fc2-8c53-35cf04aae3e2,22B,ba77c21d-8cc4-4fc2-8c53-35cf04aae3e2-22B-B,B,DAP 1Kg/Are + Urea 0.5Kg/Are at Planting and Urea 0.5Kg/Are at V6,Urea1kg/Are(Planting+V6),Maize,Beans maize cassava other_crop_lastseason,2022-03-02,6,Well_decomposed,MV_507,42,104,52,2022-03-28,82,2022-04-08,52,,0,104,67,2022-05-20,2022-06-03,2022-06-30,4.24
ba77c21d-8cc4-4fc2-8c53-35cf04aae3e2,22B,ba77c21d-8cc4-4fc2-8c53-35cf04aae3e2-22B-C,C,DAP 1Kg/Are + Urea 0.5Kg/Are at V6 + Urea 0.5Kg/Are at V10,Urea 1kg/Are(V6 + V10),Maize,Beans maize cassava other_crop_lastseason,2022-03-02,6,Well_decomposed,MV_507,42,104,0,2022-03-28,91,2022-04-08,52,2022-04-27,52,104,67,2022-05-20,2022-06-03,2022-06-30,4.85
ba77c21d-8cc4-4fc2-8c53-35cf04aae3e2,22B,ba77c21d-8cc4-4fc2-8c53-35cf04aae3e2-22B-D,D,DAP 1Kg/Are at planting+ Urea 1Kg/Are at V6,Urea 1kg/Are(V6),Maize,Beans maize cassava other_crop_lastseason,2022-03-02,6,Well_decomposed,MV_507,42,104,0,2022-03-28,95,2022-04-08,104,,0,104,67,2022-05-20,2022-06-03,2022-06-30,4.37
862ec423-04ba-46bc-b03f-2e3cbec29178,22B,862ec423-04ba-46bc-b03f-2e3cbec29178-22B-A,A,DAP 1Kg/Are + Urea 0.5Kg/Are at V6,Urea 0.5Kg/Are(V6),Maize,sweet_potato,2022-03-02,10,Well_decomposed,MV_507,41,103,0,2022-04-05,88,2022-04-08,52,,0,52,42,2022-05-20,2022-06-03,2022-07-08,4.04
862ec423-04ba-46bc-b03f-2e3cbec29178,22B,862ec423-04ba-46bc-b03f-2e3cbec29178-22B-B,B,DAP 1Kg/Are + Urea 0.5Kg/Are at Planting and Urea 0.5Kg/Are at V6,Urea1kg/Are(Planting+V6),Maize,sweet_potato,2022-03-02,10,Well_decomposed,MV_507,41,103,52,2022-04-05,87,2022-04-08,52,,0,103,66,2022-05-20,2022-06-03,2022-07-08,2.99
862ec423-04ba-46bc-b03f-2e3cbec29178,22B,862ec423-04ba-46bc-b03f-2e3cbec29178-22B-C,C,DAP 1Kg/Are + Urea 0.5Kg/Are at V6 + Urea 0.5Kg/Are at V10,Urea 1kg/Are(V6 + V10),Maize,sweet_potato,2022-03-02,10,Well_decomposed,MV_507,41,103,0,2022-04-05,84,2022-04-08,52,2022-04-27,52,103,66,2022-05-20,2022-06-03,2022-07-08,4.09
862ec423-04ba-46bc-b03f-2e3cbec29178,22B,862ec423-04ba-46bc-b03f-2e3cbec29178-22B-D,D,DAP 1Kg/Are at planting+ Urea 1Kg/Are at V6,Urea 1kg/Are(V6),Maize,sweet_potato,2022-03-02,10,Well_decomposed,MV_507,41,103,0,2022-04-05,82,2022-04-08,103,,0,103,66,2022-05-20,2022-06-03,2022-07-08,4.49
54757619-9f6b-456d-9b82-8c300d18e704,21A,54757619-9f6b-456d-9b82-8c300d18e704-21A-A,A,DAP 1Kg/Are + Urea 0.5Kg/Are at V6,Urea 0.5Kg/Are(V6),maize,Beans,2020-08-28,12,Well_decomposed,MV_605,36,100,0,2020-09-24,93,2020-10-15,50,,0,50,41,2020-12-31,2021-01-22,2021-02-15,3.45
54757619-9f6b-456d-9b82-8c300d18e704,21A,54757619-9f6b-456d-9b82-8c300d18e704-21A-B,B,DAP 1Kg/Are + Urea 0.5Kg/Are at Planting and Urea 0.5Kg/Are at V6,Urea1kg/Are(Planting+V6),maize,Beans,2020-08-28,12,Well_decomposed,MV_605,36,100,50,2020-09-24,97,2020-10-15,50,,0,100,64,2020-12-31,2021-01-22,2021-02-15,5.6
54757619-9f6b-456d-9b82-8c300d18e704,21A,54757619-9f6b-456d-9b82-8c300d18e704-21A-C,C,DAP 1Kg/Are + Urea 0.5Kg/Are at V6 + Urea 0.5Kg/Are at V10,Urea 1kg/Are(V6 + V10),maize,Beans,2020-08-28,12,Well_decomposed,MV_605,36,100,0,2020-09-24,98,2020-10-15,50,2020-11-25,50,100,64,2020-12-31,2021-01-22,2021-02-15,4.12
54757619-9f6b-456d-9b82-8c300d18e704,21A,54757619-9f6b-456d-9b82-8c300d18e704-21A-D,D,DAP 1Kg/Are at planting+ Urea 1Kg/Are at V6,Urea 1kg/Are(V6),maize,Beans,2020-08-28,12,Well_decomposed,MV_605,35,100,0,2020-09-24,95,2020-10-15,100,,0,100,64,2020-12-31,2021-01-22,2021-02-15,2.41
7331a289-02a7-4ac1-b04a-422195e7fe52,21A,7331a289-02a7-4ac1-b04a-422195e7fe52-21A-A,A,DAP 1Kg/Are + Urea 0.5Kg/Are at V6,Urea 0.5Kg/Are(V6),maize,Beans,2020-08-28,10,Well_decomposed,MV_605,35,100,0,2020-09-24,90,2020-10-14,50,,0,50,41,2020-12-31,2021-01-22,2021-02-06,7.15
7331a289-02a7-4ac1-b04a-422195e7fe52,21A,7331a289-02a7-4ac1-b04a-422195e7fe52-21A-B,B,DAP 1Kg/Are + Urea 0.5Kg/Are at Planting and Urea 0.5Kg/Are at V6,Urea1kg/Are(Planting+V6),maize,maize,2020-08-28,10,Well_decomposed,MV_605,34,100,50,2020-09-24,88,2020-10-14,50,,0,100,64,2020-12-31,2021-01-22,2021-02-06,5.5
7331a289-02a7-4ac1-b04a-422195e7fe52,21A,7331a289-02a7-4ac1-b04a-422195e7fe52-21A-C,C,DAP 1Kg/Are + Urea 0.5Kg/Are at V6 + Urea 0.5Kg/Are at V10,Urea 1kg/Are(V6 + V10),maize,Beans,2020-08-28,10,Well_decomposed,MV_605,35,100,0,2020-09-24,90,2020-10-14,50,2020-11-25,50,100,64,2020-12-31,2021-01-22,2021-02-06,6.33
7331a289-02a7-4ac1-b04a-422195e7fe52,21A,7331a289-02a7-4ac1-b04a-422195e7fe52-21A-D,D,DAP 1Kg/Are at planting+ Urea 1Kg/Are at V6,Urea 1kg/Are(V6),maize,Beans,2020-08-28,10,Well_decomposed,MV_605,35,100,0,2020-09-24,89,2020-10-14,100,,0,100,64,2020-12-31,2021-01-22,2021-02-06,6.41
17f882ce-a117-4169-86c5-ca3275ee7358,21A,17f882ce-a117-4169-86c5-ca3275ee7358-21A-A,A,DAP 1Kg/Are + Urea 0.5Kg/Are at V6,Urea 0.5Kg/Are(V6),maize,Beans,2020-09-02,16,Well_decomposed,MV_605,36,100,0,2020-10-07,83,2020-10-22,50,,0,50,41,2021-01-04,2021-01-25,2021-02-17,2.77
17f882ce-a117-4169-86c5-ca3275ee7358,21A,17f882ce-a117-4169-86c5-ca3275ee7358-21A-B,B,DAP 1Kg/Are + Urea 0.5Kg/Are at Planting and Urea 0.5Kg/Are at V6,Urea1kg/Are(Planting+V6),maize,Beans,2020-09-02,16,Well_decomposed,MV_605,37,100,50,2020-10-07,84,2020-10-22,50,,0,100,64,2021-01-04,2021-01-25,2021-02-17,3.39
17f882ce-a117-4169-86c5-ca3275ee7358,21A,17f882ce-a117-4169-86c5-ca3275ee7358-21A-C,C,DAP 1Kg/Are + Urea 0.5Kg/Are at V6 + Urea 0.5Kg/Are at V10,Urea 1kg/Are(V6 + V10),maize,Beans,2020-09-02,16,Well_decomposed,MV_605,37,100,0,2020-10-07,80,2020-10-22,50,2020-12-03,50,100,64,2021-01-04,2021-01-25,2021-02-17,4.14
17f882ce-a117-4169-86c5-ca3275ee7358,21A,17f882ce-a117-4169-86c5-ca3275ee7358-21A-D,D,DAP 1Kg/Are at planting+ Urea 1Kg/Are at V6,Urea 1kg/Are(V6),maize,Beans,2020-09-02,16,Well_decomposed,MV_605,37,100,0,2020-10-07,87,2020-10-22,100,,0,100,64,2021-01-04,2021-01-25,2021-02-17,3.96
38ca4a94-e661-4bb4-9fea-ca3f3ffef8ff,21A,38ca4a94-e661-4bb4-9fea-ca3f3ffef8ff-21A-A,A,DAP 1Kg/Are + Urea 0.5Kg/Are at V6,Urea 0.5Kg/Are(V6),maize,Beans,2020-09-02,10,Well_decomposed,MV_605,36,100,0,2020-10-07,69,2020-10-28,50,,0,50,41,2021-01-04,2021-01-25,2021-02-20,2.27
38ca4a94-e661-4bb4-9fea-ca3f3ffef8ff,21A,38ca4a94-e661-4bb4-9fea-ca3f3ffef8ff-21A-B,B,DAP 1Kg/Are + Urea 0.5Kg/Are at Planting and Urea 0.5Kg/Are at V6,Urea1kg/Are(Planting+V6),maize,Beans,2020-09-02,10,Well_decomposed,MV_605,35,100,50,2020-10-07,63,2020-10-28,50,,0,100,64,2021-01-04,2021-01-25,2021-02-20,1.49
38ca4a94-e661-4bb4-9fea-ca3f3ffef8ff,21A,38ca4a94-e661-4bb4-9fea-ca3f3ffef8ff-21A-C,C,DAP 1Kg/Are + Urea 0.5Kg/Are at V6 + Urea 0.5Kg/Are at V10,Urea 1kg/Are(V6 + V10),maize,Beans,2020-09-02,10,Well_decomposed,MV_605,37,100,0,2020-10-07,77,2020-10-28,50,2020-12-03,50,100,64,2021-01-04,2021-01-25,2021-02-20,3.29
38ca4a94-e661-4bb4-9fea-ca3f3ffef8ff,21A,38ca4a94-e661-4bb4-9fea-ca3f3ffef8ff-21A-D,D,DAP 1Kg/Are at planting+ Urea 1Kg/Are at V6,Urea 1kg/Are(V6),maize,Beans,2020-09-02,10,Well_decomposed,MV_605,36,100,0,2020-10-07,82,2020-10-28,100,,0,100,64,2021-01-04,2021-01-25,2021-02-20,1.03
ff5a2b55-7060-4351-adf1-7de40fd9009c,21A,ff5a2b55-7060-4351-adf1-7de40fd9009c-21A-A,A,DAP 1Kg/Are + Urea 0.5Kg/Are at V6,Urea 0.5Kg/Are(V6),maize,Beans,2020-09-08,8,average,MV_605,34,100,0,2020-10-08,65,2020-10-23,50,,0,50,41,2021-01-06,2021-01-21,2021-02-23,4.88
ff5a2b55-7060-4351-adf1-7de40fd9009c,21A,ff5a2b55-7060-4351-adf1-7de40fd9009c-21A-B,B,DAP 1Kg/Are + Urea 0.5Kg/Are at Planting and Urea 0.5Kg/Are at V6,Urea1kg/Are(Planting+V6),maize,Beans,2020-09-08,8,average,MV_605,37,100,50,2020-10-08,63,2020-10-23,50,,0,100,64,2021-01-06,2021-01-21,2021-02-23,1.84
ff5a2b55-7060-4351-adf1-7de40fd9009c,21A,ff5a2b55-7060-4351-adf1-7de40fd9009c-21A-C,C,DAP 1Kg/Are + Urea 0.5Kg/Are at V6 + Urea 0.5Kg/Are at V10,Urea 1kg/Are(V6 + V10),maize,Beans,2020-09-08,8,average,MV_605,35,100,0,2020-10-08,70,2020-10-23,50,2020-12-02,50,100,64,2021-01-06,2021-01-21,2021-02-23,2.47
ff5a2b55-7060-4351-adf1-7de40fd9009c,21A,ff5a2b55-7060-4351-adf1-7de40fd9009c-21A-D,D,DAP 1Kg/Are at planting+ Urea 1Kg/Are at V6,Urea 1kg/Are(V6),maize,Beans,2020-09-08,8,average,MV_605,34,100,0,2020-10-08,68,2020-10-23,100,,0,100,64,2021-01-06,2021-01-21,2021-02-23,3.57
e01f4393-88b3-4ff9-8779-35d7e1a7bf0f,21A,e01f4393-88b3-4ff9-8779-35d7e1a7bf0f-21A-A,A,DAP 1Kg/Are + Urea 0.5Kg/Are at V6,Urea 0.5Kg/Are(V6),maize,Beans,2020-09-09,7,average,MV_605,35,100,0,2020-10-06,88,2020-10-22,50,,0,50,41,2021-01-06,2021-01-26,2021-02-16,3.94
e01f4393-88b3-4ff9-8779-35d7e1a7bf0f,21A,e01f4393-88b3-4ff9-8779-35d7e1a7bf0f-21A-B,B,DAP 1Kg/Are + Urea 0.5Kg/Are at Planting and Urea 0.5Kg/Are at V6,Urea1kg/Are(Planting+V6),maize,Beans,2020-09-09,7,average,MV_605,35,100,50,2020-10-06,90,2020-10-22,50,,0,100,64,2021-01-06,2021-01-26,2021-02-16,3.44
e01f4393-88b3-4ff9-8779-35d7e1a7bf0f,21A,e01f4393-88b3-4ff9-8779-35d7e1a7bf0f-21A-C,C,DAP 1Kg/Are + Urea 0.5Kg/Are at V6 + Urea 0.5Kg/Are at V10,Urea 1kg/Are(V6 + V10),maize,Beans,2020-09-09,7,average,MV_605,34,100,0,2020-10-06,91,2020-10-22,50,2020-12-03,50,100,64,2021-01-06,2021-01-26,2021-02-16,3.35
e01f4393-88b3-4ff9-8779-35d7e1a7bf0f,21A,e01f4393-88b3-4ff9-8779-35d7e1a7bf0f-21A-D,D,DAP 1Kg/Are at planting+ Urea 1Kg/Are at V6,Urea 1kg/Are(V6),maize,Beans,2020-09-09,7,average,MV_605,36,100,0,2020-10-06,94,2020-10-22,100,,0,100,64,2021-01-06,2021-01-26,2021-02-16,4.41
84125c76-a1d4-46a2-97c5-ab7ce31cede4,21A,84125c76-a1d4-46a2-97c5-ab7ce31cede4-21A-A,A,DAP 1Kg/Are + Urea 0.5Kg/Are at V6,Urea 0.5Kg/Are(V6),maize,cassava,2020-09-10,9,Well_decomposed,MV_605,36,100,0,2020-10-08,78,2020-11-05,50,,0,50,41,2021-01-08,2021-01-21,2021-02-25,7.42
84125c76-a1d4-46a2-97c5-ab7ce31cede4,21A,84125c76-a1d4-46a2-97c5-ab7ce31cede4-21A-B,B,DAP 1Kg/Are + Urea 0.5Kg/Are at Planting and Urea 0.5Kg/Are at V6,Urea1kg/Are(Planting+V6),maize,cassava,2020-09-10,9,Well_decomposed,MV_605,35,100,50,2020-10-08,63,2020-11-05,50,,0,100,64,2021-01-08,2021-01-21,2021-02-25,7.43
84125c76-a1d4-46a2-97c5-ab7ce31cede4,21A,84125c76-a1d4-46a2-97c5-ab7ce31cede4-21A-C,C,DAP 1Kg/Are + Urea 0.5Kg/Are at V6 + Urea 0.5Kg/Are at V10,Urea 1kg/Are(V6 + V10),maize,cassava,2020-09-10,9,Well_decomposed,MV_605,36,100,0,2020-10-08,87,2020-11-05,50,2020-12-02,50,100,64,2021-01-08,2021-01-21,2021-02-25,6.19
84125c76-a1d4-46a2-97c5-ab7ce31cede4,21A,84125c76-a1d4-46a2-97c5-ab7ce31cede4-21A-D,D,DAP 1Kg/Are at planting+ Urea 1Kg/Are at V6,Urea 1kg/Are(V6),maize,cassava,2020-09-10,9,Well_decomposed,MV_605,35,100,0,2020-10-08,81,2020-11-05,100,,0,100,64,2021-01-08,2021-01-21,2021-02-25,8.22
65a20e35-0dc0-46e9-ae7f-8b1b897c7671,21A,65a20e35-0dc0-46e9-ae7f-8b1b897c7671-21A-A,A,DAP 1Kg/Are + Urea 0.5Kg/Are at V6,Urea 0.5Kg/Are(V6),maize,Beans,2020-09-03,7,Well_decomposed,MV_605,37,100,0,2020-10-07,91,2020-10-23,50,,0,50,41,2021-01-05,2021-01-25,2021-02-22,5.08
65a20e35-0dc0-46e9-ae7f-8b1b897c7671,21A,65a20e35-0dc0-46e9-ae7f-8b1b897c7671-21A-B,B,DAP 1Kg/Are + Urea 0.5Kg/Are at Planting and Urea 0.5Kg/Are at V6,Urea1kg/Are(Planting+V6),maize,Beans,2020-09-03,7,Well_decomposed,MV_605,36,100,50,2020-10-07,87,2020-10-23,50,,0,100,64,2021-01-05,2021-01-25,2021-02-22,3.03
65a20e35-0dc0-46e9-ae7f-8b1b897c7671,21A,65a20e35-0dc0-46e9-ae7f-8b1b897c7671-21A-C,C,DAP 1Kg/Are + Urea 0.5Kg/Are at V6 + Urea 0.5Kg/Are at V10,Urea 1kg/Are(V6 + V10),maize,Beans,2020-09-03,7,Well_decomposed,MV_605,38,100,0,2020-10-07,81,2020-10-23,50,2020-12-02,50,100,64,2021-01-05,2021-01-25,2021-02-22,5.48
65a20e35-0dc0-46e9-ae7f-8b1b897c7671,21A,65a20e35-0dc0-46e9-ae7f-8b1b897c7671-21A-D,D,DAP 1Kg/Are at planting+ Urea 1Kg/Are at V6,Urea 1kg/Are(V6),maize,Beans,2020-09-03,7,Well_decomposed,MV_605,37,100,0,2020-10-07,84,2020-10-23,100,,0,100,64,2021-01-05,2021-01-25,2021-02-22,5.27
eabc760d-1c5e-4383-abce-0ee2c78e55d1,21A,eabc760d-1c5e-4383-abce-0ee2c78e55d1-21A-A,A,DAP 1Kg/Are + Urea 0.5Kg/Are at V6,Urea 0.5Kg/Are(V6),maize,sweet_potato,2020-09-14,9,Well_decomposed,MV_605,37,100,0,2020-10-06,78,2020-11-11,50,,0,50,41,2021-01-14,2021-02-13,2021-03-01,4.1
eabc760d-1c5e-4383-abce-0ee2c78e55d1,21A,eabc760d-1c5e-4383-abce-0ee2c78e55d1-21A-B,B,DAP 1Kg/Are + Urea 0.5Kg/Are at Planting and Urea 0.5Kg/Are at V6,Urea1kg/Are(Planting+V6),maize,Beans,2020-09-14,9,Well_decomposed,MV_605,37,100,50,2020-10-06,62,2020-11-11,50,,0,100,64,2021-01-14,2021-02-13,2021-03-01,1.56
eabc760d-1c5e-4383-abce-0ee2c78e55d1,21A,eabc760d-1c5e-4383-abce-0ee2c78e55d1-21A-C,C,DAP 1Kg/Are + Urea 0.5Kg/Are at V6 + Urea 0.5Kg/Are at V10,Urea 1kg/Are(V6 + V10),maize,sweet_potato,2020-09-14,9,Well_decomposed,MV_605,36,100,0,2020-10-06,71,2020-11-11,50,2020-12-03,50,100,64,2021-01-14,2021-02-13,2021-03-01,3.1
eabc760d-1c5e-4383-abce-0ee2c78e55d1,21A,eabc760d-1c5e-4383-abce-0ee2c78e55d1-21A-D,D,DAP 1Kg/Are at planting+ Urea 1Kg/Are at V6,Urea 1kg/Are(V6),maize,sweet_potato,2020-09-14,9,Well_decomposed,MV_605,36,100,0,2020-10-06,61,2020-11-11,100,,0,100,64,2021-01-14,2021-02-13,2021-03-01,2.94
fb9dc39b-67b6-43b7-9fc5-01a7c1493bcf,21A,fb9dc39b-67b6-43b7-9fc5-01a7c1493bcf-21A-A,A,DAP 1Kg/Are + Urea 0.5Kg/Are at V6,Urea 0.5Kg/Are(V6),maize,maize cassava,2020-09-25,9,Well_decomposed,MV_505,31,100,0,2020-10-08,75,2020-11-02,50,,0,50,41,2020-12-29,2021-01-29,2021-02-05,4.12
fb9dc39b-67b6-43b7-9fc5-01a7c1493bcf,21A,fb9dc39b-67b6-43b7-9fc5-01a7c1493bcf-21A-B,B,DAP 1Kg/Are + Urea 0.5Kg/Are at Planting and Urea 0.5Kg/Are at V6,Urea1kg/Are(Planting+V6),maize,maize cassava,2020-09-25,9,Well_decomposed,MV_505,32,100,50,2020-10-08,80,2020-11-02,50,,0,100,64,2020-12-29,2021-01-29,2021-02-05,4.45
fb9dc39b-67b6-43b7-9fc5-01a7c1493bcf,21A,fb9dc39b-67b6-43b7-9fc5-01a7c1493bcf-21A-C,C,DAP 1Kg/Are + Urea 0.5Kg/Are at V6 + Urea 0.5Kg/Are at V10,Urea 1kg/Are(V6 + V10),maize,maize cassava,2020-09-25,9,Well_decomposed,MV_505,29,100,0,2020-10-08,80,2020-11-02,50,2020-11-27,50,100,64,2020-12-29,2021-01-29,2021-02-05,5.4
fb9dc39b-67b6-43b7-9fc5-01a7c1493bcf,21A,fb9dc39b-67b6-43b7-9fc5-01a7c1493bcf-21A-D,D,DAP 1Kg/Are at planting+ Urea 1Kg/Are at V6,Urea 1kg/Are(V6),maize,maize cassava,2020-09-25,9,Well_decomposed,MV_505,35,100,0,2020-10-08,75,2020-11-02,100,,0,100,64,2020-12-29,2021-01-29,2021-02-05,6.1
0c966b09-83f7-4587-8e2c-54fc51e41ee0,21A,0c966b09-83f7-4587-8e2c-54fc51e41ee0-21A-B,B,DAP 1Kg/Are + Urea 0.5Kg/Are at Planting and Urea 0.5Kg/Are at V6,Urea1kg/Are(Planting+V6),maize,cassava,2020-09-25,10,Well_decomposed,MV_505,43,100,50,2020-10-08,82,2020-11-02,50,,0,100,64,2020-12-22,2021-01-25,2021-02-02,3.71
0c966b09-83f7-4587-8e2c-54fc51e41ee0,21A,0c966b09-83f7-4587-8e2c-54fc51e41ee0-21A-C,C,DAP 1Kg/Are + Urea 0.5Kg/Are at V6 + Urea 0.5Kg/Are at V10,Urea 1kg/Are(V6 + V10),maize,cassava,2020-09-25,10,Well_decomposed,MV_505,40,100,0,2020-10-08,78,2020-11-02,50,2020-11-30,50,100,64,2020-12-22,2021-01-25,2021-02-02,4.83
0c966b09-83f7-4587-8e2c-54fc51e41ee0,21A,0c966b09-83f7-4587-8e2c-54fc51e41ee0-21A-D,D,DAP 1Kg/Are at planting+ Urea 1Kg/Are at V6,Urea 1kg/Are(V6),maize,cassava,2020-09-25,10,Well_decomposed,MV_505,41,100,0,2020-10-08,80,2020-11-02,100,,0,100,64,2020-12-22,2021-01-25,2021-02-02,4.54
12dcb5e1-5401-4ab6-a431-5b8b21282962,21A,12dcb5e1-5401-4ab6-a431-5b8b21282962-21A-A,A,DAP 1Kg/Are + Urea 0.5Kg/Are at V6,Urea 0.5Kg/Are(V6),maize,Beans maize,2020-09-28,14,Well_decomposed,MV_505,38,100,0,2020-10-21,97,2020-11-11,50,,0,50,41,2021-01-04,2021-02-05,2021-02-16,4.66
12dcb5e1-5401-4ab6-a431-5b8b21282962,21A,12dcb5e1-5401-4ab6-a431-5b8b21282962-21A-B,B,DAP 1Kg/Are + Urea 0.5Kg/Are at Planting and Urea 0.5Kg/Are at V6,Urea1kg/Are(Planting+V6),maize,Beans maize,2020-09-28,14,Well_decomposed,MV_505,38,100,50,2020-10-21,100,2020-11-11,50,,0,100,64,2021-01-04,2021-02-05,2021-02-16,3.62
12dcb5e1-5401-4ab6-a431-5b8b21282962,21A,12dcb5e1-5401-4ab6-a431-5b8b21282962-21A-C,C,DAP 1Kg/Are + Urea 0.5Kg/Are at V6 + Urea 0.5Kg/Are at V10,Urea 1kg/Are(V6 + V10),maize,Beans maize,2020-09-28,14,Well_decomposed,MV_505,38,100,0,2020-10-21,95,2020-11-11,50,2020-12-11,50,100,64,2021-01-04,2021-02-05,2021-02-16,5.78
12dcb5e1-5401-4ab6-a431-5b8b21282962,21A,12dcb5e1-5401-4ab6-a431-5b8b21282962-21A-D,D,DAP 1Kg/Are at planting+ Urea 1Kg/Are at V6,Urea 1kg/Are(V6),maize,Beans maize,2020-09-28,14,Well_decomposed,MV_505,37,100,0,2020-10-21,97,2020-11-11,100,,0,100,64,2021-01-04,2021-02-05,2021-02-16,5.15
9cd66e46-22fd-49c9-842d-0d629c92fe8b,21A,9cd66e46-22fd-49c9-842d-0d629c92fe8b-21A-A,A,DAP 1Kg/Are + Urea 0.5Kg/Are at V6,Urea 0.5Kg/Are(V6),maize,maize,2020-09-28,14,Well_decomposed,MV_505,40,100,0,2020-11-02,82,2020-11-11,50,,0,50,41,2021-01-04,2021-02-09,2021-02-16,4.3
9cd66e46-22fd-49c9-842d-0d629c92fe8b,21A,9cd66e46-22fd-49c9-842d-0d629c92fe8b-21A-B,B,DAP 1Kg/Are + Urea 0.5Kg/Are at Planting and Urea 0.5Kg/Are at V6,Urea1kg/Are(Planting+V6),maize,maize,2020-09-28,14,Well_decomposed,MV_505,40,100,50,2020-11-02,80,2020-11-11,50,,0,100,64,2021-01-04,2021-02-09,2021-02-16,4.27
9cd66e46-22fd-49c9-842d-0d629c92fe8b,21A,9cd66e46-22fd-49c9-842d-0d629c92fe8b-21A-C,C,DAP 1Kg/Are + Urea 0.5Kg/Are at V6 + Urea 0.5Kg/Are at V10,Urea 1kg/Are(V6 + V10),maize,maize,2020-09-28,14,Well_decomposed,MV_505,42,100,0,2020-11-02,86,2020-11-11,50,2020-12-11,50,100,64,2021-01-04,2021-02-09,2021-02-16,6.17
9cd66e46-22fd-49c9-842d-0d629c92fe8b,21A,9cd66e46-22fd-49c9-842d-0d629c92fe8b-21A-D,D,DAP 1Kg/Are at planting+ Urea 1Kg/Are at V6,Urea 1kg/Are(V6),maize,maize,2020-09-28,14,Well_decomposed,MV_505,41,100,0,2020-11-02,80,2020-11-11,100,,0,100,64,2021-01-04,2021-02-09,2021-02-16,3.62
d1a13d0d-5d0e-4919-9c7e-b874317621b8,21A,d1a13d0d-5d0e-4919-9c7e-b874317621b8-21A-A,A,DAP 1Kg/Are + Urea 0.5Kg/Are at V6,Urea 0.5Kg/Are(V6),maize,cassava,2020-09-29,10,Well_decomposed,MV_505,43,100,0,2020-10-16,89,2020-11-06,50,,0,50,41,2021-01-04,2021-02-02,2021-02-08,4.66
d1a13d0d-5d0e-4919-9c7e-b874317621b8,21A,d1a13d0d-5d0e-4919-9c7e-b874317621b8-21A-B,B,DAP 1Kg/Are + Urea 0.5Kg/Are at Planting and Urea 0.5Kg/Are at V6,Urea1kg/Are(Planting+V6),maize,cassava,2020-09-29,10,Well_decomposed,MV_505,43,100,50,2020-10-16,96,2020-11-06,50,,0,100,64,2021-01-04,2021-02-02,2021-02-08,4.99
d1a13d0d-5d0e-4919-9c7e-b874317621b8,21A,d1a13d0d-5d0e-4919-9c7e-b874317621b8-21A-C,C,DAP 1Kg/Are + Urea 0.5Kg/Are at V6 + Urea 0.5Kg/Are at V10,Urea 1kg/Are(V6 + V10),maize,cassava,2020-09-29,10,Well_decomposed,MV_505,42,100,0,2020-10-16,95,2020-11-06,50,2020-11-30,50,100,64,2021-01-04,2021-02-02,2021-02-08,5.78
d1a13d0d-5d0e-4919-9c7e-b874317621b8,21A,d1a13d0d-5d0e-4919-9c7e-b874317621b8-21A-D,D,DAP 1Kg/Are at planting+ Urea 1Kg/Are at V6,Urea 1kg/Are(V6),maize,cassava,2020-09-29,10,Well_decomposed,MV_505,40,100,0,2020-10-16,94,2020-11-06,100,,0,100,64,2021-01-04,2021-02-02,2021-02-08,6.49
fbc9e6bc-e002-440e-af1e-b0aaa5e662dd,21A,fbc9e6bc-e002-440e-af1e-b0aaa5e662dd-21A-A,A,DAP 1Kg/Are + Urea 0.5Kg/Are at V6,Urea 0.5Kg/Are(V6),maize,Beans,2020-09-29,14,Well_decomposed,MV_505,38,100,0,2020-10-16,95,2020-11-04,50,,0,50,41,2021-01-04,2021-02-08,2021-02-12,5.18
fbc9e6bc-e002-440e-af1e-b0aaa5e662dd,21A,fbc9e6bc-e002-440e-af1e-b0aaa5e662dd-21A-B,B,DAP 1Kg/Are + Urea 0.5Kg/Are at Planting and Urea 0.5Kg/Are at V6,Urea1kg/Are(Planting+V6),maize,Beans,2020-09-29,14,Well_decomposed,MV_505,38,100,50,2020-10-16,90,2020-11-04,50,,0,100,64,2021-01-04,2021-02-08,2021-02-12,5.46
fbc9e6bc-e002-440e-af1e-b0aaa5e662dd,21A,fbc9e6bc-e002-440e-af1e-b0aaa5e662dd-21A-C,C,DAP 1Kg/Are + Urea 0.5Kg/Are at V6 + Urea 0.5Kg/Are at V10,Urea 1kg/Are(V6 + V10),maize,Beans,2020-09-29,14,Well_decomposed,MV_505,37,100,0,2020-10-16,93,2020-11-04,50,2020-11-30,50,100,64,2021-01-04,2021-02-08,2021-02-12,4.15
fbc9e6bc-e002-440e-af1e-b0aaa5e662dd,21A,fbc9e6bc-e002-440e-af1e-b0aaa5e662dd-21A-D,D,DAP 1Kg/Are at planting+ Urea 1Kg/Are at V6,Urea 1kg/Are(V6),maize,Beans,2020-09-29,14,Well_decomposed,MV_505,38,100,0,2020-10-16,94,2020-11-04,100,,0,100,64,2021-01-04,2021-02-08,2021-02-12,6.13
55e7f687-92c0-4ecf-a5cb-cb46301fe829,21A,55e7f687-92c0-4ecf-a5cb-cb46301fe829-21A-A,A,DAP 1Kg/Are + Urea 0.5Kg/Are at V6,Urea 0.5Kg/Are(V6),maize,Beans,2020-09-30,11,Well_decomposed,MV_505,44,100,0,2020-10-21,95,2020-11-11,50,,0,50,41,2021-01-08,2021-02-10,2021-02-11,4.66
55e7f687-92c0-4ecf-a5cb-cb46301fe829,21A,55e7f687-92c0-4ecf-a5cb-cb46301fe829-21A-B,B,DAP 1Kg/Are + Urea 0.5Kg/Are at Planting and Urea 0.5Kg/Are at V6,Urea1kg/Are(Planting+V6),maize,Beans,2020-09-30,11,average,MV_505,43,100,50,2020-10-21,92,2020-11-11,50,,0,100,64,2021-01-08,2021-02-10,2021-02-11,4.45
55e7f687-92c0-4ecf-a5cb-cb46301fe829,21A,55e7f687-92c0-4ecf-a5cb-cb46301fe829-21A-C,C,DAP 1Kg/Are + Urea 0.5Kg/Are at V6 + Urea 0.5Kg/Are at V10,Urea 1kg/Are(V6 + V10),maize,Beans,2020-09-30,11,Well_decomposed,MV_505,44,100,0,2020-10-21,90,2020-11-11,50,2020-12-11,50,100,64,2021-01-08,2021-02-10,2021-02-11,5.78
55e7f687-92c0-4ecf-a5cb-cb46301fe829,21A,55e7f687-92c0-4ecf-a5cb-cb46301fe829-21A-D,D,DAP 1Kg/Are at planting+ Urea 1Kg/Are at V6,Urea 1kg/Are(V6),maize,Beans,2020-09-30,11,Well_decomposed,MV_505,43,100,0,2020-10-21,93,2020-11-11,100,,0,100,64,2021-01-08,2021-02-10,2021-02-11,4.58
4c6e849d-1e48-4c2b-8f8e-0b63a0a25530,21A,4c6e849d-1e48-4c2b-8f8e-0b63a0a25530-21A-A,A,DAP 1Kg/Are + Urea 0.5Kg/Are at V6,Urea 0.5Kg/Are(V6),maize,Beans,2020-09-30,12,Well_decomposed,MV_505,40,100,0,2020-10-16,96,2020-11-11,50,,0,50,41,2021-01-08,2021-02-05,2021-02-11,5.2
4c6e849d-1e48-4c2b-8f8e-0b63a0a25530,21A,4c6e849d-1e48-4c2b-8f8e-0b63a0a25530-21A-B,B,DAP 1Kg/Are + Urea 0.5Kg/Are at Planting and Urea 0.5Kg/Are at V6,Urea1kg/Are(Planting+V6),maize,Beans,2020-09-30,12,Well_decomposed,MV_505,40,100,50,2020-10-16,95,2020-11-11,50,,0,100,64,2021-01-08,2021-02-05,2021-02-11,6.59
4c6e849d-1e48-4c2b-8f8e-0b63a0a25530,21A,4c6e849d-1e48-4c2b-8f8e-0b63a0a25530-21A-C,C,DAP 1Kg/Are + Urea 0.5Kg/Are at V6 + Urea 0.5Kg/Are at V10,Urea 1kg/Are(V6 + V10),maize,Beans,2020-09-30,12,Well_decomposed,MV_505,39,100,0,2020-10-16,93,2020-11-11,50,2020-12-11,50,100,64,2021-01-08,2021-02-05,2021-02-11,8.39
4c6e849d-1e48-4c2b-8f8e-0b63a0a25530,21A,4c6e849d-1e48-4c2b-8f8e-0b63a0a25530-21A-D,D,DAP 1Kg/Are at planting+ Urea 1Kg/Are at V6,Urea 1kg/Are(V6),maize,Beans,2020-09-30,12,Well_decomposed,MV_505,38,100,0,2020-10-16,96,2020-11-11,100,,0,100,64,2021-01-08,2021-02-05,2021-02-11,6.49
ec462615-7df5-41a9-8580-34349e73c023,21A,ec462615-7df5-41a9-8580-34349e73c023-21A-A,A,DAP 1Kg/Are + Urea 0.5Kg/Are at V6,Urea 0.5Kg/Are(V6),maize,Beans,2020-10-01,14,Well_decomposed,MV_505,40,100,0,2020-10-21,99,2020-11-06,50,,0,50,41,,2021-02-02,2021-02-09,3.76
ec462615-7df5-41a9-8580-34349e73c023,21A,ec462615-7df5-41a9-8580-34349e73c023-21A-B,B,DAP 1Kg/Are + Urea 0.5Kg/Are at Planting and Urea 0.5Kg/Are at V6,Urea1kg/Are(Planting+V6),maize,Beans,2020-10-01,14,Well_decomposed,MV_505,40,100,50,2020-10-21,99,2020-11-06,50,,0,100,64,,2021-02-02,2021-02-09,3.9
ec462615-7df5-41a9-8580-34349e73c023,21A,ec462615-7df5-41a9-8580-34349e73c023-21A-C,C,DAP 1Kg/Are + Urea 0.5Kg/Are at V6 + Urea 0.5Kg/Are at V10,Urea 1kg/Are(V6 + V10),maize,Beans,2020-10-01,14,Well_decomposed,MV_505,41,100,0,2020-10-21,97,2020-11-06,50,2020-11-30,50,100,64,,2021-02-02,2021-02-09,4.24
ec462615-7df5-41a9-8580-34349e73c023,21A,ec462615-7df5-41a9-8580-34349e73c023-21A-D,D,DAP 1Kg/Are at planting+ Urea 1Kg/Are at V6,Urea 1kg/Are(V6),maize,Beans,2020-10-01,14,Well_decomposed,MV_505,38,100,0,2020-10-21,100,2020-11-06,100,,0,100,64,,2021-02-02,2021-02-09,4.58
de42c41b-8619-404e-9ff3-de4aca1fccc4,21A,de42c41b-8619-404e-9ff3-de4aca1fccc4-21A-A,A,DAP 1Kg/Are + Urea 0.5Kg/Are at V6,Urea 0.5Kg/Are(V6),maize,Beans,2020-10-01,11,Well_decomposed,MV_505,40,100,0,2020-11-02,89,2020-11-11,50,,0,50,41,2021-01-12,2021-02-02,2021-02-08,3.23
de42c41b-8619-404e-9ff3-de4aca1fccc4,21A,de42c41b-8619-404e-9ff3-de4aca1fccc4-21A-B,B,DAP 1Kg/Are + Urea 0.5Kg/Are at Planting and Urea 0.5Kg/Are at V6,Urea1kg/Are(Planting+V6),maize,Beans,2020-10-01,11,Well_decomposed,MV_505,40,100,50,2020-11-02,82,2020-11-11,50,,0,100,64,2021-01-12,2021-02-02,2021-02-08,4.65
de42c41b-8619-404e-9ff3-de4aca1fccc4,21A,de42c41b-8619-404e-9ff3-de4aca1fccc4-21A-C,C,DAP 1Kg/Are + Urea 0.5Kg/Are at V6 + Urea 0.5Kg/Are at V10,Urea 1kg/Are(V6 + V10),maize,Beans,2020-10-01,11,Well_decomposed,MV_505,40,100,0,2020-11-02,90,2020-11-11,50,2020-12-18,50,100,64,2021-01-12,2021-02-02,2021-02-08,4.66
de42c41b-8619-404e-9ff3-de4aca1fccc4,21A,de42c41b-8619-404e-9ff3-de4aca1fccc4-21A-D,D,DAP 1Kg/Are at planting+ Urea 1Kg/Are at V6,Urea 1kg/Are(V6),maize,Beans,2020-10-01,11,Well_decomposed,MV_505,38,100,0,2020-11-02,86,2020-11-11,100,,0,100,64,2021-01-12,2021-02-02,2021-02-08,3.43
759ea027-6c3d-43c9-b86a-da75364efaab,21A,759ea027-6c3d-43c9-b86a-da75364efaab-21A-A,A,DAP 1Kg/Are + Urea 0.5Kg/Are at V6,Urea 0.5Kg/Are(V6),maize,Beans,2020-10-01,12,Well_decomposed,MV_505,38,100,0,2020-10-21,95,2020-11-06,50,,0,50,41,2021-01-08,2021-02-02,2021-02-09,5.56
759ea027-6c3d-43c9-b86a-da75364efaab,21A,759ea027-6c3d-43c9-b86a-da75364efaab-21A-B,B,DAP 1Kg/Are + Urea 0.5Kg/Are at Planting and Urea 0.5Kg/Are at V6,Urea1kg/Are(Planting+V6),maize,Beans,2020-10-01,12,Well_decomposed,MV_505,40,100,50,2020-10-21,94,2020-11-06,50,,0,100,64,2021-01-08,2021-02-02,2021-02-09,5.88
759ea027-6c3d-43c9-b86a-da75364efaab,21A,759ea027-6c3d-43c9-b86a-da75364efaab-21A-C,C,DAP 1Kg/Are + Urea 0.5Kg/Are at V6 + Urea 0.5Kg/Are at V10,Urea 1kg/Are(V6 + V10),maize,Beans,2020-10-01,12,Well_decomposed,MV_505,38,100,0,2020-10-21,96,2020-11-06,50,2020-12-06,50,100,64,2021-01-08,2021-02-02,2021-02-09,6.75
759ea027-6c3d-43c9-b86a-da75364efaab,21A,759ea027-6c3d-43c9-b86a-da75364efaab-21A-D,D,DAP 1Kg/Are at planting+ Urea 1Kg/Are at V6,Urea 1kg/Are(V6),maize,Beans,2020-10-01,12,Well_decomposed,MV_505,38,100,0,2020-10-21,98,2020-11-06,100,,0,100,64,2021-01-08,2021-02-02,2021-02-09,6.68
36694e62-5f38-4788-921e-cd211004470c,21A,36694e62-5f38-4788-921e-cd211004470c-21A-A,A,DAP 1Kg/Are + Urea 0.5Kg/Are at V6,Urea 0.5Kg/Are(V6),maize,Beans,2020-09-30,16,Well_decomposed,MV_505,40,100,0,2020-10-21,94,2020-11-11,54,,0,54,43,2021-01-08,2021-02-08,2021-02-11,5.56
36694e62-5f38-4788-921e-cd211004470c,21A,36694e62-5f38-4788-921e-cd211004470c-21A-B,B,DAP 1Kg/Are + Urea 0.5Kg/Are at Planting and Urea 0.5Kg/Are at V6,Urea1kg/Are(Planting+V6),maize,Beans,2020-09-30,16,Well_decomposed,MV_505,40,100,50,2020-10-21,96,2020-11-11,50,,0,100,64,2021-01-08,2021-02-08,2021-02-11,5.7
36694e62-5f38-4788-921e-cd211004470c,21A,36694e62-5f38-4788-921e-cd211004470c-21A-C,C,DAP 1Kg/Are + Urea 0.5Kg/Are at V6 + Urea 0.5Kg/Are at V10,Urea 1kg/Are(V6 + V10),maize,Beans,2020-09-30,16,Well_decomposed,MV_505,38,100,0,2020-10-21,95,2020-11-11,50,2020-12-11,50,100,64,2021-01-08,2021-02-08,2021-02-11,8.87
36694e62-5f38-4788-921e-cd211004470c,21A,36694e62-5f38-4788-921e-cd211004470c-21A-D,D,DAP 1Kg/Are at planting+ Urea 1Kg/Are at V6,Urea 1kg/Are(V6),maize,Beans,2020-09-30,16,Well_decomposed,MV_505,40,100,0,2020-10-21,96,2020-11-11,100,,0,100,64,2021-01-08,2021-02-08,2021-02-11,6.29
6ca06abf-8a42-4408-8577-f94a47d38a16,21A,6ca06abf-8a42-4408-8577-f94a47d38a16-21A-A,A,DAP 1Kg/Are + Urea 0.5Kg/Are at V6,Urea 0.5Kg/Are(V6),maize,Beans maize,2020-10-01,10,average,MV_505,38,100,0,2020-10-21,92,2020-11-06,50,,0,50,41,2021-01-12,2021-02-05,2021-02-12,3.62
6ca06abf-8a42-4408-8577-f94a47d38a16,21A,6ca06abf-8a42-4408-8577-f94a47d38a16-21A-B,B,DAP 1Kg/Are + Urea 0.5Kg/Are at Planting and Urea 0.5Kg/Are at V6,Urea1kg/Are(Planting+V6),maize,Beans maize,2020-10-01,10,average,MV_505,40,100,50,2020-10-21,96,2020-11-06,50,,0,100,64,2021-01-12,2021-02-05,2021-02-12,4.09
6ca06abf-8a42-4408-8577-f94a47d38a16,21A,6ca06abf-8a42-4408-8577-f94a47d38a16-21A-C,C,DAP 1Kg/Are + Urea 0.5Kg/Are at V6 + Urea 0.5Kg/Are at V10,Urea 1kg/Are(V6 + V10),maize,Beans maize,2020-10-01,10,average,MV_505,40,100,0,2020-10-21,93,2020-11-06,50,2020-11-30,50,100,64,2021-01-12,2021-02-05,2021-02-12,5.4
6ca06abf-8a42-4408-8577-f94a47d38a16,21A,6ca06abf-8a42-4408-8577-f94a47d38a16-21A-D,D,DAP 1Kg/Are at planting+ Urea 1Kg/Are at V6,Urea 1kg/Are(V6),maize,Beans,2020-10-01,10,average,MV_505,40,100,0,2020-10-21,97,2020-11-06,100,,0,100,64,2021-01-12,2021-02-05,2021-02-12,4.94
1b08825b-c3c3-4835-bb03-4a6f4a68d651,21A,1b08825b-c3c3-4835-bb03-4a6f4a68d651-21A-A,A,DAP 1Kg/Are + Urea 0.5Kg/Are at V6,Urea 0.5Kg/Are(V6),maize,sweet_potato,2020-10-03,12,Well_decomposed,MV_505,42,100,0,2020-10-21,91,2020-11-13,50,,0,50,41,2021-01-12,2021-02-08,2021-02-08,2.69
1b08825b-c3c3-4835-bb03-4a6f4a68d651,21A,1b08825b-c3c3-4835-bb03-4a6f4a68d651-21A-B,B,DAP 1Kg/Are + Urea 0.5Kg/Are at Planting and Urea 0.5Kg/Are at V6,Urea1kg/Are(Planting+V6),maize,sweet_potato,2020-10-03,12,Well_decomposed,MV_505,40,100,50,2020-10-21,90,2020-11-13,50,,0,100,64,2021-01-12,2021-02-08,2021-02-08,4.99
1b08825b-c3c3-4835-bb03-4a6f4a68d651,21A,1b08825b-c3c3-4835-bb03-4a6f4a68d651-21A-C,C,DAP 1Kg/Are + Urea 0.5Kg/Are at V6 + Urea 0.5Kg/Are at V10,Urea 1kg/Are(V6 + V10),maize,sweet_potato,2020-10-03,12,Well_decomposed,MV_505,40,100,0,2020-10-21,91,2020-11-13,50,2020-11-30,50,100,64,2021-01-12,2021-02-08,2021-02-08,4.82
1b08825b-c3c3-4835-bb03-4a6f4a68d651,21A,1b08825b-c3c3-4835-bb03-4a6f4a68d651-21A-D,D,DAP 1Kg/Are at planting+ Urea 1Kg/Are at V6,Urea 1kg/Are(V6),maize,sweet_potato,2020-10-03,12,Well_decomposed,MV_505,42,100,0,2020-10-21,95,2020-11-13,100,,0,100,64,2021-01-12,2021-02-08,2021-02-08,4.58
0b65ea54-78b2-41f8-86e1-787f2cf9d957,21A,0b65ea54-78b2-41f8-86e1-787f2cf9d957-21A-A,A,DAP 1Kg/Are + Urea 0.5Kg/Are at V6,Urea 0.5Kg/Are(V6),maize,Beans maize,2020-10-03,10,Well_decomposed,MV_505,38,100,0,2020-11-06,75,2020-11-11,50,,0,50,41,2021-01-12,2021-02-11,2021-02-16,5.02
0b65ea54-78b2-41f8-86e1-787f2cf9d957,21A,0b65ea54-78b2-41f8-86e1-787f2cf9d957-21A-B,B,DAP 1Kg/Are + Urea 0.5Kg/Are at Planting and Urea 0.5Kg/Are at V6,Urea1kg/Are(Planting+V6),maize,Beans maize,2020-10-05,10,Well_decomposed,MV_505,37,100,50,2020-11-06,80,2020-11-11,50,,0,100,64,2021-01-12,2021-02-11,2021-02-16,3.2
0b65ea54-78b2-41f8-86e1-787f2cf9d957,21A,0b65ea54-78b2-41f8-86e1-787f2cf9d957-21A-C,C,DAP 1Kg/Are + Urea 0.5Kg/Are at V6 + Urea 0.5Kg/Are at V10,Urea 1kg/Are(V6 + V10),maize,Beans maize,2020-10-03,10,Well_decomposed,MV_505,40,100,0,2020-11-06,74,2020-11-11,50,2020-12-14,50,100,64,2021-01-12,2021-02-11,2021-02-16,5.01
0b65ea54-78b2-41f8-86e1-787f2cf9d957,21A,0b65ea54-78b2-41f8-86e1-787f2cf9d957-21A-D,D,DAP 1Kg/Are at planting+ Urea 1Kg/Are at V6,Urea 1kg/Are(V6),maize,Beans maize,2020-10-03,10,Well_decomposed,MV_505,38,100,0,2020-11-06,72,2020-11-11,100,,0,100,64,2021-01-12,2021-02-11,2021-02-16,4.58
652c25f40dfb425a9d762d54d7102a7a,22A,652c25f40dfb425a9d762d54d7102a7a-22A-A,A,DAP 1Kg/Are + Urea 0.5Kg/Are at V6,Urea 0.5Kg/Are(V6),Maize,,2021-08-27,8,Well_decomposed,MV_605,36,100,0,2021-09-22,81,2021-10-19,50,,0,50,41,2021-11-30,2022-01-05,2022-02-16,2.83
652c25f40dfb425a9d762d54d7102a7a,22A,652c25f40dfb425a9d762d54d7102a7a-22A-B,B,DAP 1Kg/Are + Urea 0.5Kg/Are at Planting and Urea 0.5Kg/Are at V6,Urea1kg/Are(Planting+V6),Maize,,2021-08-27,8,Well_decomposed,MV_605,32,100,50,2021-09-22,88,2021-10-19,50,,0,100,64,2021-11-30,2022-01-05,2022-02-16,5.31
652c25f40dfb425a9d762d54d7102a7a,22A,652c25f40dfb425a9d762d54d7102a7a-22A-C,C,DAP 1Kg/Are + Urea 0.5Kg/Are at V6 + Urea 0.5Kg/Are at V10,Urea 1kg/Are(V6 + V10),Maize,,2021-08-27,8,Well_decomposed,MV_605,35,100,0,2021-09-22,95,2021-10-19,50,,50,100,64,2021-11-30,2022-01-05,2022-02-16,4.65
652c25f40dfb425a9d762d54d7102a7a,22A,652c25f40dfb425a9d762d54d7102a7a-22A-D,D,DAP 1Kg/Are at planting+ Urea 1Kg/Are at V6,Urea 1kg/Are(V6),Maize,,2021-08-27,8,Well_decomposed,MV_605,36,100,0,2021-09-22,90,2021-10-19,100,,0,100,64,2021-11-30,2022-01-05,2022-02-16,3.48
b1154edfd19546ca922356c41a141107,22A,b1154edfd19546ca922356c41a141107-22A-A,A,DAP 1Kg/Are + Urea 0.5Kg/Are at V6,Urea 0.5Kg/Are(V6),Maize,,2021-09-04,14,average,MV_605,35,100,0,2021-09-28,84,2021-10-20,50,,0,50,41,2021-12-10,2022-01-12,2022-02-14,4.11
b1154edfd19546ca922356c41a141107,22A,b1154edfd19546ca922356c41a141107-22A-B,B,DAP 1Kg/Are + Urea 0.5Kg/Are at Planting and Urea 0.5Kg/Are at V6,Urea1kg/Are(Planting+V6),Maize,,2021-09-04,14,average,MV_605,33,100,50,2021-09-28,69,2021-10-20,50,,0,100,64,2021-12-10,2022-01-12,2022-02-14,3.13
b1154edfd19546ca922356c41a141107,22A,b1154edfd19546ca922356c41a141107-22A-C,C,DAP 1Kg/Are + Urea 0.5Kg/Are at V6 + Urea 0.5Kg/Are at V10,Urea 1kg/Are(V6 + V10),Maize,,2021-09-04,14,average,MV_605,34,100,0,2021-09-28,73,2021-10-20,50,,50,100,64,2021-12-10,2022-01-12,2022-02-14,3.49
b1154edfd19546ca922356c41a141107,22A,b1154edfd19546ca922356c41a141107-22A-D,D,DAP 1Kg/Are at planting+ Urea 1Kg/Are at V6,Urea 1kg/Are(V6),Maize,,2021-09-04,14,average,MV_605,36,100,0,2021-09-28,76,2021-10-20,100,,0,100,64,2021-12-10,2022-01-12,2022-02-14,5.09
6c25d23518f2419d80bc9dda0c649961,22A,6c25d23518f2419d80bc9dda0c649961-22A-A,A,DAP 1Kg/Are + Urea 0.5Kg/Are at V6,Urea 0.5Kg/Are(V6),Maize,,2021-09-04,7,average,MV_605,35,100,0,2021-09-30,83,2021-10-22,50,,0,50,41,2021-12-14,2022-01-12,2022-02-17,3.99
6c25d23518f2419d80bc9dda0c649961,22A,6c25d23518f2419d80bc9dda0c649961-22A-B,B,DAP 1Kg/Are + Urea 0.5Kg/Are at Planting and Urea 0.5Kg/Are at V6,Urea1kg/Are(Planting+V6),Maize,,2021-09-04,7,average,MV_605,33,100,50,2021-09-30,62,2021-10-22,50,,0,100,64,2021-12-14,2022-01-12,2022-02-17,0.87
6c25d23518f2419d80bc9dda0c649961,22A,6c25d23518f2419d80bc9dda0c649961-22A-C,C,DAP 1Kg/Are + Urea 0.5Kg/Are at V6 + Urea 0.5Kg/Are at V10,Urea 1kg/Are(V6 + V10),Maize,,2021-09-04,7,average,MV_605,34,100,0,2021-09-30,67,2021-10-22,50,,50,100,64,2021-12-14,2022-01-12,2022-02-17,3.3
6c25d23518f2419d80bc9dda0c649961,22A,6c25d23518f2419d80bc9dda0c649961-22A-D,D,DAP 1Kg/Are at planting+ Urea 1Kg/Are at V6,Urea 1kg/Are(V6),Maize,,2021-09-04,7,average,MV_605,36,100,0,2021-09-30,71,2021-10-22,100,,0,100,64,2021-12-14,2022-01-12,2022-02-17,3.72
77fdba74ab084fdcb1fa983f60c95b59,22A,77fdba74ab084fdcb1fa983f60c95b59-22A-A,A,DAP 1Kg/Are + Urea 0.5Kg/Are at V6,Urea 0.5Kg/Are(V6),Maize,,2021-09-03,7,average,MV_605,37,100,0,2021-09-29,84,2021-10-20,50,,0,50,41,2021-12-10,2022-01-11,2022-02-15,4.48
77fdba74ab084fdcb1fa983f60c95b59,22A,77fdba74ab084fdcb1fa983f60c95b59-22A-B,B,DAP 1Kg/Are + Urea 0.5Kg/Are at Planting and Urea 0.5Kg/Are at V6,Urea1kg/Are(Planting+V6),Maize,,2021-09-03,7,average,MV_605,33,100,50,2021-09-29,77,2021-10-20,50,,0,100,64,2021-12-10,2022-01-11,2022-02-15,4.68
77fdba74ab084fdcb1fa983f60c95b59,22A,77fdba74ab084fdcb1fa983f60c95b59-22A-C,C,DAP 1Kg/Are + Urea 0.5Kg/Are at V6 + Urea 0.5Kg/Are at V10,Urea 1kg/Are(V6 + V10),Maize,,2021-09-03,7,average,MV_605,33,100,0,2021-09-29,83,2021-10-20,50,,50,100,64,2021-12-10,2022-01-11,2022-02-15,4.85
77fdba74ab084fdcb1fa983f60c95b59,22A,77fdba74ab084fdcb1fa983f60c95b59-22A-D,D,DAP 1Kg/Are at planting+ Urea 1Kg/Are at V6,Urea 1kg/Are(V6),Maize,,2021-09-03,7,average,MV_605,34,100,0,2021-09-29,91,2021-10-20,100,,0,100,64,2021-12-10,2022-01-11,2022-02-15,5.2
48d1a1ea678442af970e9244523a4c76,22A,48d1a1ea678442af970e9244523a4c76-22A-A,A,DAP 1Kg/Are + Urea 0.5Kg/Are at V6,Urea 0.5Kg/Are(V6),Maize,,2021-09-02,6,average,MV_605,32,100,0,2021-09-29,71,2021-10-21,50,,0,50,41,2021-12-08,2022-01-12,2022-02-24,5.59
48d1a1ea678442af970e9244523a4c76,22A,48d1a1ea678442af970e9244523a4c76-22A-B,B,DAP 1Kg/Are + Urea 0.5Kg/Are at Planting and Urea 0.5Kg/Are at V6,Urea1kg/Are(Planting+V6),Maize,,2021-09-02,6,average,MV_605,32,100,50,2021-09-29,67,2021-10-21,50,,0,100,64,2021-12-08,2022-01-12,2022-02-24,4.25
48d1a1ea678442af970e9244523a4c76,22A,48d1a1ea678442af970e9244523a4c76-22A-C,C,DAP 1Kg/Are + Urea 0.5Kg/Are at V6 + Urea 0.5Kg/Are at V10,Urea 1kg/Are(V6 + V10),Maize,,2021-09-02,6,average,MV_605,32,100,0,2021-09-29,76,2021-10-21,50,,50,100,64,2021-12-08,2022-01-12,2022-02-24,4.62
48d1a1ea678442af970e9244523a4c76,22A,48d1a1ea678442af970e9244523a4c76-22A-D,D,DAP 1Kg/Are at planting+ Urea 1Kg/Are at V6,Urea 1kg/Are(V6),Maize,,2021-09-02,6,average,MV_605,32,100,0,2021-09-29,75,2021-10-21,100,,0,100,64,2021-12-08,2022-01-12,2022-02-24,4.98
c27de95a4f4944709b07d0654589df30,22A,c27de95a4f4944709b07d0654589df30-22A-A,A,DAP 1Kg/Are + Urea 0.5Kg/Are at V6,Urea 0.5Kg/Are(V6),Maize,,2021-09-03,6,average,MV_605,32,100,0,2021-09-30,60,2021-11-03,50,,0,50,41,2021-12-17,2022-01-21,2022-02-15,4.15
c27de95a4f4944709b07d0654589df30,22A,c27de95a4f4944709b07d0654589df30-22A-B,B,DAP 1Kg/Are + Urea 0.5Kg/Are at Planting and Urea 0.5Kg/Are at V6,Urea1kg/Are(Planting+V6),Maize,,2021-09-03,6,average,MV_605,31,100,50,2021-09-30,54,2021-11-03,50,,0,100,64,2021-12-17,2022-01-21,2022-02-15,1.38
c27de95a4f4944709b07d0654589df30,22A,c27de95a4f4944709b07d0654589df30-22A-C,C,DAP 1Kg/Are + Urea 0.5Kg/Are at V6 + Urea 0.5Kg/Are at V10,Urea 1kg/Are(V6 + V10),Maize,,2021-09-03,6,average,MV_605,33,100,0,2021-09-30,61,2021-11-03,50,,50,100,64,2021-12-17,2022-01-21,2022-02-15,3.8
c27de95a4f4944709b07d0654589df30,22A,c27de95a4f4944709b07d0654589df30-22A-D,D,DAP 1Kg/Are at planting+ Urea 1Kg/Are at V6,Urea 1kg/Are(V6),Maize,,2021-09-03,6,average,MV_605,36,100,0,2021-09-30,74,2021-11-03,100,,0,100,64,2021-12-17,2022-01-21,2022-02-15,6.26
752565d6ec9f4627b043564b4690bd44,22A,752565d6ec9f4627b043564b4690bd44-22A-A,A,DAP 1Kg/Are + Urea 0.5Kg/Are at V6,Urea 0.5Kg/Are(V6),Maize,,2021-09-25,10,Well_decomposed,MV_507,40,100,0,2021-11-12,94,2021-11-19,50,,0,50,41,2021-12-21,2022-01-18,2022-03-07,3.71
752565d6ec9f4627b043564b4690bd44,22A,752565d6ec9f4627b043564b4690bd44-22A-B,B,DAP 1Kg/Are + Urea 0.5Kg/Are at Planting and Urea 0.5Kg/Are at V6,Urea1kg/Are(Planting+V6),Maize,,2021-09-25,10,Well_decomposed,MV_507,40,100,50,2021-11-12,95,2021-11-19,50,,0,100,64,2021-12-21,2022-01-18,2022-03-07,3.26
752565d6ec9f4627b043564b4690bd44,22A,752565d6ec9f4627b043564b4690bd44-22A-C,C,DAP 1Kg/Are + Urea 0.5Kg/Are at V6 + Urea 0.5Kg/Are at V10,Urea 1kg/Are(V6 + V10),Maize,,2021-09-25,10,Well_decomposed,MV_507,40,100,0,2021-11-12,95,2021-11-19,50,,50,100,64,2021-12-21,2022-01-18,2022-03-07,4.02
752565d6ec9f4627b043564b4690bd44,22A,752565d6ec9f4627b043564b4690bd44-22A-D,D,DAP 1Kg/Are at planting+ Urea 1Kg/Are at V6,Urea 1kg/Are(V6),Maize,,2021-09-25,10,Well_decomposed,MV_507,40,100,0,2021-11-12,98,2021-11-19,100,,0,100,64,2021-12-21,2022-01-18,2022-03-07,5.37
8c0d0ed38172411c88b9ddaa7a6cc5f0,22A,8c0d0ed38172411c88b9ddaa7a6cc5f0-22A-A,A,DAP 1Kg/Are + Urea 0.5Kg/Are at V6,Urea 0.5Kg/Are(V6),Maize,,2021-09-18,13,Well_decomposed,MV_507,38,104,0,2021-10-19,99,2021-10-29,52,,0,52,43,2021-12-10,2022-01-12,2022-02-04,4.51
8c0d0ed38172411c88b9ddaa7a6cc5f0,22A,8c0d0ed38172411c88b9ddaa7a6cc5f0-22A-B,B,DAP 1Kg/Are + Urea 0.5Kg/Are at Planting and Urea 0.5Kg/Are at V6,Urea1kg/Are(Planting+V6),Maize,,2021-09-18,12,Well_decomposed,MV_507,38,104,52,2021-10-19,95,2021-10-29,52,,0,104,66,2021-12-10,2022-01-12,2022-02-04,5.91
8c0d0ed38172411c88b9ddaa7a6cc5f0,22A,8c0d0ed38172411c88b9ddaa7a6cc5f0-22A-C,C,DAP 1Kg/Are + Urea 0.5Kg/Are at V6 + Urea 0.5Kg/Are at V10,Urea 1kg/Are(V6 + V10),Maize,,2021-09-18,13,Well_decomposed,MV_507,38,104,0,2021-10-19,97,2021-10-29,52,,52,104,67,2021-12-10,2022-01-12,2022-02-04,5.02
8c0d0ed38172411c88b9ddaa7a6cc5f0,22A,8c0d0ed38172411c88b9ddaa7a6cc5f0-22A-D,D,DAP 1Kg/Are at planting+ Urea 1Kg/Are at V6,Urea 1kg/Are(V6),Maize,,2021-09-18,13,Well_decomposed,MV_507,38,104,0,2021-10-19,100,2021-10-29,104,,0,104,67,2021-12-10,2022-01-12,2022-02-04,6.86
9cc4fb925e2a4c578f7124e1978dc2eb,22A,9cc4fb925e2a4c578f7124e1978dc2eb-22A-A,A,DAP 1Kg/Are + Urea 0.5Kg/Are at V6,Urea 0.5Kg/Are(V6),Maize,,2021-09-21,12,Well_decomposed,MV_507,41,103,0,2021-10-15,100,2021-11-05,52,,0,52,42,2021-12-16,2022-01-14,2022-02-14,5.2
9cc4fb925e2a4c578f7124e1978dc2eb,22A,9cc4fb925e2a4c578f7124e1978dc2eb-22A-B,B,DAP 1Kg/Are + Urea 0.5Kg/Are at Planting and Urea 0.5Kg/Are at V6,Urea1kg/Are(Planting+V6),Maize,,2021-09-21,12,Well_decomposed,MV_507,41,103,52,2021-10-15,100,2021-11-05,52,,0,103,66,2021-12-16,2022-01-14,2022-02-14,5.6
9cc4fb925e2a4c578f7124e1978dc2eb,22A,9cc4fb925e2a4c578f7124e1978dc2eb-22A-C,C,DAP 1Kg/Are + Urea 0.5Kg/Are at V6 + Urea 0.5Kg/Are at V10,Urea 1kg/Are(V6 + V10),Maize,,2021-09-21,12,Well_decomposed,MV_507,41,103,0,2021-10-15,100,2021-11-05,52,,52,103,66,2021-12-16,2022-01-14,2022-02-14,7.33
9cc4fb925e2a4c578f7124e1978dc2eb,22A,9cc4fb925e2a4c578f7124e1978dc2eb-22A-D,D,DAP 1Kg/Are at planting+ Urea 1Kg/Are at V6,Urea 1kg/Are(V6),Maize,,2021-09-21,12,Well_decomposed,MV_507,41,103,0,2021-10-15,98,2021-11-05,103,,0,103,66,2021-12-16,2022-01-14,2022-02-14,6.52
3f0f7adbc71c4d7986d81e04fcc27d38,22A,3f0f7adbc71c4d7986d81e04fcc27d38-22A-A,A,DAP 1Kg/Are + Urea 0.5Kg/Are at V6,Urea 0.5Kg/Are(V6),Maize,,2021-09-20,11,average,MV_507,42,104,0,2021-10-15,100,2021-11-05,52,,0,52,43,2021-12-16,2022-01-13,2022-02-14,2.69
3f0f7adbc71c4d7986d81e04fcc27d38,22A,3f0f7adbc71c4d7986d81e04fcc27d38-22A-B,B,DAP 1Kg/Are + Urea 0.5Kg/Are at Planting and Urea 0.5Kg/Are at V6,Urea1kg/Are(Planting+V6),Maize,,2021-09-20,11,average,MV_507,42,104,52,2021-10-15,100,2021-11-05,52,,0,104,67,2021-12-16,2022-01-13,2022-02-14,3.96
3f0f7adbc71c4d7986d81e04fcc27d38,22A,3f0f7adbc71c4d7986d81e04fcc27d38-22A-C,C,DAP 1Kg/Are + Urea 0.5Kg/Are at V6 + Urea 0.5Kg/Are at V10,Urea 1kg/Are(V6 + V10),Maize,,2021-09-20,11,average,MV_507,42,104,0,2021-10-15,99,2021-11-05,52,,52,104,67,2021-12-16,2022-01-13,2022-02-14,3.12
3f0f7adbc71c4d7986d81e04fcc27d38,22A,3f0f7adbc71c4d7986d81e04fcc27d38-22A-D,D,DAP 1Kg/Are at planting+ Urea 1Kg/Are at V6,Urea 1kg/Are(V6),Maize,,2021-09-20,11,average,MV_507,42,104,0,2021-10-15,97,2021-11-05,104,,0,104,67,2021-12-16,2022-01-13,2022-02-14,5.73
06c673c38ac84ddbac4dfe411914f5cc,22A,06c673c38ac84ddbac4dfe411914f5cc-22A-A,A,DAP 1Kg/Are + Urea 0.5Kg/Are at V6,Urea 0.5Kg/Are(V6),Maize,,2021-09-30,10,average,MV_507,41,102,0,2021-11-02,100,2021-11-15,51,,0,51,42,2021-12-21,2022-01-18,2022-02-04,3.53
06c673c38ac84ddbac4dfe411914f5cc,22A,06c673c38ac84ddbac4dfe411914f5cc-22A-B,B,DAP 1Kg/Are + Urea 0.5Kg/Are at Planting and Urea 0.5Kg/Are at V6,Urea1kg/Are(Planting+V6),Maize,,2021-09-30,10,average,MV_507,41,102,51,2021-11-02,98,2021-11-15,51,,0,102,65,2021-12-21,2022-01-18,2022-02-04,3.68
06c673c38ac84ddbac4dfe411914f5cc,22A,06c673c38ac84ddbac4dfe411914f5cc-22A-C,C,DAP 1Kg/Are + Urea 0.5Kg/Are at V6 + Urea 0.5Kg/Are at V10,Urea 1kg/Are(V6 + V10),Maize,,2021-09-30,10,average,MV_507,39,102,0,2021-11-02,99,2021-11-15,51,,51,102,65,2021-12-21,2022-01-18,2022-02-04,3.08
06c673c38ac84ddbac4dfe411914f5cc,22A,06c673c38ac84ddbac4dfe411914f5cc-22A-D,D,DAP 1Kg/Are at planting+ Urea 1Kg/Are at V6,Urea 1kg/Are(V6),Maize,,2021-09-30,10,Well_decomposed,MV_507,40,102,0,2021-11-02,98,2021-11-15,102,,0,102,65,2021-12-21,2022-01-18,2022-02-04,1.96
36843bef8c644a03a9a458af1094980f,22A,36843bef8c644a03a9a458af1094980f-22A-A,A,DAP 1Kg/Are + Urea 0.5Kg/Are at V6,Urea 0.5Kg/Are(V6),Maize,,2021-10-01,13,Well_decomposed,MV_507,42,105,0,2021-10-29,98,2021-11-05,53,,0,53,43,2021-12-16,2022-01-21,2022-02-15,3.88
36843bef8c644a03a9a458af1094980f,22A,36843bef8c644a03a9a458af1094980f-22A-B,B,DAP 1Kg/Are + Urea 0.5Kg/Are at Planting and Urea 0.5Kg/Are at V6,Urea1kg/Are(Planting+V6),Maize,,2021-10-01,13,Well_decomposed,MV_507,41,105,53,2021-10-29,95,2021-11-05,53,,0,105,67,2021-12-16,2022-01-21,2022-02-15,3.57
36843bef8c644a03a9a458af1094980f,22A,36843bef8c644a03a9a458af1094980f-22A-C,C,DAP 1Kg/Are + Urea 0.5Kg/Are at V6 + Urea 0.5Kg/Are at V10,Urea 1kg/Are(V6 + V10),Maize,,2021-10-01,13,Well_decomposed,MV_507,41,105,0,2021-10-29,99,2021-11-05,53,,53,105,67,2021-12-16,2022-01-21,2022-02-15,5.47
36843bef8c644a03a9a458af1094980f,22A,36843bef8c644a03a9a458af1094980f-22A-D,D,DAP 1Kg/Are at planting+ Urea 1Kg/Are at V6,Urea 1kg/Are(V6),Maize,,2021-10-01,13,Well_decomposed,MV_507,42,105,0,2021-10-29,100,2021-11-05,105,,0,105,67,2021-12-16,2022-01-21,2022-02-15,5.33
fdf3f147a06a488aafa39286edf36644,22A,fdf3f147a06a488aafa39286edf36644-22A-A,A,DAP 1Kg/Are + Urea 0.5Kg/Are at V6,Urea 0.5Kg/Are(V6),Maize,,2021-09-21,13,Well_decomposed,MV_507,43,107,0,2021-10-11,100,2021-10-29,53,,0,53,44,2021-12-16,2022-01-14,2022-02-07,4.01
fdf3f147a06a488aafa39286edf36644,22A,fdf3f147a06a488aafa39286edf36644-22A-B,B,DAP 1Kg/Are + Urea 0.5Kg/Are at Planting and Urea 0.5Kg/Are at V6,Urea1kg/Are(Planting+V6),Maize,,2021-09-21,13,Well_decomposed,MV_507,43,107,53,2021-10-11,100,2021-10-29,53,,0,107,68,2021-12-16,2022-01-14,2022-02-07,4.71
fdf3f147a06a488aafa39286edf36644,22A,fdf3f147a06a488aafa39286edf36644-22A-C,C,DAP 1Kg/Are + Urea 0.5Kg/Are at V6 + Urea 0.5Kg/Are at V10,Urea 1kg/Are(V6 + V10),Maize,,2021-09-21,13,Well_decomposed,MV_507,43,107,0,2021-10-11,97,2021-10-29,53,,53,107,68,2021-12-16,2022-01-14,2022-02-07,3.94
fdf3f147a06a488aafa39286edf36644,22A,fdf3f147a06a488aafa39286edf36644-22A-D,D,DAP 1Kg/Are at planting+ Urea 1Kg/Are at V6,Urea 1kg/Are(V6),Maize,,2021-09-21,13,Well_decomposed,MV_507,43,107,0,2021-10-11,100,2021-10-29,107,,0,107,68,2021-12-16,2022-01-14,2022-02-07,4.66
dc3d93d13cb341359959390fe39d430c,22A,dc3d93d13cb341359959390fe39d430c-22A-A,A,DAP 1Kg/Are + Urea 0.5Kg/Are at V6,Urea 0.5Kg/Are(V6),Maize,,2021-09-22,15,Well_decomposed,MV_507,42,104,0,2021-10-19,98,2021-10-29,52,,0,52,43,2021-12-10,2022-01-14,2022-02-07,3.46
dc3d93d13cb341359959390fe39d430c,22A,dc3d93d13cb341359959390fe39d430c-22A-B,B,DAP 1Kg/Are + Urea 0.5Kg/Are at Planting and Urea 0.5Kg/Are at V6,Urea1kg/Are(Planting+V6),Maize,,2021-09-22,14,Well_decomposed,MV_507,41,102,51,2021-10-19,100,2021-10-29,51,,0,102,65,2021-12-10,2022-01-14,2022-02-07,3.67
dc3d93d13cb341359959390fe39d430c,22A,dc3d93d13cb341359959390fe39d430c-22A-C,C,DAP 1Kg/Are + Urea 0.5Kg/Are at V6 + Urea 0.5Kg/Are at V10,Urea 1kg/Are(V6 + V10),Maize,,2021-09-22,14,Well_decomposed,MV_507,41,102,0,2021-10-19,100,2021-10-29,51,,51,102,65,2021-12-10,2022-01-14,2022-02-07,4.1
dc3d93d13cb341359959390fe39d430c,22A,dc3d93d13cb341359959390fe39d430c-22A-D,D,DAP 1Kg/Are at planting+ Urea 1Kg/Are at V6,Urea 1kg/Are(V6),Maize,,2021-09-22,14,Well_decomposed,MV_507,41,102,0,2021-10-19,100,2021-10-29,102,,0,102,65,2021-12-10,2022-01-14,2022-02-07,2.44
c3bfeedea8544484952bcb5c16a41635,22A,c3bfeedea8544484952bcb5c16a41635-22A-A,A,DAP 1Kg/Are + Urea 0.5Kg/Are at V6,Urea 0.5Kg/Are(V6),Maize,,2021-09-22,13,average,MV_507,42,106,0,2021-10-28,99,2021-10-29,53,,0,53,43,2021-12-10,2022-01-13,2022-01-31,5.39
c3bfeedea8544484952bcb5c16a41635,22A,c3bfeedea8544484952bcb5c16a41635-22A-B,B,DAP 1Kg/Are + Urea 0.5Kg/Are at Planting and Urea 0.5Kg/Are at V6,Urea1kg/Are(Planting+V6),Maize,,2021-09-22,13,average,MV_507,41,106,53,2021-10-28,100,2021-10-29,53,,0,106,68,2021-12-10,2022-01-13,2022-01-31,5.34
c3bfeedea8544484952bcb5c16a41635,22A,c3bfeedea8544484952bcb5c16a41635-22A-C,C,DAP 1Kg/Are + Urea 0.5Kg/Are at V6 + Urea 0.5Kg/Are at V10,Urea 1kg/Are(V6 + V10),Maize,,2021-09-22,13,average,MV_507,42,104,0,2021-10-28,100,2021-10-29,52,,52,104,67,2021-12-10,2022-01-13,2022-01-31,6.33
c3bfeedea8544484952bcb5c16a41635,22A,c3bfeedea8544484952bcb5c16a41635-22A-D,D,DAP 1Kg/Are at planting+ Urea 1Kg/Are at V6,Urea 1kg/Are(V6),Maize,,2021-09-22,13,average,MV_507,42,106,0,2021-10-28,100,2021-10-29,106,,0,106,68,2021-12-10,2022-01-13,2022-01-31,6.7
e0ee0f112654476788e17bddf0c635e4,22A,e0ee0f112654476788e17bddf0c635e4-22A-A,A,DAP 1Kg/Are + Urea 0.5Kg/Are at V6,Urea 0.5Kg/Are(V6),Maize,,2021-09-08,21,Well_decomposed,MV_507,45,109,0,2021-10-08,99,2021-10-19,55,,0,55,45,2021-12-06,2022-01-06,2022-01-27,4.69
e0ee0f112654476788e17bddf0c635e4,22A,e0ee0f112654476788e17bddf0c635e4-22A-B,B,DAP 1Kg/Are + Urea 0.5Kg/Are at Planting and Urea 0.5Kg/Are at V6,Urea1kg/Are(Planting+V6),Maize,,2021-09-08,21,Well_decomposed,MV_507,44,110,56,2021-10-08,100,2021-10-19,56,,0,112,71,2021-12-06,2022-01-06,2022-01-27,5.66
e0ee0f112654476788e17bddf0c635e4,22A,e0ee0f112654476788e17bddf0c635e4-22A-C,C,DAP 1Kg/Are + Urea 0.5Kg/Are at V6 + Urea 0.5Kg/Are at V10,Urea 1kg/Are(V6 + V10),Maize,,2021-09-08,21,Well_decomposed,MV_507,45,110,0,2021-10-08,98,2021-10-19,56,,56,112,71,2021-12-06,2022-01-06,2022-01-27,6.43
e0ee0f112654476788e17bddf0c635e4,22A,e0ee0f112654476788e17bddf0c635e4-22A-D,D,DAP 1Kg/Are at planting+ Urea 1Kg/Are at V6,Urea 1kg/Are(V6),Maize,,2021-09-08,22,Well_decomposed,MV_507,46,112,0,2021-10-08,100,2021-10-19,114,,0,114,73,2021-12-06,2022-01-06,2022-01-27,6.05
21c9fd926afd41cd9d1d55109e70bdd1,22A,21c9fd926afd41cd9d1d55109e70bdd1-22A-A,A,DAP 1Kg/Are + Urea 0.5Kg/Are at V6,Urea 0.5Kg/Are(V6),Maize,,2021-10-07,8,Well_decomposed,MV_507,40,100,0,2021-11-05,95,2021-11-19,50,,0,50,41,2021-12-20,2022-01-31,2022-02-18,1.87
21c9fd926afd41cd9d1d55109e70bdd1,22A,21c9fd926afd41cd9d1d55109e70bdd1-22A-B,B,DAP 1Kg/Are + Urea 0.5Kg/Are at Planting and Urea 0.5Kg/Are at V6,Urea1kg/Are(Planting+V6),Maize,,2021-10-07,8,Well_decomposed,MV_507,40,100,50,2021-11-05,98,2021-11-19,50,,0,100,64,2021-12-20,2022-01-31,2022-02-18,2.54
21c9fd926afd41cd9d1d55109e70bdd1,22A,21c9fd926afd41cd9d1d55109e70bdd1-22A-C,C,DAP 1Kg/Are + Urea 0.5Kg/Are at V6 + Urea 0.5Kg/Are at V10,Urea 1kg/Are(V6 + V10),Maize,,2021-10-07,8,Well_decomposed,MV_507,40,100,0,2021-11-05,100,2021-11-19,50,,50,100,64,2021-12-20,2021-11-30,2022-02-18,2.87
21c9fd926afd41cd9d1d55109e70bdd1,22A,21c9fd926afd41cd9d1d55109e70bdd1-22A-D,D,DAP 1Kg/Are at planting+ Urea 1Kg/Are at V6,Urea 1kg/Are(V6),Maize,,2021-10-07,8,Well_decomposed,MV_507,40,100,0,2021-11-05,100,2021-11-19,100,,0,100,64,2021-12-20,2022-01-31,2022-02-18,3.18
299ad95769dd4d0297a7c5bd560c2505,22A,299ad95769dd4d0297a7c5bd560c2505-22A-A,A,DAP 1Kg/Are + Urea 0.5Kg/Are at V6,Urea 0.5Kg/Are(V6),Maize,,2021-09-21,14,Well_decomposed,MV_507,36,100,0,2021-10-29,99,2021-11-02,50,,0,50,41,2021-12-21,2022-01-14,2022-03-05,2.71
299ad95769dd4d0297a7c5bd560c2505,22A,299ad95769dd4d0297a7c5bd560c2505-22A-B,B,DAP 1Kg/Are + Urea 0.5Kg/Are at Planting and Urea 0.5Kg/Are at V6,Urea1kg/Are(Planting+V6),Maize,,2021-09-21,12,Well_decomposed,MV_507,36,100,50,2021-10-29,95,2021-11-02,50,,0,100,64,2021-12-21,2022-01-14,2022-03-05,2.88
299ad95769dd4d0297a7c5bd560c2505,22A,299ad95769dd4d0297a7c5bd560c2505-22A-C,C,DAP 1Kg/Are + Urea 0.5Kg/Are at V6 + Urea 0.5Kg/Are at V10,Urea 1kg/Are(V6 + V10),Maize,,2021-09-21,14,Well_decomposed,MV_507,36,100,0,2021-10-29,97,2021-11-02,50,,50,100,64,2021-12-21,2022-01-14,2022-03-05,3.87
299ad95769dd4d0297a7c5bd560c2505,22A,299ad95769dd4d0297a7c5bd560c2505-22A-D,D,DAP 1Kg/Are at planting+ Urea 1Kg/Are at V6,Urea 1kg/Are(V6),Maize,,2021-09-21,14,Well_decomposed,MV_507,36,100,0,2021-10-29,96,2021-11-02,100,,0,100,64,2021-12-21,2022-01-14,2022-03-05,4.2
8d819a079c15403bbfc6417a5fb662de,22A,8d819a079c15403bbfc6417a5fb662de-22A-A,A,DAP 1Kg/Are + Urea 0.5Kg/Are at V6,Urea 0.5Kg/Are(V6),Maize,,2021-09-27,15,Well_decomposed,MV_507,42,104,0,2021-10-28,95,2021-11-02,52,,0,52,43,2021-12-16,2022-01-13,2022-02-14,6.45
8d819a079c15403bbfc6417a5fb662de,22A,8d819a079c15403bbfc6417a5fb662de-22A-B,B,DAP 1Kg/Are + Urea 0.5Kg/Are at Planting and Urea 0.5Kg/Are at V6,Urea1kg/Are(Planting+V6),Maize,,2021-09-27,15,Well_decomposed,MV_507,42,104,52,2021-10-28,96,2021-11-02,52,,0,104,67,2021-12-16,2022-01-13,2022-02-14,7.12
8d819a079c15403bbfc6417a5fb662de,22A,8d819a079c15403bbfc6417a5fb662de-22A-C,C,DAP 1Kg/Are + Urea 0.5Kg/Are at V6 + Urea 0.5Kg/Are at V10,Urea 1kg/Are(V6 + V10),Maize,,2021-09-27,15,Well_decomposed,MV_507,42,104,0,2021-10-28,93,2021-11-02,52,,52,104,67,2021-12-16,2022-01-13,2022-02-14,7.34
8d819a079c15403bbfc6417a5fb662de,22A,8d819a079c15403bbfc6417a5fb662de-22A-D,D,DAP 1Kg/Are at planting+ Urea 1Kg/Are at V6,Urea 1kg/Are(V6),Maize,,2021-09-27,15,Well_decomposed,MV_507,41,104,0,2021-10-28,96,2021-11-02,104,,0,104,67,2021-12-16,2022-01-13,2022-02-14,6.48
7352ca3d-06eb-48d6-ad94-03d4851ba71f,21A,7352ca3d-06eb-48d6-ad94-03d4851ba71f-21A-A,A,DAP 1Kg/Are + Urea 0.5Kg/Are at V6,Urea 0.5Kg/Are(V6),maize,Beans,2020-09-07,7,Well_decomposed,MV_605,44,100,0,2020-10-05,80,2020-10-14,50,,0,50,41,2020-12-02,2020-12-23,2021-01-29,2.31
7352ca3d-06eb-48d6-ad94-03d4851ba71f,21A,7352ca3d-06eb-48d6-ad94-03d4851ba71f-21A-B,B,DAP 1Kg/Are + Urea 0.5Kg/Are at Planting and Urea 0.5Kg/Are at V6,Urea1kg/Are(Planting+V6),maize,Beans,2020-09-07,7,Well_decomposed,MV_505,44,100,50,2020-10-05,82,2020-10-14,50,,0,100,64,2020-12-02,2020-12-23,2021-01-29,2.59
7352ca3d-06eb-48d6-ad94-03d4851ba71f,21A,7352ca3d-06eb-48d6-ad94-03d4851ba71f-21A-C,C,DAP 1Kg/Are + Urea 0.5Kg/Are at V6 + Urea 0.5Kg/Are at V10,Urea 1kg/Are(V6 + V10),maize,Beans,2020-09-07,7,Well_decomposed,MV_505,44,100,0,2020-10-05,80,2020-10-14,50,2020-11-04,50,100,64,2020-12-02,2020-12-23,2021-01-29,2.21
7352ca3d-06eb-48d6-ad94-03d4851ba71f,21A,7352ca3d-06eb-48d6-ad94-03d4851ba71f-21A-D,D,DAP 1Kg/Are at planting+ Urea 1Kg/Are at V6,Urea 1kg/Are(V6),maize,Beans,2020-09-07,7,Well_decomposed,MV_505,44,100,0,2020-10-05,82,2020-10-14,100,,0,100,64,2020-12-02,2020-12-23,2021-01-29,2.31
f1dc8326-93c1-4612-8c88-419cdfe7fcbf,21A,f1dc8326-93c1-4612-8c88-419cdfe7fcbf-21A-A,A,DAP 1Kg/Are + Urea 0.5Kg/Are at V6,Urea 0.5Kg/Are(V6),maize,Beans,2020-09-07,15,average,MV_505,44,100,0,2020-10-05,80,2020-10-14,50,,0,50,41,2020-12-02,2020-12-23,2021-01-28,5.36
f1dc8326-93c1-4612-8c88-419cdfe7fcbf,21A,f1dc8326-93c1-4612-8c88-419cdfe7fcbf-21A-B,B,DAP 1Kg/Are + Urea 0.5Kg/Are at Planting and Urea 0.5Kg/Are at V6,Urea1kg/Are(Planting+V6),maize,Beans,2020-09-07,15,average,MV_505,44,100,50,2020-10-05,82,2020-10-14,50,,0,100,64,2020-12-02,2020-12-23,2021-01-28,4.91
f1dc8326-93c1-4612-8c88-419cdfe7fcbf,21A,f1dc8326-93c1-4612-8c88-419cdfe7fcbf-21A-C,C,DAP 1Kg/Are + Urea 0.5Kg/Are at V6 + Urea 0.5Kg/Are at V10,Urea 1kg/Are(V6 + V10),maize,Beans,2020-09-07,15,average,MV_505,44,100,0,2020-10-05,82,2020-10-14,50,2020-11-04,50,100,64,2020-12-02,2020-12-23,2021-01-28,5.46
f1dc8326-93c1-4612-8c88-419cdfe7fcbf,21A,f1dc8326-93c1-4612-8c88-419cdfe7fcbf-21A-D,D,DAP 1Kg/Are at planting+ Urea 1Kg/Are at V6,Urea 1kg/Are(V6),maize,Beans,2020-09-07,15,average,MV_505,44,100,0,2020-10-05,79,2020-10-14,100,,0,100,64,2020-12-02,2020-12-23,2021-01-28,6.61
f440b02d-5245-4987-acea-753e67cab68c,21A,f440b02d-5245-4987-acea-753e67cab68c-21A-A,A,DAP 1Kg/Are + Urea 0.5Kg/Are at V6,Urea 0.5Kg/Are(V6),maize,Beans,2020-09-17,6,Well_decomposed,MV_505,43,99,0,2020-10-06,98,2020-10-21,50,,0,50,41,2020-12-04,2020-12-23,2021-01-13,5.72
f440b02d-5245-4987-acea-753e67cab68c,21A,f440b02d-5245-4987-acea-753e67cab68c-21A-B,B,DAP 1Kg/Are + Urea 0.5Kg/Are at Planting and Urea 0.5Kg/Are at V6,Urea1kg/Are(Planting+V6),maize,Beans,2020-09-17,6,Well_decomposed,MV_505,43,99,51,2020-10-06,97,2020-10-21,50,,0,101,64,2020-12-04,2020-12-23,2021-01-13,6.32
f440b02d-5245-4987-acea-753e67cab68c,21A,f440b02d-5245-4987-acea-753e67cab68c-21A-C,C,DAP 1Kg/Are + Urea 0.5Kg/Are at V6 + Urea 0.5Kg/Are at V10,Urea 1kg/Are(V6 + V10),maize,Beans sorghum,2020-09-17,6,Well_decomposed,MV_505,43,99,0,2020-10-06,97,2020-10-21,50,2020-11-05,50,100,64,2020-12-04,2020-12-23,2021-01-13,7.17
f440b02d-5245-4987-acea-753e67cab68c,21A,f440b02d-5245-4987-acea-753e67cab68c-21A-D,D,DAP 1Kg/Are at planting+ Urea 1Kg/Are at V6,Urea 1kg/Are(V6),maize,Beans,2020-09-17,6,Well_decomposed,MV_505,43,99,0,2020-10-06,98,2020-10-21,100,,0,100,64,2020-12-04,2020-12-23,2021-01-13,6.79
c2db770b-2ce0-4462-9c74-9e80db5297c9,21A,c2db770b-2ce0-4462-9c74-9e80db5297c9-21A-A,A,DAP 1Kg/Are + Urea 0.5Kg/Are at V6,Urea 0.5Kg/Are(V6),maize,Beans,2020-09-17,5,Well_decomposed,MV_505,42,100,0,2020-10-06,80,2020-10-21,52,,0,52,42,2020-12-04,2020-12-23,2021-01-18,3.09
c2db770b-2ce0-4462-9c74-9e80db5297c9,21A,c2db770b-2ce0-4462-9c74-9e80db5297c9-21A-B,B,DAP 1Kg/Are + Urea 0.5Kg/Are at Planting and Urea 0.5Kg/Are at V6,Urea1kg/Are(Planting+V6),maize,Beans,2020-09-17,5,Well_decomposed,MV_505,42,100,50,2020-10-06,79,2020-10-21,50,,0,100,64,2020-12-04,2020-12-23,2021-01-18,3.71
c2db770b-2ce0-4462-9c74-9e80db5297c9,21A,c2db770b-2ce0-4462-9c74-9e80db5297c9-21A-C,C,DAP 1Kg/Are + Urea 0.5Kg/Are at V6 + Urea 0.5Kg/Are at V10,Urea 1kg/Are(V6 + V10),maize,Beans,2020-09-17,5,Well_decomposed,MV_505,42,100,0,2020-10-06,79,2020-10-21,50,2020-11-05,50,100,64,2020-12-04,2020-12-23,2021-01-18,4.92
c2db770b-2ce0-4462-9c74-9e80db5297c9,21A,c2db770b-2ce0-4462-9c74-9e80db5297c9-21A-D,D,DAP 1Kg/Are at planting+ Urea 1Kg/Are at V6,Urea 1kg/Are(V6),maize,Beans,2020-09-17,5,Well_decomposed,MV_505,42,100,0,2020-10-06,78,2020-10-21,100,,0,100,64,2020-12-04,2020-12-23,2021-01-18,4.8
ec09ea4e-7560-4dfb-a132-95046f2d2ae4,21A,ec09ea4e-7560-4dfb-a132-95046f2d2ae4-21A-A,A,DAP 1Kg/Are + Urea 0.5Kg/Are at V6,Urea 0.5Kg/Are(V6),maize,Beans,2020-09-17,6,Well_decomposed,MV_505,41,100,0,2020-10-06,93,2020-10-21,50,,0,50,41,2020-12-04,2020-12-23,2021-01-15,5.18
ec09ea4e-7560-4dfb-a132-95046f2d2ae4,21A,ec09ea4e-7560-4dfb-a132-95046f2d2ae4-21A-B,B,DAP 1Kg/Are + Urea 0.5Kg/Are at Planting and Urea 0.5Kg/Are at V6,Urea1kg/Are(Planting+V6),maize,Beans,2020-09-17,6,Well_decomposed,MV_505,41,100,51,2020-10-06,92,2020-10-21,50,,0,101,65,2020-12-04,2020-12-23,2021-01-15,7.02
ec09ea4e-7560-4dfb-a132-95046f2d2ae4,21A,ec09ea4e-7560-4dfb-a132-95046f2d2ae4-21A-C,C,DAP 1Kg/Are + Urea 0.5Kg/Are at V6 + Urea 0.5Kg/Are at V10,Urea 1kg/Are(V6 + V10),maize,Beans,2020-09-17,6,Well_decomposed,MV_505,41,99,0,2020-10-06,94,2020-10-21,50,2020-11-05,50,100,64,2020-12-04,2020-12-23,2021-01-15,7.34
ec09ea4e-7560-4dfb-a132-95046f2d2ae4,21A,ec09ea4e-7560-4dfb-a132-95046f2d2ae4-21A-D,D,DAP 1Kg/Are at planting+ Urea 1Kg/Are at V6,Urea 1kg/Are(V6),maize,Beans,2020-09-17,6,Well_decomposed,MV_505,41,99,0,2020-10-06,92,2020-10-21,100,,0,100,64,2020-12-04,2020-12-23,2021-01-15,7.68
61280d6e-f997-455f-a225-583b7146384a,21A,61280d6e-f997-455f-a225-583b7146384a-21A-A,A,DAP 1Kg/Are + Urea 0.5Kg/Are at V6,Urea 0.5Kg/Are(V6),maize,Beans,2020-09-24,5,average,MV_505,48,100,0,2020-10-15,88,2020-11-02,50,,0,50,41,2020-12-18,2021-01-22,2021-02-08,3.75
61280d6e-f997-455f-a225-583b7146384a,21A,61280d6e-f997-455f-a225-583b7146384a-21A-B,B,DAP 1Kg/Are + Urea 0.5Kg/Are at Planting and Urea 0.5Kg/Are at V6,Urea1kg/Are(Planting+V6),maize,Beans,2020-09-24,5,average,MV_505,48,100,50,2020-10-15,88,2020-11-02,50,,0,100,64,2020-12-18,2021-01-22,2021-02-08,4.56
61280d6e-f997-455f-a225-583b7146384a,21A,61280d6e-f997-455f-a225-583b7146384a-21A-C,C,DAP 1Kg/Are + Urea 0.5Kg/Are at V6 + Urea 0.5Kg/Are at V10,Urea 1kg/Are(V6 + V10),maize,Beans,2020-09-24,5,average,MV_505,48,100,0,2020-10-15,89,2020-11-02,50,2020-11-27,50,100,64,2020-12-18,2021-01-22,2021-02-08,3.93
61280d6e-f997-455f-a225-583b7146384a,21A,61280d6e-f997-455f-a225-583b7146384a-21A-D,D,DAP 1Kg/Are at planting+ Urea 1Kg/Are at V6,Urea 1kg/Are(V6),maize,Beans,2020-09-24,5,average,MV_505,48,100,0,2020-10-15,86,2020-11-02,100,,0,100,64,2020-12-18,2021-01-22,2021-02-08,3.93
f801cf58-0b18-493b-a0d7-dba27514ae1e,21A,f801cf58-0b18-493b-a0d7-dba27514ae1e-21A-A,A,DAP 1Kg/Are + Urea 0.5Kg/Are at V6,Urea 0.5Kg/Are(V6),maize,Beans,2020-09-23,4,poorly_decomposed,MV_505,48,100,0,2020-10-15,77,2020-10-28,50,,0,50,41,2020-12-11,2021-01-18,2021-01-27,1.37
f801cf58-0b18-493b-a0d7-dba27514ae1e,21A,f801cf58-0b18-493b-a0d7-dba27514ae1e-21A-B,B,DAP 1Kg/Are + Urea 0.5Kg/Are at Planting and Urea 0.5Kg/Are at V6,Urea1kg/Are(Planting+V6),maize,Beans,2020-09-23,4,poorly_decomposed,MV_505,48,100,50,2020-10-15,74,2020-10-28,50,,0,100,64,2020-12-11,2021-01-18,2021-01-27,1.35
f801cf58-0b18-493b-a0d7-dba27514ae1e,21A,f801cf58-0b18-493b-a0d7-dba27514ae1e-21A-C,C,DAP 1Kg/Are + Urea 0.5Kg/Are at V6 + Urea 0.5Kg/Are at V10,Urea 1kg/Are(V6 + V10),maize,Beans sweet_potato,2020-09-23,4,poorly_decomposed,MV_505,48,100,0,2020-10-15,78,2020-10-28,50,2020-11-18,50,100,64,2020-12-11,2021-01-18,2021-01-27,1.64
f801cf58-0b18-493b-a0d7-dba27514ae1e,21A,f801cf58-0b18-493b-a0d7-dba27514ae1e-21A-D,D,DAP 1Kg/Are at planting+ Urea 1Kg/Are at V6,Urea 1kg/Are(V6),maize,Beans,2020-09-23,4,poorly_decomposed,MV_505,48,100,0,2020-10-15,74,2020-10-28,100,,0,100,64,2020-12-11,2021-01-18,2021-01-27,2.06
84f24adb-cd37-4a68-81ea-4b3610cdba45,21A,84f24adb-cd37-4a68-81ea-4b3610cdba45-21A-A,A,DAP 1Kg/Are + Urea 0.5Kg/Are at V6,Urea 0.5Kg/Are(V6),maize,Beans,2020-09-17,5,Well_decomposed,MV_505,42,100,0,2020-10-06,82,2020-10-21,50,,0,50,41,2020-12-04,2020-12-23,2021-01-18,3.6
84f24adb-cd37-4a68-81ea-4b3610cdba45,21A,84f24adb-cd37-4a68-81ea-4b3610cdba45-21A-B,B,DAP 1Kg/Are + Urea 0.5Kg/Are at Planting and Urea 0.5Kg/Are at V6,Urea1kg/Are(Planting+V6),maize,Beans,2020-09-17,5,Well_decomposed,MV_505,42,100,50,2020-10-06,80,2020-10-21,50,,0,100,64,2020-12-04,2020-12-23,2021-01-18,4.04
84f24adb-cd37-4a68-81ea-4b3610cdba45,21A,84f24adb-cd37-4a68-81ea-4b3610cdba45-21A-C,C,DAP 1Kg/Are + Urea 0.5Kg/Are at V6 + Urea 0.5Kg/Are at V10,Urea 1kg/Are(V6 + V10),maize,Beans,2020-09-17,5,Well_decomposed,MV_505,42,100,0,2020-10-06,79,2020-10-21,50,2020-11-05,50,100,64,2020-12-04,2020-12-23,2021-01-18,4.43
84f24adb-cd37-4a68-81ea-4b3610cdba45,21A,84f24adb-cd37-4a68-81ea-4b3610cdba45-21A-D,D,DAP 1Kg/Are at planting+ Urea 1Kg/Are at V6,Urea 1kg/Are(V6),maize,Beans,2020-09-17,5,Well_decomposed,MV_505,42,100,0,2020-10-06,79,2020-10-21,100,,0,100,64,2020-12-04,2020-12-23,2021-01-18,4.46
1b833e7f-68ae-4df1-a44b-5412ba666a36,21A,1b833e7f-68ae-4df1-a44b-5412ba666a36-21A-A,A,DAP 1Kg/Are + Urea 0.5Kg/Are at V6,Urea 0.5Kg/Are(V6),maize,sweet_potato,2020-09-23,9,Well_decomposed,MV_505,47,99,0,2020-10-21,78,2020-10-28,49,,0,49,40,2020-12-11,2021-01-18,2021-01-25,3.81
1b833e7f-68ae-4df1-a44b-5412ba666a36,21A,1b833e7f-68ae-4df1-a44b-5412ba666a36-21A-B,B,DAP 1Kg/Are + Urea 0.5Kg/Are at Planting and Urea 0.5Kg/Are at V6,Urea1kg/Are(Planting+V6),maize,sweet_potato,2020-09-23,9,Well_decomposed,MV_505,47,99,49,2020-10-21,80,2020-10-28,49,,0,99,63,2020-12-11,2021-01-18,2021-01-25,4.59
1b833e7f-68ae-4df1-a44b-5412ba666a36,21A,1b833e7f-68ae-4df1-a44b-5412ba666a36-21A-C,C,DAP 1Kg/Are + Urea 0.5Kg/Are at V6 + Urea 0.5Kg/Are at V10,Urea 1kg/Are(V6 + V10),maize,sweet_potato,2020-09-23,9,Well_decomposed,MV_505,47,99,0,2020-10-21,77,2020-10-28,49,2020-11-18,49,99,63,2020-12-11,2021-01-18,2021-01-25,4.97
1b833e7f-68ae-4df1-a44b-5412ba666a36,21A,1b833e7f-68ae-4df1-a44b-5412ba666a36-21A-D,D,DAP 1Kg/Are at planting+ Urea 1Kg/Are at V6,Urea 1kg/Are(V6),maize,sweet_potato,2020-09-23,9,Well_decomposed,MV_505,47,99,0,2020-10-21,81,2020-10-28,99,,0,99,63,2020-12-11,2021-01-18,2021-01-25,5.54
ed6b0bb1-c455-4f1d-823a-5a6ff752c2d3,21A,ed6b0bb1-c455-4f1d-823a-5a6ff752c2d3-21A-A,A,DAP 1Kg/Are + Urea 0.5Kg/Are at V6,Urea 0.5Kg/Are(V6),maize,Beans,2020-09-24,5,average,MV_505,48,100,0,2020-10-15,91,2020-11-02,50,,0,50,41,2020-12-18,2021-01-22,2021-02-08,2.86
ed6b0bb1-c455-4f1d-823a-5a6ff752c2d3,21A,ed6b0bb1-c455-4f1d-823a-5a6ff752c2d3-21A-B,B,DAP 1Kg/Are + Urea 0.5Kg/Are at Planting and Urea 0.5Kg/Are at V6,Urea1kg/Are(Planting+V6),maize,Beans,2020-09-24,5,average,MV_505,48,100,50,2020-10-15,90,2020-11-05,50,,0,100,64,2020-12-18,2021-01-21,2021-02-08,3.51
ed6b0bb1-c455-4f1d-823a-5a6ff752c2d3,21A,ed6b0bb1-c455-4f1d-823a-5a6ff752c2d3-21A-C,C,DAP 1Kg/Are + Urea 0.5Kg/Are at V6 + Urea 0.5Kg/Are at V10,Urea 1kg/Are(V6 + V10),maize,Beans,2020-09-24,5,average,MV_505,48,100,0,2020-10-15,91,2020-11-02,50,2020-11-27,50,100,64,2020-12-18,2021-01-22,2021-02-08,3.24
ed6b0bb1-c455-4f1d-823a-5a6ff752c2d3,21A,ed6b0bb1-c455-4f1d-823a-5a6ff752c2d3-21A-D,D,DAP 1Kg/Are at planting+ Urea 1Kg/Are at V6,Urea 1kg/Are(V6),maize,Beans,2020-09-24,5,average,MV_505,48,100,0,2020-10-15,89,2020-11-02,100,,0,100,64,2020-12-18,2021-01-22,2021-02-08,3.4
b5f17f22-124b-4e98-a989-7ffa2b979272,21A,b5f17f22-124b-4e98-a989-7ffa2b979272-21A-A,A,DAP 1Kg/Are + Urea 0.5Kg/Are at V6,Urea 0.5Kg/Are(V6),maize,fallow,2020-09-23,12,Well_decomposed,MV_605,34,100,0,2020-10-22,84,2020-11-13,50,,0,50,41,2021-01-15,2021-02-18,2021-03-19,4.36
b5f17f22-124b-4e98-a989-7ffa2b979272,21A,b5f17f22-124b-4e98-a989-7ffa2b979272-21A-B,B,DAP 1Kg/Are + Urea 0.5Kg/Are at Planting and Urea 0.5Kg/Are at V6,Urea1kg/Are(Planting+V6),maize,Beans fallow,2020-09-23,12,Well_decomposed,MV_605,33,100,50,2020-10-22,82,2020-11-13,50,,0,100,64,2021-01-15,2021-02-18,2021-03-19,5.1
b5f17f22-124b-4e98-a989-7ffa2b979272,21A,b5f17f22-124b-4e98-a989-7ffa2b979272-21A-C,C,DAP 1Kg/Are + Urea 0.5Kg/Are at V6 + Urea 0.5Kg/Are at V10,Urea 1kg/Are(V6 + V10),maize,fallow,2020-09-23,12,Well_decomposed,MV_605,34,100,0,2020-10-22,87,2020-11-13,50,2020-12-10,50,100,64,2021-01-12,2021-02-13,2021-03-19,6.44
b5f17f22-124b-4e98-a989-7ffa2b979272,21A,b5f17f22-124b-4e98-a989-7ffa2b979272-21A-D,D,DAP 1Kg/Are at planting+ Urea 1Kg/Are at V6,Urea 1kg/Are(V6),maize,fallow,2020-09-23,12,Well_decomposed,MV_605,34,100,0,2020-10-22,88,2020-11-13,100,,0,100,64,2021-01-08,2021-02-13,2021-03-19,7.75
42709b5e-5787-4c08-8ff7-924589c6675f,21A,42709b5e-5787-4c08-8ff7-924589c6675f-21A-A,A,DAP 1Kg/Are + Urea 0.5Kg/Are at V6,Urea 0.5Kg/Are(V6),maize,shaza,2020-09-26,7,average,MV_605,34,100,0,2020-10-22,72,2020-11-20,50,,0,50,41,2021-01-22,2021-02-25,2021-03-22,1.89
42709b5e-5787-4c08-8ff7-924589c6675f,21A,42709b5e-5787-4c08-8ff7-924589c6675f-21A-B,B,DAP 1Kg/Are + Urea 0.5Kg/Are at Planting and Urea 0.5Kg/Are at V6,Urea1kg/Are(Planting+V6),maize,shaza,2020-09-26,7,average,MV_605,33,100,50,2020-10-22,68,2020-11-20,50,,0,100,64,2021-01-22,2021-02-25,2021-03-22,1.96
42709b5e-5787-4c08-8ff7-924589c6675f,21A,42709b5e-5787-4c08-8ff7-924589c6675f-21A-C,C,DAP 1Kg/Are + Urea 0.5Kg/Are at V6 + Urea 0.5Kg/Are at V10,Urea 1kg/Are(V6 + V10),maize,shaza,2020-09-26,7,average,MV_605,34,100,0,2020-10-22,74,2020-11-20,50,2020-12-10,50,100,64,2021-01-22,2021-02-25,2021-03-22,2.58
42709b5e-5787-4c08-8ff7-924589c6675f,21A,42709b5e-5787-4c08-8ff7-924589c6675f-21A-D,D,DAP 1Kg/Are at planting+ Urea 1Kg/Are at V6,Urea 1kg/Are(V6),maize,shaza,2020-09-26,7,average,MV_605,33,100,0,2020-10-22,76,2020-11-20,100,,0,100,64,2021-01-22,2021-02-25,2021-03-22,3.1
cbe7560d-5f25-486a-af6f-0874b6dfbc7a,21A,cbe7560d-5f25-486a-af6f-0874b6dfbc7a-21A-A,A,DAP 1Kg/Are + Urea 0.5Kg/Are at V6,Urea 0.5Kg/Are(V6),maize,sweet_potato,2020-09-30,8,average,MV_605,35,100,0,2020-10-30,78,2020-11-26,50,,0,50,41,2021-01-20,2021-03-05,2021-03-31,6.25
cbe7560d-5f25-486a-af6f-0874b6dfbc7a,21A,cbe7560d-5f25-486a-af6f-0874b6dfbc7a-21A-B,B,DAP 1Kg/Are + Urea 0.5Kg/Are at Planting and Urea 0.5Kg/Are at V6,Urea1kg/Are(Planting+V6),maize,sweet_potato,2020-09-30,8,average,MV_605,34,100,50,2020-10-30,80,2020-11-26,50,,0,100,64,2021-01-27,2021-03-08,2021-03-31,5.1
cbe7560d-5f25-486a-af6f-0874b6dfbc7a,21A,cbe7560d-5f25-486a-af6f-0874b6dfbc7a-21A-C,C,DAP 1Kg/Are + Urea 0.5Kg/Are at V6 + Urea 0.5Kg/Are at V10,Urea 1kg/Are(V6 + V10),maize,sweet_potato,2020-09-30,8,average,MV_605,34,100,0,2020-10-30,78,2020-11-26,50,2020-12-17,50,100,64,2021-01-20,2021-03-05,2021-03-31,7.55
cbe7560d-5f25-486a-af6f-0874b6dfbc7a,21A,cbe7560d-5f25-486a-af6f-0874b6dfbc7a-21A-D,D,DAP 1Kg/Are at planting+ Urea 1Kg/Are at V6,Urea 1kg/Are(V6),maize,sweet_potato,2020-09-30,8,average,MV_605,35,100,0,2020-10-30,80,2020-11-26,100,,0,100,64,2021-01-20,2021-03-05,2021-03-31,8.72
2497f391-fdd1-44e1-a2f2-d1ef746782c0,21A,2497f391-fdd1-44e1-a2f2-d1ef746782c0-21A-A,A,DAP 1Kg/Are + Urea 0.5Kg/Are at V6,Urea 0.5Kg/Are(V6),maize,Beans,2020-09-30,10,average,MV_605,37,100,0,2020-10-30,64,2020-11-26,50,,0,50,41,2021-01-27,2021-03-08,2021-03-31,3.03
2497f391-fdd1-44e1-a2f2-d1ef746782c0,21A,2497f391-fdd1-44e1-a2f2-d1ef746782c0-21A-B,B,DAP 1Kg/Are + Urea 0.5Kg/Are at Planting and Urea 0.5Kg/Are at V6,Urea1kg/Are(Planting+V6),maize,Beans,2020-09-30,10,average,MV_605,36,100,50,2020-10-30,66,2020-11-26,50,,0,100,64,2021-01-27,2021-03-08,2021-03-31,2.74
2497f391-fdd1-44e1-a2f2-d1ef746782c0,21A,2497f391-fdd1-44e1-a2f2-d1ef746782c0-21A-C,C,DAP 1Kg/Are + Urea 0.5Kg/Are at V6 + Urea 0.5Kg/Are at V10,Urea 1kg/Are(V6 + V10),maize,Beans,2020-09-30,10,average,MV_605,37,100,0,2020-10-30,64,2020-11-26,50,2020-12-17,50,100,64,2021-01-20,2021-03-05,2021-03-31,4.23
2497f391-fdd1-44e1-a2f2-d1ef746782c0,21A,2497f391-fdd1-44e1-a2f2-d1ef746782c0-21A-D,D,DAP 1Kg/Are at planting+ Urea 1Kg/Are at V6,Urea 1kg/Are(V6),maize,Beans,2020-09-30,10,average,MV_605,35,100,0,2020-10-30,62,2020-11-26,100,,0,100,64,2021-01-20,2021-03-05,2021-03-31,2.91
6b21f203-7b2e-4371-a49b-b67913742c75,21A,6b21f203-7b2e-4371-a49b-b67913742c75-21A-A,A,DAP 1Kg/Are + Urea 0.5Kg/Are at V6,Urea 0.5Kg/Are(V6),maize,wheat,2020-09-30,7,average,MV_605,35,100,0,2020-10-29,88,2020-11-24,50,,0,50,41,2021-01-22,2021-03-05,2021-04-03,1.53
6b21f203-7b2e-4371-a49b-b67913742c75,21A,6b21f203-7b2e-4371-a49b-b67913742c75-21A-B,B,DAP 1Kg/Are + Urea 0.5Kg/Are at Planting and Urea 0.5Kg/Are at V6,Urea1kg/Are(Planting+V6),maize,wheat,2020-09-30,7,average,MV_605,37,100,50,2020-10-29,82,2020-11-24,50,,0,100,64,2021-01-22,2021-03-05,2021-04-03,2.18
6b21f203-7b2e-4371-a49b-b67913742c75,21A,6b21f203-7b2e-4371-a49b-b67913742c75-21A-C,C,DAP 1Kg/Are + Urea 0.5Kg/Are at V6 + Urea 0.5Kg/Are at V10,Urea 1kg/Are(V6 + V10),maize,wheat,2020-09-30,7,average,MV_605,36,100,0,2020-10-29,86,2020-11-24,50,2020-12-17,50,100,64,2021-01-22,2021-03-05,2021-04-03,2.42
6b21f203-7b2e-4371-a49b-b67913742c75,21A,6b21f203-7b2e-4371-a49b-b67913742c75-21A-D,D,DAP 1Kg/Are at planting+ Urea 1Kg/Are at V6,Urea 1kg/Are(V6),maize,wheat,2020-09-30,7,average,MV_605,36,100,0,2020-10-29,82,2020-11-24,100,,0,100,64,2021-01-22,2021-03-05,2021-04-03,2.94
86860520-699b-4345-a10f-bd8603a7a685,21A,86860520-699b-4345-a10f-bd8603a7a685-21A-A,A,DAP 1Kg/Are + Urea 0.5Kg/Are at V6,Urea 0.5Kg/Are(V6),maize,Beans,2020-10-03,13,Well_decomposed,MV_605,36,100,0,2020-11-04,46,2020-11-26,50,,0,50,41,2021-01-15,2021-02-22,2021-03-19,3.41
86860520-699b-4345-a10f-bd8603a7a685,21A,86860520-699b-4345-a10f-bd8603a7a685-21A-B,B,DAP 1Kg/Are + Urea 0.5Kg/Are at Planting and Urea 0.5Kg/Are at V6,Urea1kg/Are(Planting+V6),maize,Beans,2020-10-03,13,Well_decomposed,MV_605,35,100,50,2020-11-04,42,2020-11-26,50,,0,100,64,2021-01-15,2021-02-22,2021-03-19,2.55
86860520-699b-4345-a10f-bd8603a7a685,21A,86860520-699b-4345-a10f-bd8603a7a685-21A-C,C,DAP 1Kg/Are + Urea 0.5Kg/Are at V6 + Urea 0.5Kg/Are at V10,Urea 1kg/Are(V6 + V10),maize,Beans,2020-10-03,13,Well_decomposed,MV_605,36,100,0,2020-11-04,43,2020-11-26,50,2020-12-18,50,100,64,2021-01-15,2021-02-22,2021-03-19,3.31
86860520-699b-4345-a10f-bd8603a7a685,21A,86860520-699b-4345-a10f-bd8603a7a685-21A-D,D,DAP 1Kg/Are at planting+ Urea 1Kg/Are at V6,Urea 1kg/Are(V6),maize,Beans,2020-10-03,13,Well_decomposed,MV_605,35,100,0,2020-11-04,48,2020-11-26,96,,0,96,62,2021-01-15,2021-02-22,2021-03-19,4.46
33b54b39-e6b8-453f-bba5-8eac6a9e7893,21A,33b54b39-e6b8-453f-bba5-8eac6a9e7893-21A-A,A,DAP 1Kg/Are + Urea 0.5Kg/Are at V6,Urea 0.5Kg/Are(V6),maize,Beans,2020-10-06,11,poorly_decomposed,MV_605,30,100,0,2020-11-11,72,2020-12-04,50,,0,50,41,2021-01-28,2021-03-08,2021-04-02,5.13
33b54b39-e6b8-453f-bba5-8eac6a9e7893,21A,33b54b39-e6b8-453f-bba5-8eac6a9e7893-21A-B,B,DAP 1Kg/Are + Urea 0.5Kg/Are at Planting and Urea 0.5Kg/Are at V6,Urea1kg/Are(Planting+V6),maize,Beans,2020-10-06,11,poorly_decomposed,MV_605,31,100,50,2020-11-11,69,2020-12-04,50,,0,100,64,2021-02-03,2021-03-12,2021-04-02,2.65
33b54b39-e6b8-453f-bba5-8eac6a9e7893,21A,33b54b39-e6b8-453f-bba5-8eac6a9e7893-21A-C,C,DAP 1Kg/Are + Urea 0.5Kg/Are at V6 + Urea 0.5Kg/Are at V10,Urea 1kg/Are(V6 + V10),maize,Beans,2020-10-06,11,poorly_decomposed,MV_605,30,100,0,2020-11-11,69,2020-12-04,50,2020-12-18,50,100,64,2021-01-28,2021-03-08,2021-04-02,4.98
33b54b39-e6b8-453f-bba5-8eac6a9e7893,21A,33b54b39-e6b8-453f-bba5-8eac6a9e7893-21A-D,D,DAP 1Kg/Are at planting+ Urea 1Kg/Are at V6,Urea 1kg/Are(V6),maize,Beans,2020-10-06,11,poorly_decomposed,MV_605,31,100,0,2020-11-11,67,2020-12-04,100,,0,100,64,2021-01-28,2021-03-08,2021-04-02,5.45
6250fb65-df09-4a19-abda-85466bdc11f2,21A,6250fb65-df09-4a19-abda-85466bdc11f2-21A-A,A,DAP 1Kg/Are + Urea 0.5Kg/Are at V6,Urea 0.5Kg/Are(V6),maize,fallow,2020-10-07,13,poorly_decomposed,MV_605,30,100,0,2020-11-11,78,2020-12-04,50,,0,50,41,2021-02-02,2021-03-12,2021-03-27,4.14
6250fb65-df09-4a19-abda-85466bdc11f2,21A,6250fb65-df09-4a19-abda-85466bdc11f2-21A-B,B,DAP 1Kg/Are + Urea 0.5Kg/Are at Planting and Urea 0.5Kg/Are at V6,Urea1kg/Are(Planting+V6),maize,fallow,2020-10-07,13,poorly_decomposed,MV_403,31,100,50,2020-11-11,70,2020-12-04,50,,0,100,64,2021-02-02,2021-03-12,2021-03-27,3.88
6250fb65-df09-4a19-abda-85466bdc11f2,21A,6250fb65-df09-4a19-abda-85466bdc11f2-21A-C,C,DAP 1Kg/Are + Urea 0.5Kg/Are at V6 + Urea 0.5Kg/Are at V10,Urea 1kg/Are(V6 + V10),maize,fallow,2020-10-07,13,poorly_decomposed,MV_605,30,100,0,2020-11-11,76,2020-12-04,50,2020-12-18,50,100,64,2021-02-02,2021-03-12,2021-03-27,4.98
6250fb65-df09-4a19-abda-85466bdc11f2,21A,6250fb65-df09-4a19-abda-85466bdc11f2-21A-D,D,DAP 1Kg/Are at planting+ Urea 1Kg/Are at V6,Urea 1kg/Are(V6),maize,fallow,2020-10-07,13,poorly_decomposed,MV_605,31,100,0,2020-11-11,76,2020-12-04,100,,0,100,64,2021-02-02,2021-03-12,2021-03-27,4.44
63b05a29-3331-499f-ab0b-43cf53488afa,21A,63b05a29-3331-499f-ab0b-43cf53488afa-21A-A,A,DAP 1Kg/Are + Urea 0.5Kg/Are at V6,Urea 0.5Kg/Are(V6),maize,fallow,2020-10-14,13,Well_decomposed,MV_605,33,100,0,2020-11-13,82,2020-12-04,50,,0,50,41,2021-02-11,2021-03-20,2021-04-16,4.55
63b05a29-3331-499f-ab0b-43cf53488afa,21A,63b05a29-3331-499f-ab0b-43cf53488afa-21A-B,B,DAP 1Kg/Are + Urea 0.5Kg/Are at Planting and Urea 0.5Kg/Are at V6,Urea1kg/Are(Planting+V6),maize,fallow,2020-10-14,13,Well_decomposed,MV_605,32,100,50,2020-11-13,86,2020-12-04,50,,0,100,64,2021-02-11,2021-03-20,2021-04-16,5.88
63b05a29-3331-499f-ab0b-43cf53488afa,21A,63b05a29-3331-499f-ab0b-43cf53488afa-21A-C,C,DAP 1Kg/Are + Urea 0.5Kg/Are at V6 + Urea 0.5Kg/Are at V10,Urea 1kg/Are(V6 + V10),maize,fallow,2020-10-14,13,Well_decomposed,MV_605,33,100,0,2020-11-13,80,2020-12-04,50,2020-12-22,50,100,64,2021-02-11,2021-03-20,2021-04-16,6.07
63b05a29-3331-499f-ab0b-43cf53488afa,21A,63b05a29-3331-499f-ab0b-43cf53488afa-21A-D,D,DAP 1Kg/Are at planting+ Urea 1Kg/Are at V6,Urea 1kg/Are(V6),maize,fallow,2020-10-14,13,Well_decomposed,MV_605,33,100,0,2020-11-13,86,2020-12-04,100,,0,100,64,2021-02-11,2021-03-20,2021-04-16,5.81
6ec3dadc-a465-4429-a995-6a85e83f8406,21A,6ec3dadc-a465-4429-a995-6a85e83f8406-21A-A,A,DAP 1Kg/Are + Urea 0.5Kg/Are at V6,Urea 0.5Kg/Are(V6),maize,Beans,2020-10-16,13,poorly_decomposed,MV_605,31,100,0,2020-11-13,75,2020-12-05,50,,0,50,41,2021-02-13,2021-03-23,2021-04-22,3.35
6ec3dadc-a465-4429-a995-6a85e83f8406,21A,6ec3dadc-a465-4429-a995-6a85e83f8406-21A-B,B,DAP 1Kg/Are + Urea 0.5Kg/Are at Planting and Urea 0.5Kg/Are at V6,Urea1kg/Are(Planting+V6),maize,Beans,2020-10-16,13,poorly_decomposed,MV_605,32,100,50,2020-11-13,74,2020-12-05,50,,0,100,64,2021-02-13,2021-03-23,2021-04-22,2.45
6ec3dadc-a465-4429-a995-6a85e83f8406,21A,6ec3dadc-a465-4429-a995-6a85e83f8406-21A-C,C,DAP 1Kg/Are + Urea 0.5Kg/Are at V6 + Urea 0.5Kg/Are at V10,Urea 1kg/Are(V6 + V10),maize,Beans,2020-10-16,13,poorly_decomposed,MV_605,32,100,0,2020-11-13,78,2020-12-05,50,2020-12-22,50,100,64,2021-02-13,2021-03-23,2021-04-22,3.45
6ec3dadc-a465-4429-a995-6a85e83f8406,21A,6ec3dadc-a465-4429-a995-6a85e83f8406-21A-D,D,DAP 1Kg/Are at planting+ Urea 1Kg/Are at V6,Urea 1kg/Are(V6),maize,Beans,2020-10-16,13,poorly_decomposed,MV_605,31,100,0,2020-11-13,78,2020-12-05,100,,0,100,64,2021-02-13,2021-03-23,2021-04-22,5.05
42b66889-550f-49c4-bf67-ae5d58a32cc6,21A,42b66889-550f-49c4-bf67-ae5d58a32cc6-21A-A,A,DAP 1Kg/Are + Urea 0.5Kg/Are at V6,Urea 0.5Kg/Are(V6),maize,fallow,2020-09-11,10,Well_decomposed,MV_505,40,100,0,2020-10-15,92,2020-10-19,50,,0,50,41,2020-11-30,2020-12-31,2021-01-29,2.6
42b66889-550f-49c4-bf67-ae5d58a32cc6,21A,42b66889-550f-49c4-bf67-ae5d58a32cc6-21A-B,B,DAP 1Kg/Are + Urea 0.5Kg/Are at Planting and Urea 0.5Kg/Are at V6,Urea1kg/Are(Planting+V6),maize,fallow,2020-09-11,10,Well_decomposed,MV_505,40,100,50,2020-10-15,90,2020-10-19,50,,0,100,64,2020-11-30,2020-12-31,2021-01-29,2.18
42b66889-550f-49c4-bf67-ae5d58a32cc6,21A,42b66889-550f-49c4-bf67-ae5d58a32cc6-21A-C,C,DAP 1Kg/Are + Urea 0.5Kg/Are at V6 + Urea 0.5Kg/Are at V10,Urea 1kg/Are(V6 + V10),maize,fallow,2020-09-11,10,Well_decomposed,MV_505,40,100,0,2020-10-15,100,2020-10-19,49,2020-11-10,49,98,63,2020-11-30,2020-12-31,2021-01-29,3.2
42b66889-550f-49c4-bf67-ae5d58a32cc6,21A,42b66889-550f-49c4-bf67-ae5d58a32cc6-21A-D,D,DAP 1Kg/Are at planting+ Urea 1Kg/Are at V6,Urea 1kg/Are(V6),maize,fallow,2020-09-11,10,Well_decomposed,MV_505,40,100,0,2020-10-15,100,2020-10-19,100,,0,100,64,2020-11-30,2020-12-31,2021-01-29,3.12
52dd0298-5239-496a-80ce-6c1356406f46,21A,52dd0298-5239-496a-80ce-6c1356406f46-21A-A,A,DAP 1Kg/Are + Urea 0.5Kg/Are at V6,Urea 0.5Kg/Are(V6),maize,Beans,2020-09-21,8,average,MV_505,45,100,0,2020-10-15,98,2020-10-24,50,,0,50,41,2020-12-09,2021-01-04,2021-02-02,8.72
52dd0298-5239-496a-80ce-6c1356406f46,21A,52dd0298-5239-496a-80ce-6c1356406f46-21A-B,B,DAP 1Kg/Are + Urea 0.5Kg/Are at Planting and Urea 0.5Kg/Are at V6,Urea1kg/Are(Planting+V6),maize,Beans,2020-09-21,8,average,MV_505,45,100,50,2020-10-15,100,2020-10-24,50,,0,100,64,2020-12-09,2021-01-04,2021-02-02,9.04
52dd0298-5239-496a-80ce-6c1356406f46,21A,52dd0298-5239-496a-80ce-6c1356406f46-21A-C,C,DAP 1Kg/Are + Urea 0.5Kg/Are at V6 + Urea 0.5Kg/Are at V10,Urea 1kg/Are(V6 + V10),maize,Beans,2020-09-21,8,average,MV_505,45,100,0,2020-10-15,100,2020-10-24,50,2020-11-18,50,100,64,2020-12-09,2021-01-04,2021-02-02,9.43
52dd0298-5239-496a-80ce-6c1356406f46,21A,52dd0298-5239-496a-80ce-6c1356406f46-21A-D,D,DAP 1Kg/Are at planting+ Urea 1Kg/Are at V6,Urea 1kg/Are(V6),maize,Beans,2020-09-21,8,average,MV_505,45,100,0,2020-10-15,100,2020-10-24,100,,0,100,64,2020-12-09,2021-01-04,2021-02-02,8.81
1bfb7a61-eaba-4161-99b7-cb08d89c35ab,21A,1bfb7a61-eaba-4161-99b7-cb08d89c35ab-21A-A,A,DAP 1Kg/Are + Urea 0.5Kg/Are at V6,Urea 0.5Kg/Are(V6),maize,Beans,2020-09-21,8,average,MV_505,45,100,0,2020-10-15,98,2020-11-02,50,,0,50,41,2020-12-09,2021-01-04,2021-01-25,6.32
1bfb7a61-eaba-4161-99b7-cb08d89c35ab,21A,1bfb7a61-eaba-4161-99b7-cb08d89c35ab-21A-B,B,DAP 1Kg/Are + Urea 0.5Kg/Are at Planting and Urea 0.5Kg/Are at V6,Urea1kg/Are(Planting+V6),maize,Beans,2020-09-21,8,average,MV_505,45,100,50,2020-10-15,98,2020-11-02,50,,0,100,64,2020-12-09,2021-01-04,2021-01-25,9.97
1bfb7a61-eaba-4161-99b7-cb08d89c35ab,21A,1bfb7a61-eaba-4161-99b7-cb08d89c35ab-21A-C,C,DAP 1Kg/Are + Urea 0.5Kg/Are at V6 + Urea 0.5Kg/Are at V10,Urea 1kg/Are(V6 + V10),maize,Beans,2020-09-21,8,average,MV_505,45,100,0,2020-10-15,100,2020-11-02,50,2020-11-18,50,100,64,2020-12-09,2021-01-04,2021-01-25,5.58
1bfb7a61-eaba-4161-99b7-cb08d89c35ab,21A,1bfb7a61-eaba-4161-99b7-cb08d89c35ab-21A-D,D,DAP 1Kg/Are at planting+ Urea 1Kg/Are at V6,Urea 1kg/Are(V6),maize,Beans,2020-09-21,8,average,MV_505,45,100,0,2020-10-15,100,2020-11-02,100,,0,100,64,2020-12-09,2021-01-04,2021-01-25,9.08
95f3a0d7-0be5-4216-ae38-97db2a0fc562,21A,95f3a0d7-0be5-4216-ae38-97db2a0fc562-21A-A,A,DAP 1Kg/Are + Urea 0.5Kg/Are at V6,Urea 0.5Kg/Are(V6),maize,Beans,2020-09-21,8,average,MV_505,45,100,0,2020-10-15,100,2020-10-24,50,,0,50,41,2020-12-09,2021-01-04,2021-02-11,6.18
95f3a0d7-0be5-4216-ae38-97db2a0fc562,21A,95f3a0d7-0be5-4216-ae38-97db2a0fc562-21A-B,B,DAP 1Kg/Are + Urea 0.5Kg/Are at Planting and Urea 0.5Kg/Are at V6,Urea1kg/Are(Planting+V6),maize,Beans,2020-09-21,8,average,MV_505,45,100,50,2020-10-15,98,2020-10-24,50,,0,100,64,2020-12-09,2021-01-04,2021-02-11,5.77
95f3a0d7-0be5-4216-ae38-97db2a0fc562,21A,95f3a0d7-0be5-4216-ae38-97db2a0fc562-21A-C,C,DAP 1Kg/Are + Urea 0.5Kg/Are at V6 + Urea 0.5Kg/Are at V10,Urea 1kg/Are(V6 + V10),maize,Beans,2020-09-21,8,average,MV_505,45,100,0,2020-10-15,98,2020-10-24,50,2020-11-18,50,100,64,2020-12-09,2021-01-04,2021-02-11,4.26
95f3a0d7-0be5-4216-ae38-97db2a0fc562,21A,95f3a0d7-0be5-4216-ae38-97db2a0fc562-21A-D,D,DAP 1Kg/Are at planting+ Urea 1Kg/Are at V6,Urea 1kg/Are(V6),maize,Beans,2020-09-21,8,average,MV_505,45,100,0,2020-10-15,98,2020-10-24,100,,0,100,64,2020-12-09,2021-01-04,2021-02-11,7.11
7cb33555-d056-4380-acb2-59ceab9ea646,21A,7cb33555-d056-4380-acb2-59ceab9ea646-21A-A,A,DAP 1Kg/Are + Urea 0.5Kg/Are at V6,Urea 0.5Kg/Are(V6),maize,maize,2020-09-22,8,average,MV_505,47,100,0,2020-10-17,100,2020-10-30,50,,0,50,41,2020-12-09,,2021-02-02,2.13
7cb33555-d056-4380-acb2-59ceab9ea646,21A,7cb33555-d056-4380-acb2-59ceab9ea646-21A-B,B,DAP 1Kg/Are + Urea 0.5Kg/Are at Planting and Urea 0.5Kg/Are at V6,Urea1kg/Are(Planting+V6),maize,maize,2020-09-22,8,average,MV_505,45,100,50,2020-10-17,98,2020-10-30,50,,0,100,64,2020-12-09,,2021-02-02,1.39
7cb33555-d056-4380-acb2-59ceab9ea646,21A,7cb33555-d056-4380-acb2-59ceab9ea646-21A-C,C,DAP 1Kg/Are + Urea 0.5Kg/Are at V6 + Urea 0.5Kg/Are at V10,Urea 1kg/Are(V6 + V10),maize,maize,2020-09-22,8,average,MV_505,43,100,0,2020-10-17,100,2020-10-30,50,2020-11-25,50,100,64,2020-12-09,,2021-02-02,2.14
7cb33555-d056-4380-acb2-59ceab9ea646,21A,7cb33555-d056-4380-acb2-59ceab9ea646-21A-D,D,DAP 1Kg/Are at planting+ Urea 1Kg/Are at V6,Urea 1kg/Are(V6),maize,maize,2020-09-22,8,average,MV_505,44,100,0,2020-10-17,100,2020-10-30,100,,0,100,64,2020-12-09,,2021-02-02,1.95
20a28248-0db5-455b-b575-e12004c1fde6,21A,20a28248-0db5-455b-b575-e12004c1fde6-21A-A,A,DAP 1Kg/Are + Urea 0.5Kg/Are at V6,Urea 0.5Kg/Are(V6),maize,Beans,2020-09-28,10,Well_decomposed,MV_505,43,100,0,2020-10-30,100,2020-11-02,50,,0,50,41,2020-12-14,2021-01-06,2021-02-20,4.64
20a28248-0db5-455b-b575-e12004c1fde6,21A,20a28248-0db5-455b-b575-e12004c1fde6-21A-B,B,DAP 1Kg/Are + Urea 0.5Kg/Are at Planting and Urea 0.5Kg/Are at V6,Urea1kg/Are(Planting+V6),maize,Beans,2020-09-28,10,Well_decomposed,MV_505,41,100,50,2020-10-30,100,2020-11-02,50,,0,100,64,2020-12-14,2021-01-06,2021-02-20,3.76
20a28248-0db5-455b-b575-e12004c1fde6,21A,20a28248-0db5-455b-b575-e12004c1fde6-21A-C,C,DAP 1Kg/Are + Urea 0.5Kg/Are at V6 + Urea 0.5Kg/Are at V10,Urea 1kg/Are(V6 + V10),maize,Beans,2020-09-28,10,Well_decomposed,MV_505,43,100,0,2020-10-30,96,2020-11-02,50,2020-11-24,50,100,64,2020-12-14,2021-01-06,2021-02-20,4.81
20a28248-0db5-455b-b575-e12004c1fde6,21A,20a28248-0db5-455b-b575-e12004c1fde6-21A-D,D,DAP 1Kg/Are at planting+ Urea 1Kg/Are at V6,Urea 1kg/Are(V6),maize,Beans,2020-09-28,10,Well_decomposed,MV_505,41,100,0,2020-10-30,98,2020-11-02,100,,0,100,64,2020-12-14,2021-01-06,2021-02-20,4.97
f5d124ff-e9d9-49e4-b035-d0550ac0fd5b,21A,f5d124ff-e9d9-49e4-b035-d0550ac0fd5b-21A-A,A,DAP 1Kg/Are + Urea 0.5Kg/Are at V6,Urea 0.5Kg/Are(V6),maize,Beans,2020-09-30,10,average,MV_505,45,100,0,2020-11-02,100,2020-11-11,50,,0,50,41,2020-12-13,2021-01-09,2021-03-06,3.57
f5d124ff-e9d9-49e4-b035-d0550ac0fd5b,21A,f5d124ff-e9d9-49e4-b035-d0550ac0fd5b-21A-B,B,DAP 1Kg/Are + Urea 0.5Kg/Are at Planting and Urea 0.5Kg/Are at V6,Urea1kg/Are(Planting+V6),maize,Beans,2020-09-30,10,average,MV_505,45,100,52,2020-11-02,100,2020-11-11,50,,0,102,65,2020-12-13,2021-01-09,2021-03-06,2.89
f5d124ff-e9d9-49e4-b035-d0550ac0fd5b,21A,f5d124ff-e9d9-49e4-b035-d0550ac0fd5b-21A-C,C,DAP 1Kg/Are + Urea 0.5Kg/Are at V6 + Urea 0.5Kg/Are at V10,Urea 1kg/Are(V6 + V10),maize,Beans,2020-09-30,10,average,MV_505,45,100,0,2020-11-02,86,2020-11-11,50,2020-12-10,50,100,64,2020-12-12,2021-01-09,2021-03-06,3.15
f5d124ff-e9d9-49e4-b035-d0550ac0fd5b,21A,f5d124ff-e9d9-49e4-b035-d0550ac0fd5b-21A-D,D,DAP 1Kg/Are at planting+ Urea 1Kg/Are at V6,Urea 1kg/Are(V6),maize,Beans,2020-09-30,10,average,MV_505,45,100,0,2020-11-02,90,2020-11-11,100,,0,100,64,2020-12-13,2021-01-09,2021-03-06,3.45
cbd85626-d602-4c5b-908b-d1d7bdadf7dc,21A,cbd85626-d602-4c5b-908b-d1d7bdadf7dc-21A-A,A,DAP 1Kg/Are + Urea 0.5Kg/Are at V6,Urea 0.5Kg/Are(V6),maize,other_crops,2020-09-30,11,Well_decomposed,MV_505,45,99,0,2020-11-02,96,2020-11-21,49,,0,49,40,2020-12-13,2021-01-09,2021-03-06,2.23
cbd85626-d602-4c5b-908b-d1d7bdadf7dc,21A,cbd85626-d602-4c5b-908b-d1d7bdadf7dc-21A-B,B,DAP 1Kg/Are + Urea 0.5Kg/Are at Planting and Urea 0.5Kg/Are at V6,Urea1kg/Are(Planting+V6),maize,other_crops,2020-09-30,11,Well_decomposed,MV_505,45,99,51,2020-11-02,100,2020-11-21,49,,0,99,64,2020-12-13,2021-01-09,2021-03-06,1.98
cbd85626-d602-4c5b-908b-d1d7bdadf7dc,21A,cbd85626-d602-4c5b-908b-d1d7bdadf7dc-21A-C,C,DAP 1Kg/Are + Urea 0.5Kg/Are at V6 + Urea 0.5Kg/Are at V10,Urea 1kg/Are(V6 + V10),maize,other_crops,2020-09-30,11,Well_decomposed,MV_505,45,99,0,2020-11-02,86,2020-11-21,49,2020-12-10,49,97,63,2020-12-13,2021-01-09,2021-03-06,1.51
cbd85626-d602-4c5b-908b-d1d7bdadf7dc,21A,cbd85626-d602-4c5b-908b-d1d7bdadf7dc-21A-D,D,DAP 1Kg/Are at planting+ Urea 1Kg/Are at V6,Urea 1kg/Are(V6),maize,shaza,2020-09-30,11,average,MV_505,45,99,0,2020-11-02,100,2020-11-21,97,,0,97,63,2020-12-13,2021-01-09,2021-03-06,2.63
9f38205c-ac43-410f-a6ae-3bf7f01887ed,21A,9f38205c-ac43-410f-a6ae-3bf7f01887ed-21A-A,A,DAP 1Kg/Are + Urea 0.5Kg/Are at V6,Urea 0.5Kg/Are(V6),maize,other_crops,2020-09-30,10,Well_decomposed,MV_505,45,100,0,2020-10-26,86,2020-11-11,50,,0,50,41,2020-12-31,2021-01-12,2021-03-04,4.68
9f38205c-ac43-410f-a6ae-3bf7f01887ed,21A,9f38205c-ac43-410f-a6ae-3bf7f01887ed-21A-B,B,DAP 1Kg/Are + Urea 0.5Kg/Are at Planting and Urea 0.5Kg/Are at V6,Urea1kg/Are(Planting+V6),maize,other_crops,2020-09-30,10,average,MV_505,45,100,52,2020-10-26,96,2020-11-11,50,,0,102,65,2021-01-02,2021-01-12,2021-03-04,5.0
9f38205c-ac43-410f-a6ae-3bf7f01887ed,21A,9f38205c-ac43-410f-a6ae-3bf7f01887ed-21A-C,C,DAP 1Kg/Are + Urea 0.5Kg/Are at V6 + Urea 0.5Kg/Are at V10,Urea 1kg/Are(V6 + V10),maize,other_crops,2020-09-30,10,average,MV_505,45,100,0,2020-10-26,100,2020-11-11,50,2020-11-30,50,100,64,2021-01-02,2021-01-12,2021-03-04,3.82
9f38205c-ac43-410f-a6ae-3bf7f01887ed,21A,9f38205c-ac43-410f-a6ae-3bf7f01887ed-21A-D,D,DAP 1Kg/Are at planting+ Urea 1Kg/Are at V6,Urea 1kg/Are(V6),maize,other_crops,2020-09-30,10,average,MV_505,45,100,0,2020-10-26,99,2020-11-11,100,,0,100,64,2021-01-02,2021-01-12,2021-03-04,5.0
87f1efb5-a374-4587-8e4d-a06efc02d598,21A,87f1efb5-a374-4587-8e4d-a06efc02d598-21A-A,A,DAP 1Kg/Are + Urea 0.5Kg/Are at V6,Urea 0.5Kg/Are(V6),maize,Beans,2020-10-05,11,Well_decomposed,MV_505,50,100,0,2020-11-09,100,2020-11-11,50,,0,50,41,2020-12-31,2021-01-16,2021-03-03,1.98
87f1efb5-a374-4587-8e4d-a06efc02d598,21A,87f1efb5-a374-4587-8e4d-a06efc02d598-21A-B,B,DAP 1Kg/Are + Urea 0.5Kg/Are at Planting and Urea 0.5Kg/Are at V6,Urea1kg/Are(Planting+V6),maize,Beans,2020-10-05,11,Well_decomposed,MV_505,50,100,54,2020-11-09,100,2020-11-11,50,,0,104,66,2020-12-31,2021-01-16,2021-03-03,5.1
87f1efb5-a374-4587-8e4d-a06efc02d598,21A,87f1efb5-a374-4587-8e4d-a06efc02d598-21A-C,C,DAP 1Kg/Are + Urea 0.5Kg/Are at V6 + Urea 0.5Kg/Are at V10,Urea 1kg/Are(V6 + V10),maize,Beans maize,2020-10-05,11,Well_decomposed,MV_505,50,100,0,2020-11-09,100,2020-11-11,50,2020-12-07,50,100,64,2020-12-31,2021-01-16,2021-03-03,3.0
87f1efb5-a374-4587-8e4d-a06efc02d598,21A,87f1efb5-a374-4587-8e4d-a06efc02d598-21A-D,D,DAP 1Kg/Are at planting+ Urea 1Kg/Are at V6,Urea 1kg/Are(V6),maize,Beans,2020-10-05,11,Well_decomposed,MV_505,50,100,0,2020-11-09,100,2020-11-11,100,,0,100,64,2020-12-31,2021-01-16,2021-03-03,3.71
dff96609-0489-4be8-8c32-ae6378c9a5c7,21A,dff96609-0489-4be8-8c32-ae6378c9a5c7-21A-A,A,DAP 1Kg/Are + Urea 0.5Kg/Are at V6,Urea 0.5Kg/Are(V6),maize,fallow,2020-10-05,10,Well_decomposed,MV_505,47,100,0,2020-11-09,96,2020-11-19,49,,0,49,41,2021-01-11,2021-01-28,2021-03-27,4.82
dff96609-0489-4be8-8c32-ae6378c9a5c7,21A,dff96609-0489-4be8-8c32-ae6378c9a5c7-21A-B,B,DAP 1Kg/Are + Urea 0.5Kg/Are at Planting and Urea 0.5Kg/Are at V6,Urea1kg/Are(Planting+V6),maize,fallow,2020-10-05,10,Well_decomposed,MV_505,47,100,50,2020-11-09,100,2020-11-19,49,,0,99,64,2021-01-11,2021-01-28,2021-03-27,5.01
dff96609-0489-4be8-8c32-ae6378c9a5c7,21A,dff96609-0489-4be8-8c32-ae6378c9a5c7-21A-C,C,DAP 1Kg/Are + Urea 0.5Kg/Are at V6 + Urea 0.5Kg/Are at V10,Urea 1kg/Are(V6 + V10),maize,fallow,2020-10-05,10,Well_decomposed,MV_505,47,100,0,2020-11-09,100,2020-11-19,49,2020-12-07,49,99,63,2021-01-11,2021-01-28,2021-03-27,4.09
dff96609-0489-4be8-8c32-ae6378c9a5c7,21A,dff96609-0489-4be8-8c32-ae6378c9a5c7-21A-D,D,DAP 1Kg/Are at planting+ Urea 1Kg/Are at V6,Urea 1kg/Are(V6),maize,fallow,2020-10-05,10,Well_decomposed,MV_505,47,100,0,2020-11-09,100,2020-11-19,99,,0,99,63,2021-01-11,2021-01-28,2021-03-27,5.27
b60d6e89-d599-49ce-97ab-b217a0c53063,21A,b60d6e89-d599-49ce-97ab-b217a0c53063-21A-A,A,DAP 1Kg/Are + Urea 0.5Kg/Are at V6,Urea 0.5Kg/Are(V6),maize,Beans,2020-10-07,8,average,MV_505,46,100,0,2020-11-09,82,2020-11-19,50,,0,50,41,2021-01-06,2021-01-19,2021-03-27,3.48
b60d6e89-d599-49ce-97ab-b217a0c53063,21A,b60d6e89-d599-49ce-97ab-b217a0c53063-21A-B,B,DAP 1Kg/Are + Urea 0.5Kg/Are at Planting and Urea 0.5Kg/Are at V6,Urea1kg/Are(Planting+V6),maize,Beans,2020-10-07,8,average,MV_505,46,100,52,2020-11-09,85,2020-11-19,50,,0,102,65,2020-12-31,2021-01-19,2021-03-27,5.36
b60d6e89-d599-49ce-97ab-b217a0c53063,21A,b60d6e89-d599-49ce-97ab-b217a0c53063-21A-C,C,DAP 1Kg/Are + Urea 0.5Kg/Are at V6 + Urea 0.5Kg/Are at V10,Urea 1kg/Are(V6 + V10),maize,Beans,2020-10-07,8,average,MV_505,46,100,0,2020-11-09,89,2020-11-19,50,2020-12-07,50,100,64,2020-12-05,2021-01-31,2021-03-27,4.08
b60d6e89-d599-49ce-97ab-b217a0c53063,21A,b60d6e89-d599-49ce-97ab-b217a0c53063-21A-D,D,DAP 1Kg/Are at planting+ Urea 1Kg/Are at V6,Urea 1kg/Are(V6),maize,Beans,2020-10-07,8,average,MV_505,46,100,0,2020-11-09,82,2020-11-19,100,,0,100,64,,,2021-03-27,6.1
7c341286-de82-4bbc-b0f6-d05c402f6520,21A,7c341286-de82-4bbc-b0f6-d05c402f6520-21A-A,A,DAP 1Kg/Are + Urea 0.5Kg/Are at V6,Urea 0.5Kg/Are(V6),maize,cassava,2020-10-10,10,average,MV_505,45,100,0,2020-11-10,100,2020-11-18,50,,0,50,41,2020-12-31,2021-01-30,2021-02-28,2.66
7c341286-de82-4bbc-b0f6-d05c402f6520,21A,7c341286-de82-4bbc-b0f6-d05c402f6520-21A-B,B,DAP 1Kg/Are + Urea 0.5Kg/Are at Planting and Urea 0.5Kg/Are at V6,Urea1kg/Are(Planting+V6),maize,cassava,2020-10-10,8,average,MV_505,45,100,50,2020-11-10,100,2020-11-18,50,,0,100,64,2020-12-31,,2021-02-24,3.88
7c341286-de82-4bbc-b0f6-d05c402f6520,21A,7c341286-de82-4bbc-b0f6-d05c402f6520-21A-C,C,DAP 1Kg/Are + Urea 0.5Kg/Are at V6 + Urea 0.5Kg/Are at V10,Urea 1kg/Are(V6 + V10),maize,cassava,2020-10-10,8,average,MV_505,45,100,0,2020-11-10,100,2020-11-18,50,2020-12-10,50,100,64,2020-12-31,2021-01-30,2021-02-24,3.81
7c341286-de82-4bbc-b0f6-d05c402f6520,21A,7c341286-de82-4bbc-b0f6-d05c402f6520-21A-D,D,DAP 1Kg/Are at planting+ Urea 1Kg/Are at V6,Urea 1kg/Are(V6),maize,cassava,2020-10-10,8,average,MV_505,45,100,0,2020-11-10,100,2020-11-18,100,,0,100,64,2020-12-31,2021-01-30,2021-02-24,4.09
07df9897-50e1-4330-a61e-2fb5c81768cf,21A,07df9897-50e1-4330-a61e-2fb5c81768cf-21A-A,A,DAP 1Kg/Are + Urea 0.5Kg/Are at V6,Urea 0.5Kg/Are(V6),maize,fallow,2020-10-12,6,poorly_decomposed,MV_505,46,100,0,2020-11-11,100,2020-11-21,50,,0,50,41,2021-01-09,2021-01-28,2021-03-14,3.09
07df9897-50e1-4330-a61e-2fb5c81768cf,21A,07df9897-50e1-4330-a61e-2fb5c81768cf-21A-B,B,DAP 1Kg/Are + Urea 0.5Kg/Are at Planting and Urea 0.5Kg/Are at V6,Urea1kg/Are(Planting+V6),maize,fallow,2020-10-12,6,poorly_decomposed,MV_505,46,100,52,2020-11-11,88,2020-11-21,50,,0,102,65,2021-01-09,2021-01-28,2021-03-14,3.09
07df9897-50e1-4330-a61e-2fb5c81768cf,21A,07df9897-50e1-4330-a61e-2fb5c81768cf-21A-C,C,DAP 1Kg/Are + Urea 0.5Kg/Are at V6 + Urea 0.5Kg/Are at V10,Urea 1kg/Are(V6 + V10),maize,fallow,2020-10-12,6,poorly_decomposed,MV_505,46,100,0,2020-11-11,96,2020-11-21,50,2020-12-15,50,100,64,2021-01-09,2021-01-28,2021-03-14,2.04
07df9897-50e1-4330-a61e-2fb5c81768cf,21A,07df9897-50e1-4330-a61e-2fb5c81768cf-21A-D,D,DAP 1Kg/Are at planting+ Urea 1Kg/Are at V6,Urea 1kg/Are(V6),maize,fallow,2020-10-12,6,poorly_decomposed,MV_505,46,100,0,2020-11-11,95,2020-11-21,100,,0,100,64,2021-01-09,2021-01-28,2021-03-14,3.66
b2a55524-6e4d-4fe2-9623-6551c9ac9dbb,21A,b2a55524-6e4d-4fe2-9623-6551c9ac9dbb-21A-A,A,DAP 1Kg/Are + Urea 0.5Kg/Are at V6,Urea 0.5Kg/Are(V6),maize,sweet_potato,2020-09-21,12,Well_decomposed,MV_605,41,99,0,2020-10-18,80,2020-11-04,50,,0,50,41,2021-01-07,2021-01-31,2021-03-01,6.25
b2a55524-6e4d-4fe2-9623-6551c9ac9dbb,21A,b2a55524-6e4d-4fe2-9623-6551c9ac9dbb-21A-B,B,DAP 1Kg/Are + Urea 0.5Kg/Are at Planting and Urea 0.5Kg/Are at V6,Urea1kg/Are(Planting+V6),maize,sweet_potato,2020-09-21,12,Well_decomposed,MV_605,41,99,50,2020-10-18,88,2020-11-04,50,,0,100,64,2021-01-07,2021-01-31,2021-03-01,5.56
b2a55524-6e4d-4fe2-9623-6551c9ac9dbb,21A,b2a55524-6e4d-4fe2-9623-6551c9ac9dbb-21A-C,C,DAP 1Kg/Are + Urea 0.5Kg/Are at V6 + Urea 0.5Kg/Are at V10,Urea 1kg/Are(V6 + V10),maize,sweet_potato,2020-09-21,12,Well_decomposed,MV_605,41,99,0,2020-10-18,79,2020-11-04,50,2020-11-26,50,100,64,2021-01-07,2021-01-31,2021-03-01,6.25
b2a55524-6e4d-4fe2-9623-6551c9ac9dbb,21A,b2a55524-6e4d-4fe2-9623-6551c9ac9dbb-21A-D,D,DAP 1Kg/Are at planting+ Urea 1Kg/Are at V6,Urea 1kg/Are(V6),maize,sweet_potato,2020-09-21,12,Well_decomposed,MV_605,41,99,0,2020-10-18,80,2020-11-04,100,,0,100,64,2021-01-07,2021-01-31,2021-03-01,5.72
1dd1f0b7-0531-477a-8fd4-c0e108afeaca,21A,1dd1f0b7-0531-477a-8fd4-c0e108afeaca-21A-A,A,DAP 1Kg/Are + Urea 0.5Kg/Are at V6,Urea 0.5Kg/Are(V6),maize,sweet_potato,2020-09-21,11,Well_decomposed,MV_605,42,100,0,2020-10-18,85,2020-11-04,50,,0,50,41,2021-01-08,2021-01-31,2021-03-01,3.65
1dd1f0b7-0531-477a-8fd4-c0e108afeaca,21A,1dd1f0b7-0531-477a-8fd4-c0e108afeaca-21A-B,B,DAP 1Kg/Are + Urea 0.5Kg/Are at Planting and Urea 0.5Kg/Are at V6,Urea1kg/Are(Planting+V6),maize,sweet_potato,2020-09-21,11,Well_decomposed,MV_605,42,100,50,2020-10-18,83,2020-11-04,50,,0,100,64,2021-01-08,2021-01-31,2021-03-01,6.31
1dd1f0b7-0531-477a-8fd4-c0e108afeaca,21A,1dd1f0b7-0531-477a-8fd4-c0e108afeaca-21A-C,C,DAP 1Kg/Are + Urea 0.5Kg/Are at V6 + Urea 0.5Kg/Are at V10,Urea 1kg/Are(V6 + V10),maize,sweet_potato,2020-09-21,11,Well_decomposed,MV_605,42,100,0,2020-10-18,79,2020-11-04,50,2020-11-26,50,100,64,2021-01-08,2021-01-31,2021-03-01,5.36
1dd1f0b7-0531-477a-8fd4-c0e108afeaca,21A,1dd1f0b7-0531-477a-8fd4-c0e108afeaca-21A-D,D,DAP 1Kg/Are at planting+ Urea 1Kg/Are at V6,Urea 1kg/Are(V6),maize,sweet_potato,2020-09-21,11,Well_decomposed,MV_605,42,100,0,2020-10-18,80,2020-11-04,100,,0,100,64,2021-01-08,2021-01-31,2021-03-01,3.75
50908239-9aad-4a46-9c41-9447b8a6464b,21A,50908239-9aad-4a46-9c41-9447b8a6464b-21A-A,A,DAP 1Kg/Are + Urea 0.5Kg/Are at V6,Urea 0.5Kg/Are(V6),maize,Beans,2020-09-28,10,Well_decomposed,MV_605,39,100,0,2020-10-25,76,2020-11-12,50,,0,50,41,2021-01-13,2021-02-15,2021-02-24,0.52
50908239-9aad-4a46-9c41-9447b8a6464b,21A,50908239-9aad-4a46-9c41-9447b8a6464b-21A-B,B,DAP 1Kg/Are + Urea 0.5Kg/Are at Planting and Urea 0.5Kg/Are at V6,Urea1kg/Are(Planting+V6),maize,Beans,2020-09-28,10,Well_decomposed,MV_605,39,100,50,2020-10-25,79,2020-11-12,50,,0,100,64,2021-01-13,2021-02-15,2021-02-24,1.39
50908239-9aad-4a46-9c41-9447b8a6464b,21A,50908239-9aad-4a46-9c41-9447b8a6464b-21A-C,C,DAP 1Kg/Are + Urea 0.5Kg/Are at V6 + Urea 0.5Kg/Are at V10,Urea 1kg/Are(V6 + V10),maize,Beans,2020-09-28,10,Well_decomposed,MV_605,39,100,0,2020-10-25,80,2020-11-12,50,2020-11-29,50,100,64,2021-01-13,2021-02-15,2021-02-24,1.43
50908239-9aad-4a46-9c41-9447b8a6464b,21A,50908239-9aad-4a46-9c41-9447b8a6464b-21A-D,D,DAP 1Kg/Are at planting+ Urea 1Kg/Are at V6,Urea 1kg/Are(V6),maize,Beans,2020-09-28,10,Well_decomposed,MV_605,39,100,0,2020-10-25,78,2020-11-12,100,,0,100,64,2021-01-13,2021-02-15,2021-02-24,0.8
6ef2c7b7-e799-4a94-ac1c-039842f00e42,21A,6ef2c7b7-e799-4a94-ac1c-039842f00e42-21A-A,A,DAP 1Kg/Are + Urea 0.5Kg/Are at V6,Urea 0.5Kg/Are(V6),maize,Beans,2020-09-28,10,Well_decomposed,MV_605,38,100,0,2020-10-25,84,2020-11-12,50,,0,50,41,2021-01-14,2021-02-15,2021-03-08,4.69
6ef2c7b7-e799-4a94-ac1c-039842f00e42,21A,6ef2c7b7-e799-4a94-ac1c-039842f00e42-21A-B,B,DAP 1Kg/Are + Urea 0.5Kg/Are at Planting and Urea 0.5Kg/Are at V6,Urea1kg/Are(Planting+V6),maize,Beans,2020-09-28,10,Well_decomposed,MV_605,38,100,50,2020-10-25,88,2020-11-12,50,,0,100,64,2021-01-14,2021-02-15,2021-03-08,6.86
6ef2c7b7-e799-4a94-ac1c-039842f00e42,21A,6ef2c7b7-e799-4a94-ac1c-039842f00e42-21A-C,C,DAP 1Kg/Are + Urea 0.5Kg/Are at V6 + Urea 0.5Kg/Are at V10,Urea 1kg/Are(V6 + V10),maize,Beans,2020-09-28,10,Well_decomposed,MV_605,38,100,0,2020-10-25,89,2020-11-12,50,2020-12-06,50,101,64,2021-01-14,2021-02-15,2021-03-08,5.36
6ef2c7b7-e799-4a94-ac1c-039842f00e42,21A,6ef2c7b7-e799-4a94-ac1c-039842f00e42-21A-D,D,DAP 1Kg/Are at planting+ Urea 1Kg/Are at V6,Urea 1kg/Are(V6),maize,Beans,2020-09-28,10,Well_decomposed,MV_605,38,100,0,2020-10-25,88,2020-11-12,101,,0,101,64,2021-01-14,2021-02-15,2021-03-08,4.74
ad8ddecd-c251-473d-a059-0ec9a543332e,21A,ad8ddecd-c251-473d-a059-0ec9a543332e-21A-A,A,DAP 1Kg/Are + Urea 0.5Kg/Are at V6,Urea 0.5Kg/Are(V6),maize,Beans,2020-09-28,16,Well_decomposed,MV_605,38,100,0,2020-10-25,78,2020-11-15,50,,0,50,41,2021-01-12,2021-02-07,2021-03-08,5.56
ad8ddecd-c251-473d-a059-0ec9a543332e,21A,ad8ddecd-c251-473d-a059-0ec9a543332e-21A-B,B,DAP 1Kg/Are + Urea 0.5Kg/Are at Planting and Urea 0.5Kg/Are at V6,Urea1kg/Are(Planting+V6),maize,Beans,2020-09-28,16,Well_decomposed,MV_605,38,100,49,2020-10-25,80,2020-11-15,50,,0,100,64,2021-01-12,2021-02-07,2021-03-08,4.29
ad8ddecd-c251-473d-a059-0ec9a543332e,21A,ad8ddecd-c251-473d-a059-0ec9a543332e-21A-C,C,DAP 1Kg/Are + Urea 0.5Kg/Are at V6 + Urea 0.5Kg/Are at V10,Urea 1kg/Are(V6 + V10),maize,Beans,2020-09-28,16,Well_decomposed,MV_605,38,100,0,2020-10-25,77,2020-11-15,50,2020-12-06,50,100,64,2021-01-12,2021-02-07,2021-03-08,3.97
ad8ddecd-c251-473d-a059-0ec9a543332e,21A,ad8ddecd-c251-473d-a059-0ec9a543332e-21A-D,D,DAP 1Kg/Are at planting+ Urea 1Kg/Are at V6,Urea 1kg/Are(V6),maize,Beans,2020-09-28,16,Well_decomposed,MV_605,38,100,0,2020-10-25,80,2020-11-15,100,,0,100,64,2021-01-12,2021-02-07,2021-03-08,4.13
5f96e72b-f1df-4ba5-b7c2-8deac5ebcae0,21A,5f96e72b-f1df-4ba5-b7c2-8deac5ebcae0-21A-A,A,DAP 1Kg/Are + Urea 0.5Kg/Are at V6,Urea 0.5Kg/Are(V6),maize,Beans,2020-09-28,12,Well_decomposed,MV_605,39,100,0,2020-10-29,50,2020-11-19,50,,0,50,41,2021-01-15,2021-02-14,2021-03-30,1.74
5f96e72b-f1df-4ba5-b7c2-8deac5ebcae0,21A,5f96e72b-f1df-4ba5-b7c2-8deac5ebcae0-21A-B,B,DAP 1Kg/Are + Urea 0.5Kg/Are at Planting and Urea 0.5Kg/Are at V6,Urea1kg/Are(Planting+V6),maize,Beans,2020-09-28,12,Well_decomposed,MV_605,39,100,50,2020-10-29,51,2020-11-19,50,,0,100,64,2021-01-15,2021-02-14,2021-03-30,4.36
5f96e72b-f1df-4ba5-b7c2-8deac5ebcae0,21A,5f96e72b-f1df-4ba5-b7c2-8deac5ebcae0-21A-C,C,DAP 1Kg/Are + Urea 0.5Kg/Are at V6 + Urea 0.5Kg/Are at V10,Urea 1kg/Are(V6 + V10),maize,Beans,2020-09-28,12,Well_decomposed,MV_605,39,100,0,2020-10-29,50,2020-11-19,50,2020-12-11,50,100,64,2021-01-15,2021-02-14,2021-03-30,4.64
5f96e72b-f1df-4ba5-b7c2-8deac5ebcae0,21A,5f96e72b-f1df-4ba5-b7c2-8deac5ebcae0-21A-D,D,DAP 1Kg/Are at planting+ Urea 1Kg/Are at V6,Urea 1kg/Are(V6),maize,Beans,2020-09-28,12,Well_decomposed,MV_605,39,100,0,2020-10-29,53,2020-11-19,100,,0,100,64,2021-01-15,2021-02-14,2021-03-30,2.5
c58890fb-e313-42f7-8f59-d64c28019ee1,21A,c58890fb-e313-42f7-8f59-d64c28019ee1-21A-A,A,DAP 1Kg/Are + Urea 0.5Kg/Are at V6,Urea 0.5Kg/Are(V6),maize,Beans,2020-09-29,17,Well_decomposed,MV_605,39,100,0,2020-10-25,79,2020-11-13,50,,0,50,41,2021-01-11,2021-02-07,2021-03-03,4.33
c58890fb-e313-42f7-8f59-d64c28019ee1,21A,c58890fb-e313-42f7-8f59-d64c28019ee1-21A-C,C,DAP 1Kg/Are + Urea 0.5Kg/Are at V6 + Urea 0.5Kg/Are at V10,Urea 1kg/Are(V6 + V10),maize,Beans,2020-09-29,17,Well_decomposed,MV_605,39,100,0,2020-10-25,85,2020-11-13,50,2020-12-06,50,100,64,2021-01-11,2021-02-07,2021-03-03,3.94
c58890fb-e313-42f7-8f59-d64c28019ee1,21A,c58890fb-e313-42f7-8f59-d64c28019ee1-21A-D,D,DAP 1Kg/Are at planting+ Urea 1Kg/Are at V6,Urea 1kg/Are(V6),maize,Beans,2020-09-29,17,Well_decomposed,MV_605,39,100,0,2020-10-25,90,2020-11-13,100,,0,100,64,2021-01-11,2021-02-07,2021-03-03,3.57
d8e5f79e-0859-48e4-9852-9eb78985056d,21A,d8e5f79e-0859-48e4-9852-9eb78985056d-21A-A,A,DAP 1Kg/Are + Urea 0.5Kg/Are at V6,Urea 0.5Kg/Are(V6),maize,sweet_potato,2020-09-29,20,Well_decomposed,MV_605,39,101,0,2020-10-29,71,2020-11-15,50,,0,50,41,2021-01-13,2021-02-07,2021-03-08,3.86
d8e5f79e-0859-48e4-9852-9eb78985056d,21A,d8e5f79e-0859-48e4-9852-9eb78985056d-21A-B,B,DAP 1Kg/Are + Urea 0.5Kg/Are at Planting and Urea 0.5Kg/Are at V6,Urea1kg/Are(Planting+V6),maize,sweet_potato,2020-09-29,20,Well_decomposed,MV_605,39,101,51,2020-10-29,66,2020-11-15,50,,0,101,64,2021-01-13,2021-02-07,2021-03-08,2.8
d8e5f79e-0859-48e4-9852-9eb78985056d,21A,d8e5f79e-0859-48e4-9852-9eb78985056d-21A-C,C,DAP 1Kg/Are + Urea 0.5Kg/Are at V6 + Urea 0.5Kg/Are at V10,Urea 1kg/Are(V6 + V10),maize,sweet_potato,2020-09-29,20,Well_decomposed,MV_605,39,101,0,2020-10-29,69,2020-11-15,50,2020-12-06,50,100,64,2021-01-13,2021-02-07,2021-03-08,4.92
d8e5f79e-0859-48e4-9852-9eb78985056d,21A,d8e5f79e-0859-48e4-9852-9eb78985056d-21A-D,D,DAP 1Kg/Are at planting+ Urea 1Kg/Are at V6,Urea 1kg/Are(V6),maize,sweet_potato,2020-09-29,20,Well_decomposed,MV_605,39,101,0,2020-10-29,66,2020-11-15,100,,0,100,64,2021-01-13,2021-02-07,2021-03-08,3.18
30fbe03f-65b0-4d6b-9753-7298bcd8278c,21A,30fbe03f-65b0-4d6b-9753-7298bcd8278c-21A-A,A,DAP 1Kg/Are + Urea 0.5Kg/Are at V6,Urea 0.5Kg/Are(V6),maize,Beans,2020-10-05,20,Well_decomposed,MV_605,40,100,0,2020-10-28,74,2020-11-18,50,,0,50,41,2021-01-24,2021-02-28,2021-03-15,2.61
30fbe03f-65b0-4d6b-9753-7298bcd8278c,21A,30fbe03f-65b0-4d6b-9753-7298bcd8278c-21A-B,B,DAP 1Kg/Are + Urea 0.5Kg/Are at Planting and Urea 0.5Kg/Are at V6,Urea1kg/Are(Planting+V6),maize,Beans,2020-10-05,20,Well_decomposed,MV_605,40,100,50,2020-10-28,70,2020-11-18,50,,0,100,64,2021-01-24,2021-02-28,2021-03-15,3.55
30fbe03f-65b0-4d6b-9753-7298bcd8278c,21A,30fbe03f-65b0-4d6b-9753-7298bcd8278c-21A-C,C,DAP 1Kg/Are + Urea 0.5Kg/Are at V6 + Urea 0.5Kg/Are at V10,Urea 1kg/Are(V6 + V10),maize,Beans,2020-10-05,20,Well_decomposed,MV_605,40,100,0,2020-10-28,68,2020-11-18,50,2020-12-11,50,100,64,2021-01-24,2021-02-28,2021-03-15,3.42
30fbe03f-65b0-4d6b-9753-7298bcd8278c,21A,30fbe03f-65b0-4d6b-9753-7298bcd8278c-21A-D,D,DAP 1Kg/Are at planting+ Urea 1Kg/Are at V6,Urea 1kg/Are(V6),maize,Beans,2020-10-05,20,Well_decomposed,MV_605,40,100,0,2020-10-28,70,2020-11-18,100,,0,100,64,2021-01-24,2021-02-28,2021-03-15,4.77
64a19844-25b6-4364-9ee8-ea705dce10a3,21A,64a19844-25b6-4364-9ee8-ea705dce10a3-21A-A,A,DAP 1Kg/Are + Urea 0.5Kg/Are at V6,Urea 0.5Kg/Are(V6),maize,Beans,2020-10-05,11,Well_decomposed,MV_605,39,100,0,2020-10-29,41,2020-11-18,50,,0,50,41,2021-01-24,2021-02-28,2021-03-31,2.78
64a19844-25b6-4364-9ee8-ea705dce10a3,21A,64a19844-25b6-4364-9ee8-ea705dce10a3-21A-B,B,DAP 1Kg/Are + Urea 0.5Kg/Are at Planting and Urea 0.5Kg/Are at V6,Urea1kg/Are(Planting+V6),maize,Beans,2020-10-05,11,Well_decomposed,MV_605,40,100,50,2020-10-29,42,2020-11-18,50,,0,100,64,2021-01-24,2021-02-28,2021-03-31,2.78
64a19844-25b6-4364-9ee8-ea705dce10a3,21A,64a19844-25b6-4364-9ee8-ea705dce10a3-21A-C,C,DAP 1Kg/Are + Urea 0.5Kg/Are at V6 + Urea 0.5Kg/Are at V10,Urea 1kg/Are(V6 + V10),maize,Beans,2020-10-05,11,Well_decomposed,MV_605,40,100,0,2020-10-29,38,2020-11-18,50,2020-12-11,50,100,64,2021-01-24,2021-02-28,2021-03-31,3.21
64a19844-25b6-4364-9ee8-ea705dce10a3,21A,64a19844-25b6-4364-9ee8-ea705dce10a3-21A-D,D,DAP 1Kg/Are at planting+ Urea 1Kg/Are at V6,Urea 1kg/Are(V6),maize,Beans,2020-10-05,11,Well_decomposed,MV_605,40,100,0,2020-10-29,40,2020-11-18,100,,0,100,64,2021-01-24,2021-02-28,2021-03-31,2.68
9752b228-6a32-461a-89cd-6bad6702ad84,21A,9752b228-6a32-461a-89cd-6bad6702ad84-21A-A,A,DAP 1Kg/Are + Urea 0.5Kg/Are at V6,Urea 0.5Kg/Are(V6),maize,Beans,2020-10-05,21,Well_decomposed,MV_605,45,98,0,2020-10-28,65,2020-11-18,50,,0,50,41,2021-01-24,2021-02-28,2021-03-15,2.99
9752b228-6a32-461a-89cd-6bad6702ad84,21A,9752b228-6a32-461a-89cd-6bad6702ad84-21A-B,B,DAP 1Kg/Are + Urea 0.5Kg/Are at Planting and Urea 0.5Kg/Are at V6,Urea1kg/Are(Planting+V6),maize,Beans,2020-10-05,21,Well_decomposed,MV_605,45,98,50,2020-10-28,62,2020-11-18,50,,0,100,64,2021-01-24,2021-02-28,2021-03-15,3.65
9752b228-6a32-461a-89cd-6bad6702ad84,21A,9752b228-6a32-461a-89cd-6bad6702ad84-21A-C,C,DAP 1Kg/Are + Urea 0.5Kg/Are at V6 + Urea 0.5Kg/Are at V10,Urea 1kg/Are(V6 + V10),maize,Beans,2020-10-05,21,Well_decomposed,MV_605,45,100,0,2020-10-28,67,2020-11-18,50,2020-12-11,50,100,64,2021-01-24,2021-02-28,2021-03-15,2.86
9752b228-6a32-461a-89cd-6bad6702ad84,21A,9752b228-6a32-461a-89cd-6bad6702ad84-21A-D,D,DAP 1Kg/Are at planting+ Urea 1Kg/Are at V6,Urea 1kg/Are(V6),maize,Beans,2020-10-05,21,Well_decomposed,MV_605,45,100,0,2020-10-28,70,2020-11-18,100,,0,100,64,2021-01-24,2021-02-28,2021-03-15,2.97
fad83600-bd6a-4004-bf6f-dd13eabe93f6,21A,fad83600-bd6a-4004-bf6f-dd13eabe93f6-21A-A,A,DAP 1Kg/Are + Urea 0.5Kg/Are at V6,Urea 0.5Kg/Are(V6),maize,Beans,2020-10-05,14,Well_decomposed,MV_605,40,100,0,2020-10-29,43,2020-11-20,50,,0,50,41,2021-01-24,2021-02-28,2021-03-31,0.96
fad83600-bd6a-4004-bf6f-dd13eabe93f6,21A,fad83600-bd6a-4004-bf6f-dd13eabe93f6-21A-B,B,DAP 1Kg/Are + Urea 0.5Kg/Are at Planting and Urea 0.5Kg/Are at V6,Urea1kg/Are(Planting+V6),maize,Beans,2020-10-05,14,Well_decomposed,MV_605,40,100,50,2020-10-29,40,2020-11-20,50,,0,100,64,2021-01-24,2021-02-28,2021-03-31,0.89
fad83600-bd6a-4004-bf6f-dd13eabe93f6,21A,fad83600-bd6a-4004-bf6f-dd13eabe93f6-21A-C,C,DAP 1Kg/Are + Urea 0.5Kg/Are at V6 + Urea 0.5Kg/Are at V10,Urea 1kg/Are(V6 + V10),maize,Beans,2020-10-05,14,Well_decomposed,MV_605,40,100,0,2020-10-29,45,2020-11-20,50,2020-12-11,50,100,64,2021-01-24,2021-02-28,2021-03-31,1.34
fad83600-bd6a-4004-bf6f-dd13eabe93f6,21A,fad83600-bd6a-4004-bf6f-dd13eabe93f6-21A-D,D,DAP 1Kg/Are at planting+ Urea 1Kg/Are at V6,Urea 1kg/Are(V6),maize,Beans,2020-10-05,14,Well_decomposed,MV_605,40,100,0,2020-10-29,47,2020-11-20,100,,0,100,64,2021-01-24,2021-02-28,2021-03-31,0.71
4f81bde0-b1a3-4ea9-ab6c-00e8e501ffb8,21A,4f81bde0-b1a3-4ea9-ab6c-00e8e501ffb8-21A-A,A,DAP 1Kg/Are + Urea 0.5Kg/Are at V6,Urea 0.5Kg/Are(V6),maize,sorghum,2020-10-07,18,average,MV_605,41,100,0,2020-10-29,80,2020-11-26,50,,0,50,41,2021-01-29,2021-03-07,2021-03-31,3.97
4f81bde0-b1a3-4ea9-ab6c-00e8e501ffb8,21A,4f81bde0-b1a3-4ea9-ab6c-00e8e501ffb8-21A-B,B,DAP 1Kg/Are + Urea 0.5Kg/Are at Planting and Urea 0.5Kg/Are at V6,Urea1kg/Are(Planting+V6),maize,sorghum,2020-10-07,18,average,MV_605,41,100,50,2020-10-29,77,2020-11-26,50,,0,100,64,2021-01-29,2021-03-07,2021-03-31,3.18
4f81bde0-b1a3-4ea9-ab6c-00e8e501ffb8,21A,4f81bde0-b1a3-4ea9-ab6c-00e8e501ffb8-21A-C,C,DAP 1Kg/Are + Urea 0.5Kg/Are at V6 + Urea 0.5Kg/Are at V10,Urea 1kg/Are(V6 + V10),maize,sorghum,2020-10-07,18,average,MV_605,41,100,0,2020-10-29,82,2020-11-26,50,2020-12-17,50,100,64,2021-01-29,2021-03-07,2021-03-31,3.67
4f81bde0-b1a3-4ea9-ab6c-00e8e501ffb8,21A,4f81bde0-b1a3-4ea9-ab6c-00e8e501ffb8-21A-D,D,DAP 1Kg/Are at planting+ Urea 1Kg/Are at V6,Urea 1kg/Are(V6),maize,sorghum,2020-10-07,18,average,MV_605,41,100,0,2020-10-29,80,2020-11-26,100,,0,100,64,2021-01-29,2021-03-07,2021-03-31,3.27
4612f63d-b7a0-4cd9-af8a-2929f320c128,21A,4612f63d-b7a0-4cd9-af8a-2929f320c128-21A-A,A,DAP 1Kg/Are + Urea 0.5Kg/Are at V6,Urea 0.5Kg/Are(V6),maize,Beans,2020-10-07,11,Well_decomposed,MV_605,39,99,0,2020-10-29,64,2020-11-26,49,,0,49,40,2021-01-29,2021-03-07,2021-03-30,2.77
4612f63d-b7a0-4cd9-af8a-2929f320c128,21A,4612f63d-b7a0-4cd9-af8a-2929f320c128-21A-C,C,DAP 1Kg/Are + Urea 0.5Kg/Are at V6 + Urea 0.5Kg/Are at V10,Urea 1kg/Are(V6 + V10),maize,Beans,2020-10-07,11,Well_decomposed,MV_605,39,99,0,2020-10-29,70,2020-11-26,49,2020-12-17,49,99,63,2021-01-29,2021-03-07,2021-03-30,1.68
4612f63d-b7a0-4cd9-af8a-2929f320c128,21A,4612f63d-b7a0-4cd9-af8a-2929f320c128-21A-D,D,DAP 1Kg/Are at planting+ Urea 1Kg/Are at V6,Urea 1kg/Are(V6),maize,Beans,2020-10-07,11,Well_decomposed,MV_605,39,99,0,2020-10-29,67,2020-11-26,99,,0,99,63,2021-01-29,2021-03-07,2021-03-30,4.23
7a4865ab-6bcc-495b-bb61-471a3c44e3a6,21A,7a4865ab-6bcc-495b-bb61-471a3c44e3a6-21A-A,A,DAP 1Kg/Are + Urea 0.5Kg/Are at V6,Urea 0.5Kg/Are(V6),maize,sweet_potato,2020-10-07,16,average,MV_605,40,100,0,2020-11-12,60,2020-11-26,51,,0,51,41,2021-01-29,2021-03-07,2021-03-30,2.9
7a4865ab-6bcc-495b-bb61-471a3c44e3a6,21A,7a4865ab-6bcc-495b-bb61-471a3c44e3a6-21A-B,B,DAP 1Kg/Are + Urea 0.5Kg/Are at Planting and Urea 0.5Kg/Are at V6,Urea1kg/Are(Planting+V6),maize,sweet_potato,2020-10-07,16,average,MV_605,40,100,49,2020-11-12,65,2020-11-26,51,,0,100,64,2021-01-29,2021-03-07,2021-03-30,3.19
7a4865ab-6bcc-495b-bb61-471a3c44e3a6,21A,7a4865ab-6bcc-495b-bb61-471a3c44e3a6-21A-C,C,DAP 1Kg/Are + Urea 0.5Kg/Are at V6 + Urea 0.5Kg/Are at V10,Urea 1kg/Are(V6 + V10),maize,sweet_potato,2020-10-07,16,average,MV_605,40,100,0,2020-11-12,66,2020-11-26,51,2020-12-17,51,101,64,2021-01-29,2021-03-07,2021-03-30,3.17
7a4865ab-6bcc-495b-bb61-471a3c44e3a6,21A,7a4865ab-6bcc-495b-bb61-471a3c44e3a6-21A-D,D,DAP 1Kg/Are at planting+ Urea 1Kg/Are at V6,Urea 1kg/Are(V6),maize,sweet_potato,2020-10-07,16,average,MV_605,40,100,0,2020-11-12,61,2020-11-26,101,,0,101,64,2021-01-29,2021-03-07,2021-03-30,2.98
4547615a39a148bb81e9ff2262fb69f6,22A,4547615a39a148bb81e9ff2262fb69f6-22A-A,A,DAP 1Kg/Are + Urea 0.5Kg/Are at V6,Urea 0.5Kg/Are(V6),Maize,,2021-09-13,20,average,MV_507,40,100,0,2021-10-14,76,2021-10-21,50,,0,50,41,2021-12-02,2022-01-04,2022-02-10,1.37
4547615a39a148bb81e9ff2262fb69f6,22A,4547615a39a148bb81e9ff2262fb69f6-22A-B,B,DAP 1Kg/Are + Urea 0.5Kg/Are at Planting and Urea 0.5Kg/Are at V6,Urea1kg/Are(Planting+V6),Maize,,2021-09-13,20,average,MV_507,40,100,50,2021-10-14,74,2021-10-21,50,,0,100,64,2021-12-02,2022-01-04,2022-02-10,1.68
4547615a39a148bb81e9ff2262fb69f6,22A,4547615a39a148bb81e9ff2262fb69f6-22A-C,C,DAP 1Kg/Are + Urea 0.5Kg/Are at V6 + Urea 0.5Kg/Are at V10,Urea 1kg/Are(V6 + V10),Maize,,2021-09-13,20,average,MV_507,40,100,0,2021-10-14,78,2021-10-21,50,,50,100,64,2021-12-02,2022-01-04,2022-02-10,2.13
4547615a39a148bb81e9ff2262fb69f6,22A,4547615a39a148bb81e9ff2262fb69f6-22A-D,D,DAP 1Kg/Are at planting+ Urea 1Kg/Are at V6,Urea 1kg/Are(V6),Maize,,2021-09-13,20,average,MV_507,40,100,0,2021-10-14,73,2021-10-21,100,,0,100,64,2021-12-02,2022-01-04,2022-02-10,2.23
8875cb2727f3435982a6569280306a80,22A,8875cb2727f3435982a6569280306a80-22A-A,A,DAP 1Kg/Are + Urea 0.5Kg/Are at V6,Urea 0.5Kg/Are(V6),Maize,,2021-09-17,12,Well_decomposed,MV_507,40,100,0,2021-10-21,86,2021-10-26,50,,0,50,41,2021-12-06,2022-01-06,2022-02-01,2.08
8875cb2727f3435982a6569280306a80,22A,8875cb2727f3435982a6569280306a80-22A-B,B,DAP 1Kg/Are + Urea 0.5Kg/Are at Planting and Urea 0.5Kg/Are at V6,Urea1kg/Are(Planting+V6),Maize,,2021-09-17,12,Well_decomposed,MV_507,40,100,50,2021-10-21,84,2021-10-26,50,,0,100,64,2021-12-06,2022-01-06,2022-02-01,1.81
8875cb2727f3435982a6569280306a80,22A,8875cb2727f3435982a6569280306a80-22A-C,C,DAP 1Kg/Are + Urea 0.5Kg/Are at V6 + Urea 0.5Kg/Are at V10,Urea 1kg/Are(V6 + V10),Maize,,2021-09-17,12,Well_decomposed,MV_507,40,100,0,2021-10-21,81,2021-10-26,50,,50,100,64,2021-12-06,2022-01-06,2022-02-01,1.52
8875cb2727f3435982a6569280306a80,22A,8875cb2727f3435982a6569280306a80-22A-D,D,DAP 1Kg/Are at planting+ Urea 1Kg/Are at V6,Urea 1kg/Are(V6),Maize,,2021-09-17,10,Well_decomposed,MV_507,40,100,0,2021-10-21,84,2021-10-26,100,,0,100,64,2021-12-06,2022-01-06,2022-02-01,1.67
a3558113c4584fb29a48fbdee9e171df,22A,a3558113c4584fb29a48fbdee9e171df-22A-A,A,DAP 1Kg/Are + Urea 0.5Kg/Are at V6,Urea 0.5Kg/Are(V6),Maize,,2021-09-20,6,Well_decomposed,MV_507,41,100,0,2021-10-14,84,2021-10-21,51,,0,51,42,2021-12-05,2021-12-28,2022-01-28,5.17
a3558113c4584fb29a48fbdee9e171df,22A,a3558113c4584fb29a48fbdee9e171df-22A-B,B,DAP 1Kg/Are + Urea 0.5Kg/Are at Planting and Urea 0.5Kg/Are at V6,Urea1kg/Are(Planting+V6),Maize,,2021-09-20,6,Well_decomposed,MV_507,41,100,50,2021-10-14,79,2021-10-21,51,,0,101,65,2021-12-05,2021-12-28,2022-01-28,5.46
a3558113c4584fb29a48fbdee9e171df,22A,a3558113c4584fb29a48fbdee9e171df-22A-C,C,DAP 1Kg/Are + Urea 0.5Kg/Are at V6 + Urea 0.5Kg/Are at V10,Urea 1kg/Are(V6 + V10),Maize,,2021-09-20,6,Well_decomposed,MV_507,41,100,0,2021-10-14,83,2021-10-21,51,,51,103,65,2021-12-05,2021-12-28,2022-01-28,6.8
a3558113c4584fb29a48fbdee9e171df,22A,a3558113c4584fb29a48fbdee9e171df-22A-D,D,DAP 1Kg/Are at planting+ Urea 1Kg/Are at V6,Urea 1kg/Are(V6),Maize,,2021-09-20,6,Well_decomposed,MV_507,41,100,0,2021-10-14,83,2021-10-21,103,,0,103,65,2021-12-05,2021-12-28,2022-01-28,6.64
673759f668574c428dc42537f3fae685,22A,673759f668574c428dc42537f3fae685-22A-A,A,DAP 1Kg/Are + Urea 0.5Kg/Are at V6,Urea 0.5Kg/Are(V6),Maize,,2021-09-09,7,Well_decomposed,MV_507,41,100,0,2021-10-14,81,2021-10-18,51,,0,51,42,2021-12-03,2021-12-22,2022-01-12,6.45
673759f668574c428dc42537f3fae685,22A,673759f668574c428dc42537f3fae685-22A-B,B,DAP 1Kg/Are + Urea 0.5Kg/Are at Planting and Urea 0.5Kg/Are at V6,Urea1kg/Are(Planting+V6),Maize,,2021-09-09,7,Well_decomposed,MV_507,41,100,50,2021-10-14,82,2021-10-18,51,,0,101,65,2021-12-03,2021-12-22,2022-01-12,6.88
673759f668574c428dc42537f3fae685,22A,673759f668574c428dc42537f3fae685-22A-C,C,DAP 1Kg/Are + Urea 0.5Kg/Are at V6 + Urea 0.5Kg/Are at V10,Urea 1kg/Are(V6 + V10),Maize,,2021-09-09,7,Well_decomposed,MV_507,41,100,0,2021-10-14,78,2021-10-18,51,,51,103,65,2021-12-03,2021-12-22,2022-01-12,7.31
673759f668574c428dc42537f3fae685,22A,673759f668574c428dc42537f3fae685-22A-D,D,DAP 1Kg/Are at planting+ Urea 1Kg/Are at V6,Urea 1kg/Are(V6),Maize,,2021-09-09,7,Well_decomposed,MV_507,41,100,0,2021-10-14,81,2021-10-18,103,,0,103,65,2021-12-03,2021-12-22,2022-01-12,7.2
4b87606d022c4ec495d16dd4dbe24391,22A,4b87606d022c4ec495d16dd4dbe24391-22A-A,A,DAP 1Kg/Are + Urea 0.5Kg/Are at V6,Urea 0.5Kg/Are(V6),Maize,,2021-08-31,5,average,MV_507,40,100,0,2021-10-01,68,2021-10-12,50,,0,50,41,2021-12-03,2021-12-18,2022-01-07,3.47
4b87606d022c4ec495d16dd4dbe24391,22A,4b87606d022c4ec495d16dd4dbe24391-22A-B,B,DAP 1Kg/Are + Urea 0.5Kg/Are at Planting and Urea 0.5Kg/Are at V6,Urea1kg/Are(Planting+V6),Maize,,2021-08-31,5,average,MV_507,40,100,50,2021-10-01,70,2021-10-12,50,,0,100,64,2021-12-01,2021-12-18,2022-01-07,4.98
4b87606d022c4ec495d16dd4dbe24391,22A,4b87606d022c4ec495d16dd4dbe24391-22A-C,C,DAP 1Kg/Are + Urea 0.5Kg/Are at V6 + Urea 0.5Kg/Are at V10,Urea 1kg/Are(V6 + V10),Maize,,2021-08-31,5,average,MV_507,40,100,0,2021-10-01,67,2021-10-12,50,,50,100,64,2021-12-01,2021-12-18,2022-01-07,4.76
4b87606d022c4ec495d16dd4dbe24391,22A,4b87606d022c4ec495d16dd4dbe24391-22A-D,D,DAP 1Kg/Are at planting+ Urea 1Kg/Are at V6,Urea 1kg/Are(V6),Maize,,2021-08-31,5,average,MV_507,40,100,0,2021-10-01,71,2021-10-12,100,,0,100,64,2021-12-01,2021-12-18,2022-01-07,5.32
a4e761f6e5934a3d9f349b565cfdf105,22A,a4e761f6e5934a3d9f349b565cfdf105-22A-A,A,DAP 1Kg/Are + Urea 0.5Kg/Are at V6,Urea 0.5Kg/Are(V6),Maize,,2021-09-29,10,poorly_decomposed,MV_507,42,100,0,2021-10-21,86,2021-11-04,50,,0,50,41,2021-12-15,2022-01-08,2022-02-07,2.27
a4e761f6e5934a3d9f349b565cfdf105,22A,a4e761f6e5934a3d9f349b565cfdf105-22A-B,B,DAP 1Kg/Are + Urea 0.5Kg/Are at Planting and Urea 0.5Kg/Are at V6,Urea1kg/Are(Planting+V6),Maize,,2021-09-29,10,poorly_decomposed,MV_507,42,100,50,2021-10-21,84,2021-11-05,50,,0,100,64,2021-12-15,2022-01-08,2022-02-07,2.26
a4e761f6e5934a3d9f349b565cfdf105,22A,a4e761f6e5934a3d9f349b565cfdf105-22A-C,C,DAP 1Kg/Are + Urea 0.5Kg/Are at V6 + Urea 0.5Kg/Are at V10,Urea 1kg/Are(V6 + V10),Maize,,2021-09-29,10,poorly_decomposed,MV_507,42,100,0,2021-10-21,89,2021-11-04,50,,50,100,64,2021-12-15,2022-01-08,2022-02-07,1.02
a4e761f6e5934a3d9f349b565cfdf105,22A,a4e761f6e5934a3d9f349b565cfdf105-22A-D,D,DAP 1Kg/Are at planting+ Urea 1Kg/Are at V6,Urea 1kg/Are(V6),Maize,,2021-09-29,10,poorly_decomposed,MV_507,42,100,0,2021-10-21,81,2021-11-04,100,,0,100,64,2021-12-15,2022-01-08,2022-02-07,1.14
3d3eac3596c74fc0875359d4a8996efa,22A,3d3eac3596c74fc0875359d4a8996efa-22A-A,A,DAP 1Kg/Are + Urea 0.5Kg/Are at V6,Urea 0.5Kg/Are(V6),Maize,,2021-09-16,10,Well_decomposed,MV_507,40,99,0,2021-10-21,91,2021-10-25,49,,0,49,40,2021-12-03,2021-12-22,2022-01-28,4.7
3d3eac3596c74fc0875359d4a8996efa,22A,3d3eac3596c74fc0875359d4a8996efa-22A-B,B,DAP 1Kg/Are + Urea 0.5Kg/Are at Planting and Urea 0.5Kg/Are at V6,Urea1kg/Are(Planting+V6),Maize,,2021-09-16,10,Well_decomposed,MV_507,40,99,49,2021-10-21,88,2021-10-25,49,,0,99,63,2021-12-03,2021-12-22,2022-01-28,5.32
3d3eac3596c74fc0875359d4a8996efa,22A,3d3eac3596c74fc0875359d4a8996efa-22A-C,C,DAP 1Kg/Are + Urea 0.5Kg/Are at V6 + Urea 0.5Kg/Are at V10,Urea 1kg/Are(V6 + V10),Maize,,2021-09-16,10,Well_decomposed,MV_507,40,99,0,2021-10-21,92,2021-10-25,49,,49,99,63,2021-12-03,2021-12-22,2022-01-28,5.67
3d3eac3596c74fc0875359d4a8996efa,22A,3d3eac3596c74fc0875359d4a8996efa-22A-D,D,DAP 1Kg/Are at planting+ Urea 1Kg/Are at V6,Urea 1kg/Are(V6),Maize,,2021-09-16,10,Well_decomposed,MV_507,40,99,0,2021-10-21,84,2021-10-25,99,,0,99,63,2021-12-03,2021-12-22,2022-01-28,5.48
19e06c25403d4097b71795304b9128a7,22A,19e06c25403d4097b71795304b9128a7-22A-A,A,DAP 1Kg/Are + Urea 0.5Kg/Are at V6,Urea 0.5Kg/Are(V6),Maize,,2021-08-31,5,average,MV_507,41,100,0,2021-10-01,66,2021-10-12,51,,0,51,42,2021-12-01,2021-12-18,2022-01-07,3.9
19e06c25403d4097b71795304b9128a7,22A,19e06c25403d4097b71795304b9128a7-22A-B,B,DAP 1Kg/Are + Urea 0.5Kg/Are at Planting and Urea 0.5Kg/Are at V6,Urea1kg/Are(Planting+V6),Maize,,2021-08-31,5,average,MV_507,41,100,50,2021-10-01,69,2021-10-12,51,,0,101,65,2021-12-01,2021-12-18,2022-01-07,5.14
19e06c25403d4097b71795304b9128a7,22A,19e06c25403d4097b71795304b9128a7-22A-C,C,DAP 1Kg/Are + Urea 0.5Kg/Are at V6 + Urea 0.5Kg/Are at V10,Urea 1kg/Are(V6 + V10),Maize,,2021-08-31,5,average,MV_507,41,100,0,2021-10-01,67,2021-10-12,51,,51,103,65,2021-12-01,2021-12-18,2022-01-07,5.55
19e06c25403d4097b71795304b9128a7,22A,19e06c25403d4097b71795304b9128a7-22A-D,D,DAP 1Kg/Are at planting+ Urea 1Kg/Are at V6,Urea 1kg/Are(V6),Maize,,2021-08-31,5,average,MV_507,41,100,0,2021-10-01,71,2021-10-12,103,,0,103,65,2021-12-01,2021-12-18,2022-01-07,5.56
929300f8678643d99760d2fa8d05fff0,22A,929300f8678643d99760d2fa8d05fff0-22A-A,A,DAP 1Kg/Are + Urea 0.5Kg/Are at V6,Urea 0.5Kg/Are(V6),Maize,,2021-09-10,10,average,MV_605,32,100,0,2021-10-13,52,2021-11-10,50,,0,50,41,2022-01-13,2022-02-14,2022-03-23,1.97
929300f8678643d99760d2fa8d05fff0,22A,929300f8678643d99760d2fa8d05fff0-22A-B,B,DAP 1Kg/Are + Urea 0.5Kg/Are at Planting and Urea 0.5Kg/Are at V6,Urea1kg/Are(Planting+V6),Maize,,2021-09-10,10,average,MV_605,32,100,50,2021-10-13,68,2021-11-10,50,,0,100,64,2022-01-06,2022-02-10,2022-03-23,2.94
929300f8678643d99760d2fa8d05fff0,22A,929300f8678643d99760d2fa8d05fff0-22A-C,C,DAP 1Kg/Are + Urea 0.5Kg/Are at V6 + Urea 0.5Kg/Are at V10,Urea 1kg/Are(V6 + V10),Maize,,2021-09-10,10,average,MV_605,33,100,0,2021-10-13,64,2021-11-10,50,,50,100,64,2022-01-06,2022-02-10,2022-03-23,2.87
929300f8678643d99760d2fa8d05fff0,22A,929300f8678643d99760d2fa8d05fff0-22A-D,D,DAP 1Kg/Are at planting+ Urea 1Kg/Are at V6,Urea 1kg/Are(V6),Maize,,2021-09-10,10,average,MV_605,33,100,0,2021-10-13,68,2021-11-10,100,,0,100,64,2022-01-06,2022-02-10,2022-03-23,4.15
a531b0d3138c4041a5aaa435820eaf77,22A,a531b0d3138c4041a5aaa435820eaf77-22A-A,A,DAP 1Kg/Are + Urea 0.5Kg/Are at V6,Urea 0.5Kg/Are(V6),Maize,,2021-09-10,7,average,MV_605,32,100,0,2021-10-13,55,2021-11-12,50,,0,50,41,2022-01-06,2022-02-04,2022-03-22,1.5
a531b0d3138c4041a5aaa435820eaf77,22A,a531b0d3138c4041a5aaa435820eaf77-22A-B,B,DAP 1Kg/Are + Urea 0.5Kg/Are at Planting and Urea 0.5Kg/Are at V6,Urea1kg/Are(Planting+V6),Maize,,2021-09-10,7,average,MV_605,32,100,50,2021-10-13,58,2021-11-12,50,,0,100,64,2022-01-06,2022-02-04,2022-03-22,1.83
a531b0d3138c4041a5aaa435820eaf77,22A,a531b0d3138c4041a5aaa435820eaf77-22A-C,C,DAP 1Kg/Are + Urea 0.5Kg/Are at V6 + Urea 0.5Kg/Are at V10,Urea 1kg/Are(V6 + V10),Maize,,2021-09-10,7,average,MV_605,32,100,0,2021-10-13,60,2021-11-12,50,,50,100,64,2022-01-06,2022-02-04,2022-03-22,2.4
a531b0d3138c4041a5aaa435820eaf77,22A,a531b0d3138c4041a5aaa435820eaf77-22A-D,D,DAP 1Kg/Are at planting+ Urea 1Kg/Are at V6,Urea 1kg/Are(V6),Maize,,2021-09-10,7,average,MV_605,31,100,0,2021-10-13,58,2021-11-12,100,,0,100,64,2022-01-06,2022-02-04,2022-03-22,2.23
a6bff04295e14af1aee28af9b21614d2,22A,a6bff04295e14af1aee28af9b21614d2-22A-A,A,DAP 1Kg/Are + Urea 0.5Kg/Are at V6,Urea 0.5Kg/Are(V6),Maize,,2021-09-14,12,average,MV_605,33,100,0,2021-10-14,82,2021-11-11,50,,0,50,41,2022-01-06,2022-02-08,2022-02-24,7.55
a6bff04295e14af1aee28af9b21614d2,22A,a6bff04295e14af1aee28af9b21614d2-22A-B,B,DAP 1Kg/Are + Urea 0.5Kg/Are at Planting and Urea 0.5Kg/Are at V6,Urea1kg/Are(Planting+V6),Maize,,2021-09-14,12,average,MV_605,34,100,50,2021-10-14,76,2021-11-11,50,,0,100,64,2022-01-06,2022-02-08,2022-02-24,6.23
a6bff04295e14af1aee28af9b21614d2,22A,a6bff04295e14af1aee28af9b21614d2-22A-C,C,DAP 1Kg/Are + Urea 0.5Kg/Are at V6 + Urea 0.5Kg/Are at V10,Urea 1kg/Are(V6 + V10),Maize,,2021-09-14,12,average,MV_605,34,100,0,2021-10-14,76,2021-11-11,50,,50,100,64,2022-01-06,2022-02-08,2022-02-24,7.67
a6bff04295e14af1aee28af9b21614d2,22A,a6bff04295e14af1aee28af9b21614d2-22A-D,D,DAP 1Kg/Are at planting+ Urea 1Kg/Are at V6,Urea 1kg/Are(V6),Maize,,2021-09-14,12,average,MV_605,33,100,0,2021-10-14,78,2021-11-11,100,,0,100,64,2022-01-06,2022-02-08,2022-02-24,6.66
4ff9d26522cf49bcafdde0f8d5561d01,22A,4ff9d26522cf49bcafdde0f8d5561d01-22A-A,A,DAP 1Kg/Are + Urea 0.5Kg/Are at V6,Urea 0.5Kg/Are(V6),Maize,,2021-09-13,10,average,MV_605,31,100,0,2021-10-14,80,2021-11-08,50,,0,50,41,2022-01-06,2022-02-08,2022-02-23,4.71
4ff9d26522cf49bcafdde0f8d5561d01,22A,4ff9d26522cf49bcafdde0f8d5561d01-22A-B,B,DAP 1Kg/Are + Urea 0.5Kg/Are at Planting and Urea 0.5Kg/Are at V6,Urea1kg/Are(Planting+V6),Maize,,2021-09-13,10,average,MV_605,32,100,50,2021-10-14,78,2021-11-08,50,,0,100,64,2022-01-06,2022-02-08,2022-02-23,5.64
4ff9d26522cf49bcafdde0f8d5561d01,22A,4ff9d26522cf49bcafdde0f8d5561d01-22A-C,C,DAP 1Kg/Are + Urea 0.5Kg/Are at V6 + Urea 0.5Kg/Are at V10,Urea 1kg/Are(V6 + V10),Maize,,2021-09-13,10,average,MV_605,32,100,0,2021-10-14,84,2021-11-08,50,,50,100,64,2022-01-06,2022-02-08,2022-02-23,5.62
4ff9d26522cf49bcafdde0f8d5561d01,22A,4ff9d26522cf49bcafdde0f8d5561d01-22A-D,D,DAP 1Kg/Are at planting+ Urea 1Kg/Are at V6,Urea 1kg/Are(V6),Maize,,2021-09-13,10,average,MV_605,31,100,0,2021-10-14,74,2021-11-08,100,,0,100,64,2022-01-06,2022-02-08,2022-02-23,4.77
799cb26c4cf54ceaa56fa94fff9fcc54,22A,799cb26c4cf54ceaa56fa94fff9fcc54-22A-A,A,DAP 1Kg/Are + Urea 0.5Kg/Are at V6,Urea 0.5Kg/Are(V6),Maize,,2021-09-23,9,poorly_decomposed,MV_605,35,100,0,2021-10-20,78,2021-11-17,50,,0,50,41,2022-01-12,2022-02-17,2022-03-16,2.36
799cb26c4cf54ceaa56fa94fff9fcc54,22A,799cb26c4cf54ceaa56fa94fff9fcc54-22A-B,B,DAP 1Kg/Are + Urea 0.5Kg/Are at Planting and Urea 0.5Kg/Are at V6,Urea1kg/Are(Planting+V6),Maize,,2021-09-23,9,poorly_decomposed,MV_605,35,100,50,2021-10-20,72,2021-11-17,50,,0,100,64,2022-01-12,2022-02-17,2022-03-16,2.55
799cb26c4cf54ceaa56fa94fff9fcc54,22A,799cb26c4cf54ceaa56fa94fff9fcc54-22A-C,C,DAP 1Kg/Are + Urea 0.5Kg/Are at V6 + Urea 0.5Kg/Are at V10,Urea 1kg/Are(V6 + V10),Maize,,2021-09-23,9,poorly_decomposed,MV_605,36,100,0,2021-10-20,80,2021-11-17,50,,50,100,64,2022-01-12,2022-02-17,2022-03-16,3.88
799cb26c4cf54ceaa56fa94fff9fcc54,22A,799cb26c4cf54ceaa56fa94fff9fcc54-22A-D,D,DAP 1Kg/Are at planting+ Urea 1Kg/Are at V6,Urea 1kg/Are(V6),Maize,,2021-09-23,9,poorly_decomposed,MV_605,35,100,0,2021-10-20,76,2021-11-17,100,,0,100,64,2022-01-12,2022-02-17,2022-03-16,3.85
13cc46cb8c384462b56ba5a12290d83e,22A,13cc46cb8c384462b56ba5a12290d83e-22A-A,A,DAP 1Kg/Are + Urea 0.5Kg/Are at V6,Urea 0.5Kg/Are(V6),Maize,,2021-09-14,12,average,MV_605,33,100,0,2021-10-13,64,2021-11-19,50,,0,50,41,2022-01-10,2022-02-04,2022-03-08,3.5
13cc46cb8c384462b56ba5a12290d83e,22A,13cc46cb8c384462b56ba5a12290d83e-22A-B,B,DAP 1Kg/Are + Urea 0.5Kg/Are at Planting and Urea 0.5Kg/Are at V6,Urea1kg/Are(Planting+V6),Maize,,2021-09-14,12,average,MV_605,34,100,50,2021-10-13,60,2021-11-19,50,,0,100,64,2022-01-10,2022-02-04,2022-03-08,3.21
13cc46cb8c384462b56ba5a12290d83e,22A,13cc46cb8c384462b56ba5a12290d83e-22A-C,C,DAP 1Kg/Are + Urea 0.5Kg/Are at V6 + Urea 0.5Kg/Are at V10,Urea 1kg/Are(V6 + V10),Maize,,2021-09-14,12,average,MV_605,34,100,0,2021-10-13,60,2021-11-19,50,,50,100,64,2022-01-10,2022-02-04,2022-03-08,3.31
13cc46cb8c384462b56ba5a12290d83e,22A,13cc46cb8c384462b56ba5a12290d83e-22A-D,D,DAP 1Kg/Are at planting+ Urea 1Kg/Are at V6,Urea 1kg/Are(V6),Maize,,2021-09-14,12,average,MV_605,33,100,0,2021-10-13,66,2021-11-19,100,,0,100,64,2022-01-10,2022-02-04,2022-03-08,4.6
58673dd048844a9c97c92d7b3f3542d1,22A,58673dd048844a9c97c92d7b3f3542d1-22A-A,A,DAP 1Kg/Are + Urea 0.5Kg/Are at V6,Urea 0.5Kg/Are(V6),Maize,,2021-10-04,9,poorly_decomposed,MV_605,34,100,0,2021-10-28,80,2021-11-27,50,,0,50,41,2022-01-19,2022-02-24,2022-03-15,5.44
58673dd048844a9c97c92d7b3f3542d1,22A,58673dd048844a9c97c92d7b3f3542d1-22A-B,B,DAP 1Kg/Are + Urea 0.5Kg/Are at Planting and Urea 0.5Kg/Are at V6,Urea1kg/Are(Planting+V6),Maize,,2021-10-04,9,poorly_decomposed,MV_605,34,100,50,2021-10-28,79,2021-11-27,50,,0,100,64,2022-01-19,2022-02-24,2022-03-15,5.96
58673dd048844a9c97c92d7b3f3542d1,22A,58673dd048844a9c97c92d7b3f3542d1-22A-C,C,DAP 1Kg/Are + Urea 0.5Kg/Are at V6 + Urea 0.5Kg/Are at V10,Urea 1kg/Are(V6 + V10),Maize,,2021-10-04,9,poorly_decomposed,MV_605,33,100,0,2021-10-28,86,2021-11-27,50,,50,100,64,2022-01-19,2022-02-24,2022-03-15,5.72
58673dd048844a9c97c92d7b3f3542d1,22A,58673dd048844a9c97c92d7b3f3542d1-22A-D,D,DAP 1Kg/Are at planting+ Urea 1Kg/Are at V6,Urea 1kg/Are(V6),Maize,,2021-10-04,9,poorly_decomposed,MV_605,33,100,0,2021-10-28,82,2021-11-27,100,,0,100,64,2022-01-19,2022-02-24,2022-03-15,6.22
a26e84caad4f4f89b3ecc9430f4bbf7b,22A,a26e84caad4f4f89b3ecc9430f4bbf7b-22A-A,A,DAP 1Kg/Are + Urea 0.5Kg/Are at V6,Urea 0.5Kg/Are(V6),Maize,,2021-09-20,7,poorly_decomposed,MV_605,31,100,0,2021-10-20,78,2021-11-11,50,,0,50,41,2022-01-06,2022-02-14,2022-03-03,3.74
a26e84caad4f4f89b3ecc9430f4bbf7b,22A,a26e84caad4f4f89b3ecc9430f4bbf7b-22A-B,B,DAP 1Kg/Are + Urea 0.5Kg/Are at Planting and Urea 0.5Kg/Are at V6,Urea1kg/Are(Planting+V6),Maize,,2021-09-20,7,poorly_decomposed,MV_605,32,100,50,2021-10-20,76,2021-11-11,50,,0,100,64,2022-01-06,2022-02-14,2022-03-03,4.97
a26e84caad4f4f89b3ecc9430f4bbf7b,22A,a26e84caad4f4f89b3ecc9430f4bbf7b-22A-C,C,DAP 1Kg/Are + Urea 0.5Kg/Are at V6 + Urea 0.5Kg/Are at V10,Urea 1kg/Are(V6 + V10),Maize,,2021-09-20,7,poorly_decomposed,MV_403,32,100,0,2021-10-20,70,2021-11-11,50,,50,100,64,2022-01-06,2022-02-14,2022-03-03,4.26
a26e84caad4f4f89b3ecc9430f4bbf7b,22A,a26e84caad4f4f89b3ecc9430f4bbf7b-22A-D,D,DAP 1Kg/Are at planting+ Urea 1Kg/Are at V6,Urea 1kg/Are(V6),Maize,,2021-09-20,7,poorly_decomposed,MV_605,31,100,0,2021-10-20,52,2021-11-11,100,,0,100,64,2022-01-06,2022-02-14,2022-03-03,4.13
9b793c2a82294649a935b819a04948f8,22A,9b793c2a82294649a935b819a04948f8-22A-A,A,DAP 1Kg/Are + Urea 0.5Kg/Are at V6,Urea 0.5Kg/Are(V6),Maize,,2021-09-29,8,average,MV_605,31,100,0,2021-11-03,68,2021-12-02,50,,0,50,41,2022-01-26,2022-02-28,2022-04-15,3.07
9b793c2a82294649a935b819a04948f8,22A,9b793c2a82294649a935b819a04948f8-22A-B,B,DAP 1Kg/Are + Urea 0.5Kg/Are at Planting and Urea 0.5Kg/Are at V6,Urea1kg/Are(Planting+V6),Maize,,2021-09-29,8,average,MV_605,31,100,50,2021-11-03,72,2021-12-02,50,,0,100,64,2022-01-26,2022-02-28,2022-04-15,3.3
9b793c2a82294649a935b819a04948f8,22A,9b793c2a82294649a935b819a04948f8-22A-C,C,DAP 1Kg/Are + Urea 0.5Kg/Are at V6 + Urea 0.5Kg/Are at V10,Urea 1kg/Are(V6 + V10),Maize,,2021-09-29,8,average,MV_605,32,100,0,2021-11-03,64,2021-12-02,50,,50,100,64,2022-01-26,2022-02-28,2022-04-15,4.15
9b793c2a82294649a935b819a04948f8,22A,9b793c2a82294649a935b819a04948f8-22A-D,D,DAP 1Kg/Are at planting+ Urea 1Kg/Are at V6,Urea 1kg/Are(V6),Maize,,2021-09-29,8,average,MV_605,32,100,0,2021-11-03,68,2021-12-02,100,,0,100,64,2022-01-26,2022-02-28,2022-04-15,4.68
e3fc7f0d9a5640a794c515a61b537569,22A,e3fc7f0d9a5640a794c515a61b537569-22A-A,A,DAP 1Kg/Are + Urea 0.5Kg/Are at V6,Urea 0.5Kg/Are(V6),Maize,,2021-09-22,10,poorly_decomposed,MV_605,32,100,0,2021-10-22,80,2021-11-18,50,,0,50,41,2022-01-19,2022-02-24,2022-03-24,3.94
e3fc7f0d9a5640a794c515a61b537569,22A,e3fc7f0d9a5640a794c515a61b537569-22A-B,B,DAP 1Kg/Are + Urea 0.5Kg/Are at Planting and Urea 0.5Kg/Are at V6,Urea1kg/Are(Planting+V6),Maize,,2021-09-22,10,poorly_decomposed,MV_605,32,100,50,2021-10-22,72,2021-11-18,50,,0,100,64,2022-01-19,2022-02-24,2022-03-24,3.25
e3fc7f0d9a5640a794c515a61b537569,22A,e3fc7f0d9a5640a794c515a61b537569-22A-C,C,DAP 1Kg/Are + Urea 0.5Kg/Are at V6 + Urea 0.5Kg/Are at V10,Urea 1kg/Are(V6 + V10),Maize,,2021-09-22,10,poorly_decomposed,MV_605,33,100,0,2021-10-22,80,2021-11-18,50,,50,100,64,2022-01-19,2022-02-24,2022-03-24,4.93
e3fc7f0d9a5640a794c515a61b537569,22A,e3fc7f0d9a5640a794c515a61b537569-22A-D,D,DAP 1Kg/Are at planting+ Urea 1Kg/Are at V6,Urea 1kg/Are(V6),Maize,,2021-09-22,10,poorly_decomposed,MV_605,32,100,0,2021-10-22,82,2021-11-18,100,,0,100,64,2022-01-19,2022-02-24,2022-03-24,5.54
d0ba4141e99349d5a90fb7f5303d9b2e,22A,d0ba4141e99349d5a90fb7f5303d9b2e-22A-A,A,DAP 1Kg/Are + Urea 0.5Kg/Are at V6,Urea 0.5Kg/Are(V6),Maize,,2021-08-30,12,average,MV_507,40,101,0,2021-10-06,100,2021-10-12,50,,0,50,41,2021-11-24,2021-12-11,2022-01-07,3.53
d0ba4141e99349d5a90fb7f5303d9b2e,22A,d0ba4141e99349d5a90fb7f5303d9b2e-22A-B,B,DAP 1Kg/Are + Urea 0.5Kg/Are at Planting and Urea 0.5Kg/Are at V6,Urea1kg/Are(Planting+V6),Maize,,2021-08-30,12,average,MV_507,40,101,50,2021-10-06,100,2021-10-12,50,,0,101,65,2021-11-24,2021-12-11,2022-01-07,3.38
d0ba4141e99349d5a90fb7f5303d9b2e,22A,d0ba4141e99349d5a90fb7f5303d9b2e-22A-C,C,DAP 1Kg/Are + Urea 0.5Kg/Are at V6 + Urea 0.5Kg/Are at V10,Urea 1kg/Are(V6 + V10),Maize,,2021-08-30,12,average,MV_507,40,101,0,2021-10-06,100,2021-10-12,50,,50,101,65,2021-11-24,2021-12-11,2022-01-07,3.31
d0ba4141e99349d5a90fb7f5303d9b2e,22A,d0ba4141e99349d5a90fb7f5303d9b2e-22A-D,D,DAP 1Kg/Are at planting+ Urea 1Kg/Are at V6,Urea 1kg/Are(V6),Maize,,2021-08-30,12,average,MV_507,40,101,0,2021-10-06,100,2021-10-12,101,,0,101,65,2021-11-24,2021-12-11,2022-01-07,2.19
6317a262220c4826ab9352ceca7e2f01,22A,6317a262220c4826ab9352ceca7e2f01-22A-A,A,DAP 1Kg/Are + Urea 0.5Kg/Are at V6,Urea 0.5Kg/Are(V6),Maize,,2021-09-16,9,average,MV_507,40,100,0,2021-10-14,100,2021-10-23,50,,0,50,41,2021-12-01,2021-12-29,2022-01-20,4.89
6317a262220c4826ab9352ceca7e2f01,22A,6317a262220c4826ab9352ceca7e2f01-22A-B,B,DAP 1Kg/Are + Urea 0.5Kg/Are at Planting and Urea 0.5Kg/Are at V6,Urea1kg/Are(Planting+V6),Maize,,2021-09-16,9,Well_decomposed,MV_507,40,100,50,2021-10-14,100,2021-10-23,50,,0,100,64,2021-12-01,2021-12-29,2022-01-20,7.18
6317a262220c4826ab9352ceca7e2f01,22A,6317a262220c4826ab9352ceca7e2f01-22A-C,C,DAP 1Kg/Are + Urea 0.5Kg/Are at V6 + Urea 0.5Kg/Are at V10,Urea 1kg/Are(V6 + V10),Maize,,2021-09-16,9,average,MV_507,40,100,0,2021-10-14,100,2021-10-23,50,,50,100,64,2021-12-01,2021-12-29,2022-01-20,5.25
6317a262220c4826ab9352ceca7e2f01,22A,6317a262220c4826ab9352ceca7e2f01-22A-D,D,DAP 1Kg/Are at planting+ Urea 1Kg/Are at V6,Urea 1kg/Are(V6),Maize,,2021-09-16,9,average,MV_507,40,100,0,2021-10-14,100,2021-10-23,100,,0,100,64,2021-12-01,2021-12-29,2022-01-20,6.35
440353422980424587303a9964e50829,22A,440353422980424587303a9964e50829-22A-A,A,DAP 1Kg/Are + Urea 0.5Kg/Are at V6,Urea 0.5Kg/Are(V6),Maize,,2021-09-11,8,average,MV_507,40,100,0,2021-10-13,100,2021-10-23,50,,0,50,41,2021-12-01,2021-12-29,2022-01-12,4.55
440353422980424587303a9964e50829,22A,440353422980424587303a9964e50829-22A-B,B,DAP 1Kg/Are + Urea 0.5Kg/Are at Planting and Urea 0.5Kg/Are at V6,Urea1kg/Are(Planting+V6),Maize,,2021-09-11,8,average,MV_507,40,100,50,2021-10-13,100,2021-10-23,50,,0,100,64,2021-12-01,2021-12-29,2022-01-12,3.85
440353422980424587303a9964e50829,22A,440353422980424587303a9964e50829-22A-C,C,DAP 1Kg/Are + Urea 0.5Kg/Are at V6 + Urea 0.5Kg/Are at V10,Urea 1kg/Are(V6 + V10),Maize,,2021-09-11,8,average,MV_507,40,100,0,2021-10-13,100,2021-10-23,50,,50,100,64,2021-12-01,2021-12-29,2022-01-12,3.74
440353422980424587303a9964e50829,22A,440353422980424587303a9964e50829-22A-D,D,DAP 1Kg/Are at planting+ Urea 1Kg/Are at V6,Urea 1kg/Are(V6),Maize,,2021-09-11,8,average,MV_507,40,100,0,2021-10-13,100,2021-10-23,100,,0,100,64,2021-12-01,2021-12-29,2022-01-12,4.15
39f86446facd49d0bd27f282c241a05b,22A,39f86446facd49d0bd27f282c241a05b-22A-A,A,DAP 1Kg/Are + Urea 0.5Kg/Are at V6,Urea 0.5Kg/Are(V6),Maize,,2021-09-11,8,average,MV_507,41,100,0,2021-10-08,100,2021-10-20,50,,0,50,41,2021-12-03,2021-12-31,2022-02-02,4.87
39f86446facd49d0bd27f282c241a05b,22A,39f86446facd49d0bd27f282c241a05b-22A-B,B,DAP 1Kg/Are + Urea 0.5Kg/Are at Planting and Urea 0.5Kg/Are at V6,Urea1kg/Are(Planting+V6),Maize,,2021-09-11,8,average,MV_507,40,100,50,2021-10-08,100,2021-10-20,50,,0,100,64,2021-12-03,2021-12-31,2022-02-02,4.65
39f86446facd49d0bd27f282c241a05b,22A,39f86446facd49d0bd27f282c241a05b-22A-C,C,DAP 1Kg/Are + Urea 0.5Kg/Are at V6 + Urea 0.5Kg/Are at V10,Urea 1kg/Are(V6 + V10),Maize,,2021-09-11,8,average,MV_507,40,100,0,2021-10-08,100,2021-10-20,50,,50,100,64,2021-12-03,2021-12-31,2022-02-02,3.96
39f86446facd49d0bd27f282c241a05b,22A,39f86446facd49d0bd27f282c241a05b-22A-D,D,DAP 1Kg/Are at planting+ Urea 1Kg/Are at V6,Urea 1kg/Are(V6),Maize,,2021-09-11,8,average,MV_507,40,100,0,2021-10-08,100,2021-10-20,100,,0,100,64,2021-12-03,2021-12-31,2022-02-02,4.73
78e793d686714f1cb241ffec6aca1d70,22A,78e793d686714f1cb241ffec6aca1d70-22A-A,A,DAP 1Kg/Are + Urea 0.5Kg/Are at V6,Urea 0.5Kg/Are(V6),Maize,,2021-09-06,8,average,MV_507,40,100,0,2021-10-09,100,2021-10-18,50,,0,50,41,2021-12-01,2021-12-29,2022-01-13,1.69
78e793d686714f1cb241ffec6aca1d70,22A,78e793d686714f1cb241ffec6aca1d70-22A-B,B,DAP 1Kg/Are + Urea 0.5Kg/Are at Planting and Urea 0.5Kg/Are at V6,Urea1kg/Are(Planting+V6),Maize,,2021-09-06,8,average,MV_507,40,100,50,2021-10-09,100,2021-10-18,50,,0,100,64,2021-12-01,2021-12-29,2022-01-13,1.66
78e793d686714f1cb241ffec6aca1d70,22A,78e793d686714f1cb241ffec6aca1d70-22A-C,C,DAP 1Kg/Are + Urea 0.5Kg/Are at V6 + Urea 0.5Kg/Are at V10,Urea 1kg/Are(V6 + V10),Maize,,2021-09-06,8,average,MV_507,40,100,0,2021-10-09,100,2021-10-18,50,,50,100,64,2021-12-01,2021-12-29,2022-01-13,1.07
78e793d686714f1cb241ffec6aca1d70,22A,78e793d686714f1cb241ffec6aca1d70-22A-D,D,DAP 1Kg/Are at planting+ Urea 1Kg/Are at V6,Urea 1kg/Are(V6),Maize,,2021-09-06,8,average,MV_507,40,100,0,2021-10-09,100,2021-10-18,100,,0,100,64,2021-12-01,2021-12-29,2022-01-13,1.43
5ed8f364ac4c40339f2f4171a46ce302,22A,5ed8f364ac4c40339f2f4171a46ce302-22A-A,A,DAP 1Kg/Are + Urea 0.5Kg/Are at V6,Urea 0.5Kg/Are(V6),Maize,,2021-09-17,10,average,MV_507,40,100,0,2021-10-07,100,2021-10-22,50,,0,50,41,2022-01-04,2022-01-16,2022-02-17,3.68
5ed8f364ac4c40339f2f4171a46ce302,22A,5ed8f364ac4c40339f2f4171a46ce302-22A-B,B,DAP 1Kg/Are + Urea 0.5Kg/Are at Planting and Urea 0.5Kg/Are at V6,Urea1kg/Are(Planting+V6),Maize,,2021-09-17,10,average,MV_507,40,100,50,2021-10-07,100,2021-10-22,50,,0,100,64,2022-01-04,2022-01-16,2022-02-17,3.36
5ed8f364ac4c40339f2f4171a46ce302,22A,5ed8f364ac4c40339f2f4171a46ce302-22A-C,C,DAP 1Kg/Are + Urea 0.5Kg/Are at V6 + Urea 0.5Kg/Are at V10,Urea 1kg/Are(V6 + V10),Maize,,2021-09-17,10,average,MV_507,40,100,0,2021-10-07,100,2021-10-22,50,,50,100,64,2022-01-04,2022-01-16,2022-02-17,2.46
5ed8f364ac4c40339f2f4171a46ce302,22A,5ed8f364ac4c40339f2f4171a46ce302-22A-D,D,DAP 1Kg/Are at planting+ Urea 1Kg/Are at V6,Urea 1kg/Are(V6),Maize,,2021-09-17,10,average,MV_507,40,100,0,2021-10-07,100,2021-10-22,100,,0,100,64,2022-01-04,2022-01-16,2022-02-17,4.08
4863dcbe7f284fe5866c32fbd14d69ab,22A,4863dcbe7f284fe5866c32fbd14d69ab-22A-A,A,DAP 1Kg/Are + Urea 0.5Kg/Are at V6,Urea 0.5Kg/Are(V6),Maize,,2021-09-21,10,Well_decomposed,MV_507,42,104,0,2021-10-26,100,2021-11-03,52,,0,52,43,2022-01-09,2022-01-18,2022-02-13,5.67
4863dcbe7f284fe5866c32fbd14d69ab,22A,4863dcbe7f284fe5866c32fbd14d69ab-22A-B,B,DAP 1Kg/Are + Urea 0.5Kg/Are at Planting and Urea 0.5Kg/Are at V6,Urea1kg/Are(Planting+V6),Maize,,2021-09-21,10,Well_decomposed,MV_507,42,104,52,2021-10-26,100,2021-11-03,52,,0,104,67,2022-01-09,2022-01-18,2022-02-13,5.54
4863dcbe7f284fe5866c32fbd14d69ab,22A,4863dcbe7f284fe5866c32fbd14d69ab-22A-C,C,DAP 1Kg/Are + Urea 0.5Kg/Are at V6 + Urea 0.5Kg/Are at V10,Urea 1kg/Are(V6 + V10),Maize,,2021-09-21,10,Well_decomposed,MV_507,42,104,0,2021-10-26,100,2021-11-03,52,,52,104,67,2022-01-09,2022-01-18,2022-02-13,5.36
4863dcbe7f284fe5866c32fbd14d69ab,22A,4863dcbe7f284fe5866c32fbd14d69ab-22A-D,D,DAP 1Kg/Are at planting+ Urea 1Kg/Are at V6,Urea 1kg/Are(V6),Maize,,2021-09-21,10,Well_decomposed,MV_507,42,104,0,2021-10-26,100,2021-11-03,104,,0,104,67,2022-01-09,2022-01-18,2022-02-13,5.95
fea0cb2354e64560af1626623e02b44b,22A,fea0cb2354e64560af1626623e02b44b-22A-A,A,DAP 1Kg/Are + Urea 0.5Kg/Are at V6,Urea 0.5Kg/Are(V6),Maize,,2021-09-28,11,average,MV_507,42,106,0,2021-11-03,100,2021-11-09,53,,0,53,43,2022-01-12,2022-01-20,2022-03-06,1.68
fea0cb2354e64560af1626623e02b44b,22A,fea0cb2354e64560af1626623e02b44b-22A-B,B,DAP 1Kg/Are + Urea 0.5Kg/Are at Planting and Urea 0.5Kg/Are at V6,Urea1kg/Are(Planting+V6),Maize,,2021-09-28,11,average,MV_507,42,106,53,2021-11-03,100,2021-11-09,53,,0,106,68,2022-01-11,2022-01-20,2022-02-28,1.75
fea0cb2354e64560af1626623e02b44b,22A,fea0cb2354e64560af1626623e02b44b-22A-C,C,DAP 1Kg/Are + Urea 0.5Kg/Are at V6 + Urea 0.5Kg/Are at V10,Urea 1kg/Are(V6 + V10),Maize,,2021-09-28,11,average,MV_507,42,106,0,2021-11-03,100,2021-11-09,53,,53,106,68,2022-01-11,2022-01-20,2022-02-28,1.46
fea0cb2354e64560af1626623e02b44b,22A,fea0cb2354e64560af1626623e02b44b-22A-D,D,DAP 1Kg/Are at planting+ Urea 1Kg/Are at V6,Urea 1kg/Are(V6),Maize,,2021-09-28,11,average,MV_507,42,106,0,2021-11-03,100,2021-11-09,106,,0,106,68,2022-01-11,2022-01-20,2022-02-28,2.19
8d5bdb6aa65841cfbba0d11f6c865b8f,22A,8d5bdb6aa65841cfbba0d11f6c865b8f-22A-A,A,DAP 1Kg/Are + Urea 0.5Kg/Are at V6,Urea 0.5Kg/Are(V6),Maize,,2021-09-20,10,average,MV_507,42,104,0,2021-10-26,100,2021-11-03,52,,0,52,43,2021-12-13,2022-01-05,2022-02-10,5.0
8d5bdb6aa65841cfbba0d11f6c865b8f,22A,8d5bdb6aa65841cfbba0d11f6c865b8f-22A-B,B,DAP 1Kg/Are + Urea 0.5Kg/Are at Planting and Urea 0.5Kg/Are at V6,Urea1kg/Are(Planting+V6),Maize,,2021-09-20,10,average,MV_507,42,104,52,2021-10-26,100,2021-11-03,52,,0,104,67,2021-12-13,2022-01-05,2022-02-10,5.16
8d5bdb6aa65841cfbba0d11f6c865b8f,22A,8d5bdb6aa65841cfbba0d11f6c865b8f-22A-C,C,DAP 1Kg/Are + Urea 0.5Kg/Are at V6 + Urea 0.5Kg/Are at V10,Urea 1kg/Are(V6 + V10),Maize,,2021-09-20,10,average,MV_507,42,104,0,2021-10-26,100,2021-11-03,52,,52,104,67,2021-12-13,2022-01-05,2022-02-10,5.44
8d5bdb6aa65841cfbba0d11f6c865b8f,22A,8d5bdb6aa65841cfbba0d11f6c865b8f-22A-D,D,DAP 1Kg/Are at planting+ Urea 1Kg/Are at V6,Urea 1kg/Are(V6),Maize,,2021-09-20,10,average,MV_507,42,104,0,2021-10-26,100,2021-11-03,104,,0,104,67,2021-12-13,2022-01-05,2022-02-10,5.28
014d6b73d08a42c1be8990d884b17206,22A,014d6b73d08a42c1be8990d884b17206-22A-A,A,DAP 1Kg/Are + Urea 0.5Kg/Are at V6,Urea 0.5Kg/Are(V6),Maize,,2021-09-20,7,poorly_decomposed,MV_507,44,100,0,2021-10-26,100,2021-11-03,50,,0,50,41,2021-12-13,2022-01-05,2022-02-19,3.39
014d6b73d08a42c1be8990d884b17206,22A,014d6b73d08a42c1be8990d884b17206-22A-B,B,DAP 1Kg/Are + Urea 0.5Kg/Are at Planting and Urea 0.5Kg/Are at V6,Urea1kg/Are(Planting+V6),Maize,,2021-09-20,7,poorly_decomposed,MV_507,43,100,53,2021-10-26,100,2021-11-03,50,,0,103,66,2021-12-13,2022-01-05,2022-02-19,3.14
014d6b73d08a42c1be8990d884b17206,22A,014d6b73d08a42c1be8990d884b17206-22A-C,C,DAP 1Kg/Are + Urea 0.5Kg/Are at V6 + Urea 0.5Kg/Are at V10,Urea 1kg/Are(V6 + V10),Maize,,2021-09-20,7,poorly_decomposed,MV_507,43,100,0,2021-10-26,100,2021-11-03,50,,50,100,64,2021-12-13,2022-01-05,2022-02-19,2.23
014d6b73d08a42c1be8990d884b17206,22A,014d6b73d08a42c1be8990d884b17206-22A-D,D,DAP 1Kg/Are at planting+ Urea 1Kg/Are at V6,Urea 1kg/Are(V6),Maize,,2021-09-20,7,poorly_decomposed,MV_507,43,100,0,2021-10-26,100,2021-11-03,100,,0,100,64,2021-12-13,2022-01-05,2022-02-19,4.06
f8712f871241461aad5de0dd44e9f353,22A,f8712f871241461aad5de0dd44e9f353-22A-A,A,DAP 1Kg/Are + Urea 0.5Kg/Are at V6,Urea 0.5Kg/Are(V6),Maize,,2021-09-10,9,average,MV_507,40,100,0,2021-10-18,100,2021-10-28,50,,0,50,41,2021-12-06,2021-12-31,2022-02-21,4.5
f8712f871241461aad5de0dd44e9f353,22A,f8712f871241461aad5de0dd44e9f353-22A-B,B,DAP 1Kg/Are + Urea 0.5Kg/Are at Planting and Urea 0.5Kg/Are at V6,Urea1kg/Are(Planting+V6),Maize,,2021-09-10,9,average,MV_507,40,100,50,2021-10-18,95,2021-10-28,50,,0,100,64,2021-12-06,2021-12-31,2022-02-21,4.9
f8712f871241461aad5de0dd44e9f353,22A,f8712f871241461aad5de0dd44e9f353-22A-C,C,DAP 1Kg/Are + Urea 0.5Kg/Are at V6 + Urea 0.5Kg/Are at V10,Urea 1kg/Are(V6 + V10),Maize,,2021-09-10,9,average,MV_507,40,100,0,2021-10-18,100,2021-10-28,50,,50,100,64,2021-12-06,2021-12-31,2022-02-21,4.77
f8712f871241461aad5de0dd44e9f353,22A,f8712f871241461aad5de0dd44e9f353-22A-D,D,DAP 1Kg/Are at planting+ Urea 1Kg/Are at V6,Urea 1kg/Are(V6),Maize,,2021-09-10,9,average,MV_507,40,100,0,2021-10-18,100,2021-10-28,100,,0,100,64,2021-12-06,2021-12-31,2022-02-21,5.33
a5c56fd07dc94145b9a778df378a6000,22A,a5c56fd07dc94145b9a778df378a6000-22A-A,A,DAP 1Kg/Are + Urea 0.5Kg/Are at V6,Urea 0.5Kg/Are(V6),Maize,,2021-09-06,10,average,MV_507,40,100,0,2021-10-08,100,2021-10-12,50,,0,50,41,2021-11-28,2021-12-20,2022-01-06,2.85
a5c56fd07dc94145b9a778df378a6000,22A,a5c56fd07dc94145b9a778df378a6000-22A-B,B,DAP 1Kg/Are + Urea 0.5Kg/Are at Planting and Urea 0.5Kg/Are at V6,Urea1kg/Are(Planting+V6),Maize,,2021-09-06,10,average,MV_507,40,100,50,2021-10-08,68,2021-10-12,50,,0,100,64,2021-11-28,2021-12-20,2022-01-06,4.75
a5c56fd07dc94145b9a778df378a6000,22A,a5c56fd07dc94145b9a778df378a6000-22A-C,C,DAP 1Kg/Are + Urea 0.5Kg/Are at V6 + Urea 0.5Kg/Are at V10,Urea 1kg/Are(V6 + V10),Maize,,2021-09-06,10,average,MV_507,40,100,0,2021-10-08,100,2021-10-12,50,,50,100,64,2021-11-28,2021-12-20,2022-01-06,3.81
a5c56fd07dc94145b9a778df378a6000,22A,a5c56fd07dc94145b9a778df378a6000-22A-D,D,DAP 1Kg/Are at planting+ Urea 1Kg/Are at V6,Urea 1kg/Are(V6),Maize,,2021-09-06,10,average,MV_507,39,100,0,2021-10-08,96,2021-10-12,100,,0,100,64,2021-11-28,2021-12-20,2022-01-06,3.88
842e66804f1c4317a1896e72d12664eb,22A,842e66804f1c4317a1896e72d12664eb-22A-A,A,DAP 1Kg/Are + Urea 0.5Kg/Are at V6,Urea 0.5Kg/Are(V6),Maize,,2021-09-26,6,average,MV_507,42,104,0,2021-10-28,100,2021-11-15,52,,0,52,43,2021-12-31,2022-01-18,2022-02-26,2.38
842e66804f1c4317a1896e72d12664eb,22A,842e66804f1c4317a1896e72d12664eb-22A-B,B,DAP 1Kg/Are + Urea 0.5Kg/Are at Planting and Urea 0.5Kg/Are at V6,Urea1kg/Are(Planting+V6),Maize,,2021-09-26,6,average,MV_507,42,104,52,2021-10-28,100,2021-11-15,52,,0,104,66,2021-12-31,2022-01-18,2022-02-26,2.94
842e66804f1c4317a1896e72d12664eb,22A,842e66804f1c4317a1896e72d12664eb-22A-C,C,DAP 1Kg/Are + Urea 0.5Kg/Are at V6 + Urea 0.5Kg/Are at V10,Urea 1kg/Are(V6 + V10),Maize,,2021-09-26,5,average,MV_507,42,104,0,2021-10-28,100,2021-11-15,52,,52,103,66,2021-12-31,2022-01-18,2022-02-26,2.09
842e66804f1c4317a1896e72d12664eb,22A,842e66804f1c4317a1896e72d12664eb-22A-D,D,DAP 1Kg/Are at planting+ Urea 1Kg/Are at V6,Urea 1kg/Are(V6),Maize,,2021-09-26,6,average,MV_507,42,104,0,2021-10-28,100,2021-11-15,103,,0,103,66,2021-12-31,2022-01-18,2022-02-26,3.45
e4b02b103e984d209ae7846de5c7d972,22A,e4b02b103e984d209ae7846de5c7d972-22A-A,A,DAP 1Kg/Are + Urea 0.5Kg/Are at V6,Urea 0.5Kg/Are(V6),Maize,,2021-09-13,14,Well_decomposed,MV_605,50,100,0,2021-10-14,52,2021-11-11,50,,0,50,41,2021-12-24,2022-01-28,2022-02-22,3.67
e4b02b103e984d209ae7846de5c7d972,22A,e4b02b103e984d209ae7846de5c7d972-22A-B,B,DAP 1Kg/Are + Urea 0.5Kg/Are at Planting and Urea 0.5Kg/Are at V6,Urea1kg/Are(Planting+V6),Maize,,2021-09-13,14,Well_decomposed,MV_605,50,100,50,2021-10-14,62,2021-11-11,50,,0,100,64,2021-12-24,2022-01-28,2022-02-22,4.76
e4b02b103e984d209ae7846de5c7d972,22A,e4b02b103e984d209ae7846de5c7d972-22A-C,C,DAP 1Kg/Are + Urea 0.5Kg/Are at V6 + Urea 0.5Kg/Are at V10,Urea 1kg/Are(V6 + V10),Maize,,2021-09-13,14,Well_decomposed,MV_605,50,100,0,2021-10-14,59,2021-11-11,50,,50,100,64,2021-12-24,2022-01-28,2022-02-22,5.39
e4b02b103e984d209ae7846de5c7d972,22A,e4b02b103e984d209ae7846de5c7d972-22A-D,D,DAP 1Kg/Are at planting+ Urea 1Kg/Are at V6,Urea 1kg/Are(V6),Maize,,2021-09-13,14,Well_decomposed,MV_605,50,100,0,2021-10-14,56,2021-11-11,100,,0,100,64,2021-12-24,2022-01-28,2022-02-22,5.29
9db793706c0d40daa3b7e458ee05e7bd,22A,9db793706c0d40daa3b7e458ee05e7bd-22A-A,A,DAP 1Kg/Are + Urea 0.5Kg/Are at V6,Urea 0.5Kg/Are(V6),Maize,,2021-09-13,13,Well_decomposed,MV_605,46,102,0,2021-10-14,57,2021-11-11,51,,0,51,42,2021-12-24,2022-01-28,2022-02-22,3.18
9db793706c0d40daa3b7e458ee05e7bd,22A,9db793706c0d40daa3b7e458ee05e7bd-22A-B,B,DAP 1Kg/Are + Urea 0.5Kg/Are at Planting and Urea 0.5Kg/Are at V6,Urea1kg/Are(Planting+V6),Maize,,2021-09-13,13,Well_decomposed,MV_605,46,102,51,2021-10-14,58,2021-11-11,51,,0,102,65,2021-12-24,2022-01-28,2022-02-22,2.64
9db793706c0d40daa3b7e458ee05e7bd,22A,9db793706c0d40daa3b7e458ee05e7bd-22A-C,C,DAP 1Kg/Are + Urea 0.5Kg/Are at V6 + Urea 0.5Kg/Are at V10,Urea 1kg/Are(V6 + V10),Maize,,2021-09-13,13,Well_decomposed,MV_605,46,102,0,2021-10-14,60,2021-11-11,51,,51,102,65,2021-12-24,2022-01-28,2022-02-22,3.65
9db793706c0d40daa3b7e458ee05e7bd,22A,9db793706c0d40daa3b7e458ee05e7bd-22A-D,D,DAP 1Kg/Are at planting+ Urea 1Kg/Are at V6,Urea 1kg/Are(V6),Maize,,2021-09-13,13,Well_decomposed,MV_605,46,102,0,2021-10-14,55,2021-11-11,102,,0,102,65,2021-12-24,2022-01-28,2022-02-22,3.05
0aba15a99f8f4eec966dc3bf5be13cbb,22A,0aba15a99f8f4eec966dc3bf5be13cbb-22A-A,A,DAP 1Kg/Are + Urea 0.5Kg/Are at V6,Urea 0.5Kg/Are(V6),Maize,,2021-10-04,10,average,MV_605,36,100,0,2021-11-17,50,2021-11-25,50,,0,50,41,2022-01-07,2022-02-26,2022-03-17,0.74
0aba15a99f8f4eec966dc3bf5be13cbb,22A,0aba15a99f8f4eec966dc3bf5be13cbb-22A-B,B,DAP 1Kg/Are + Urea 0.5Kg/Are at Planting and Urea 0.5Kg/Are at V6,Urea1kg/Are(Planting+V6),Maize,,2021-10-04,10,average,MV_605,36,100,50,2021-11-17,50,2021-11-25,50,,0,100,64,2022-01-07,2022-02-26,2022-03-17,1.59
0aba15a99f8f4eec966dc3bf5be13cbb,22A,0aba15a99f8f4eec966dc3bf5be13cbb-22A-C,C,DAP 1Kg/Are + Urea 0.5Kg/Are at V6 + Urea 0.5Kg/Are at V10,Urea 1kg/Are(V6 + V10),Maize,,2021-10-04,10,average,MV_605,36,100,0,2021-11-17,51,2021-11-25,50,,50,100,64,2022-01-07,2022-02-26,2022-03-17,1.28
0aba15a99f8f4eec966dc3bf5be13cbb,22A,0aba15a99f8f4eec966dc3bf5be13cbb-22A-D,D,DAP 1Kg/Are at planting+ Urea 1Kg/Are at V6,Urea 1kg/Are(V6),Maize,,2021-10-04,10,average,MV_605,36,100,0,2021-11-17,57,2021-11-25,100,,0,100,64,2022-01-07,2022-02-26,2022-03-17,0.68
e51517509aac4630ac5889cdc052abd7,22A,e51517509aac4630ac5889cdc052abd7-22A-A,A,DAP 1Kg/Are + Urea 0.5Kg/Are at V6,Urea 0.5Kg/Are(V6),Maize,,2021-09-20,12,Well_decomposed,MV_605,36,101,0,2021-10-15,70,2021-11-19,50,,0,50,41,2021-12-31,2022-02-04,2022-03-10,5.67
e51517509aac4630ac5889cdc052abd7,22A,e51517509aac4630ac5889cdc052abd7-22A-B,B,DAP 1Kg/Are + Urea 0.5Kg/Are at Planting and Urea 0.5Kg/Are at V6,Urea1kg/Are(Planting+V6),Maize,,2021-09-20,12,Well_decomposed,MV_605,36,101,50,2021-10-15,62,2021-11-19,50,,0,101,64,2021-12-31,2022-02-04,2022-03-10,6.06
e51517509aac4630ac5889cdc052abd7,22A,e51517509aac4630ac5889cdc052abd7-22A-C,C,DAP 1Kg/Are + Urea 0.5Kg/Are at V6 + Urea 0.5Kg/Are at V10,Urea 1kg/Are(V6 + V10),Maize,,2021-09-20,12,Well_decomposed,MV_605,36,101,0,2021-10-15,68,2021-11-19,50,,50,101,64,2021-12-31,2022-02-04,2022-03-10,4.81
e51517509aac4630ac5889cdc052abd7,22A,e51517509aac4630ac5889cdc052abd7-22A-D,D,DAP 1Kg/Are at planting+ Urea 1Kg/Are at V6,Urea 1kg/Are(V6),Maize,,2021-09-20,12,Well_decomposed,MV_605,36,101,0,2021-10-15,73,2021-11-19,101,,0,101,64,2021-12-31,2022-02-04,2022-03-10,5.83
5bccf0ceeabe457298cf7ed8cdc96e60,22A,5bccf0ceeabe457298cf7ed8cdc96e60-22A-A,A,DAP 1Kg/Are + Urea 0.5Kg/Are at V6,Urea 0.5Kg/Are(V6),Maize,,2021-09-27,12,Well_decomposed,MV_605,36,100,0,2021-10-20,66,2021-11-24,51,,0,51,41,2022-01-07,2022-02-11,2022-03-10,3.97
5bccf0ceeabe457298cf7ed8cdc96e60,22A,5bccf0ceeabe457298cf7ed8cdc96e60-22A-B,B,DAP 1Kg/Are + Urea 0.5Kg/Are at Planting and Urea 0.5Kg/Are at V6,Urea1kg/Are(Planting+V6),Maize,,2021-09-27,12,Well_decomposed,MV_605,36,100,51,2021-10-20,60,2021-11-24,51,,0,101,64,2022-01-07,2022-02-11,2022-03-10,6.36
5bccf0ceeabe457298cf7ed8cdc96e60,22A,5bccf0ceeabe457298cf7ed8cdc96e60-22A-C,C,DAP 1Kg/Are + Urea 0.5Kg/Are at V6 + Urea 0.5Kg/Are at V10,Urea 1kg/Are(V6 + V10),Maize,,2021-09-27,12,Well_decomposed,MV_605,36,100,0,2021-10-20,59,2021-11-24,51,,51,101,64,2022-01-07,2022-02-11,2022-03-10,5.1
5bccf0ceeabe457298cf7ed8cdc96e60,22A,5bccf0ceeabe457298cf7ed8cdc96e60-22A-D,D,DAP 1Kg/Are at planting+ Urea 1Kg/Are at V6,Urea 1kg/Are(V6),Maize,,2021-09-27,12,Well_decomposed,MV_605,36,100,0,2021-10-20,63,2021-11-24,101,,0,101,64,2022-01-07,2022-02-11,2022-03-10,4.96
c63ef92d8b9b4dd48e0b7c6748a5b323,22A,c63ef92d8b9b4dd48e0b7c6748a5b323-22A-A,A,DAP 1Kg/Are + Urea 0.5Kg/Are at V6,Urea 0.5Kg/Are(V6),Maize,,2021-09-20,12,Well_decomposed,MV_605,36,100,0,2021-10-15,53,2021-11-20,50,,0,50,41,2021-12-30,2022-02-03,2022-03-06,2.32
c63ef92d8b9b4dd48e0b7c6748a5b323,22A,c63ef92d8b9b4dd48e0b7c6748a5b323-22A-B,B,DAP 1Kg/Are + Urea 0.5Kg/Are at Planting and Urea 0.5Kg/Are at V6,Urea1kg/Are(Planting+V6),Maize,,2021-09-20,12,Well_decomposed,MV_605,36,100,50,2021-10-15,55,2021-11-20,50,,0,100,64,2021-12-30,2022-02-03,2022-03-06,6.43
c63ef92d8b9b4dd48e0b7c6748a5b323,22A,c63ef92d8b9b4dd48e0b7c6748a5b323-22A-C,C,DAP 1Kg/Are + Urea 0.5Kg/Are at V6 + Urea 0.5Kg/Are at V10,Urea 1kg/Are(V6 + V10),Maize,,2021-09-20,12,Well_decomposed,MV_605,36,100,0,2021-10-15,60,2021-11-20,50,,50,100,64,2021-12-30,2022-02-03,2022-03-06,4.52
c63ef92d8b9b4dd48e0b7c6748a5b323,22A,c63ef92d8b9b4dd48e0b7c6748a5b323-22A-D,D,DAP 1Kg/Are at planting+ Urea 1Kg/Are at V6,Urea 1kg/Are(V6),Maize,,2021-09-20,12,Well_decomposed,MV_605,36,100,0,2021-10-15,57,2021-11-20,100,,0,100,64,2021-12-30,2022-02-03,2022-03-06,4.45
a08371b5434a4c63a30b681694fe673a,22A,a08371b5434a4c63a30b681694fe673a-22A-A,A,DAP 1Kg/Are + Urea 0.5Kg/Are at V6,Urea 0.5Kg/Are(V6),Maize,,2021-09-14,16,Well_decomposed,MV_605,36,100,0,2021-10-15,60,2021-11-10,50,,0,50,41,2021-12-25,2022-01-31,2022-03-01,3.86
a08371b5434a4c63a30b681694fe673a,22A,a08371b5434a4c63a30b681694fe673a-22A-B,B,DAP 1Kg/Are + Urea 0.5Kg/Are at Planting and Urea 0.5Kg/Are at V6,Urea1kg/Are(Planting+V6),Maize,,2021-09-14,16,Well_decomposed,MV_605,36,100,50,2021-10-15,63,2021-11-10,50,,0,100,64,2021-12-25,2022-01-31,2022-03-01,3.3
a08371b5434a4c63a30b681694fe673a,22A,a08371b5434a4c63a30b681694fe673a-22A-C,C,DAP 1Kg/Are + Urea 0.5Kg/Are at V6 + Urea 0.5Kg/Are at V10,Urea 1kg/Are(V6 + V10),Maize,,2021-09-14,16,Well_decomposed,MV_605,36,100,0,2021-10-15,65,2021-11-10,50,,50,100,64,2021-12-25,2022-01-31,2022-03-01,2.62
a08371b5434a4c63a30b681694fe673a,22A,a08371b5434a4c63a30b681694fe673a-22A-D,D,DAP 1Kg/Are at planting+ Urea 1Kg/Are at V6,Urea 1kg/Are(V6),Maize,,2021-09-14,16,Well_decomposed,MV_605,36,100,0,2021-10-15,61,2021-11-10,100,,0,100,64,2021-12-25,2022-01-31,2022-03-01,4.29
1c7f5d4a147a44b9bc401d0345d400f8,22A,1c7f5d4a147a44b9bc401d0345d400f8-22A-A,A,DAP 1Kg/Are + Urea 0.5Kg/Are at V6,Urea 0.5Kg/Are(V6),Maize,,2021-09-27,14,Well_decomposed,MV_605,36,101,0,2021-10-20,60,2021-11-15,51,,0,51,41,2022-01-07,2022-02-11,2022-03-10,4.34
1c7f5d4a147a44b9bc401d0345d400f8,22A,1c7f5d4a147a44b9bc401d0345d400f8-22A-B,B,DAP 1Kg/Are + Urea 0.5Kg/Are at Planting and Urea 0.5Kg/Are at V6,Urea1kg/Are(Planting+V6),Maize,,2021-09-27,14,Well_decomposed,MV_605,36,101,51,2021-10-20,55,2021-11-15,51,,0,101,65,2022-01-07,2022-02-11,2022-03-10,3.86
1c7f5d4a147a44b9bc401d0345d400f8,22A,1c7f5d4a147a44b9bc401d0345d400f8-22A-C,C,DAP 1Kg/Are + Urea 0.5Kg/Are at V6 + Urea 0.5Kg/Are at V10,Urea 1kg/Are(V6 + V10),Maize,,2021-09-27,14,Well_decomposed,MV_605,36,101,0,2021-10-20,58,2021-11-15,51,,51,101,65,2022-01-07,2022-02-11,2022-03-10,2.98
1c7f5d4a147a44b9bc401d0345d400f8,22A,1c7f5d4a147a44b9bc401d0345d400f8-22A-D,D,DAP 1Kg/Are at planting+ Urea 1Kg/Are at V6,Urea 1kg/Are(V6),Maize,,2021-09-27,14,Well_decomposed,MV_605,36,101,0,2021-10-20,56,2021-11-15,101,,0,101,65,2022-01-07,2022-02-11,2022-03-10,4.62
ea3c2e9754d44e9dafbf10e19f836c0b,22A,ea3c2e9754d44e9dafbf10e19f836c0b-22A-A,A,DAP 1Kg/Are + Urea 0.5Kg/Are at V6,Urea 0.5Kg/Are(V6),Maize,,2021-09-30,14,average,MV_605,40,100,0,2021-11-11,65,2021-12-02,50,,0,50,41,2022-01-14,2022-02-20,2022-03-15,3.14
ea3c2e9754d44e9dafbf10e19f836c0b,22A,ea3c2e9754d44e9dafbf10e19f836c0b-22A-B,B,DAP 1Kg/Are + Urea 0.5Kg/Are at Planting and Urea 0.5Kg/Are at V6,Urea1kg/Are(Planting+V6),Maize,,2021-09-30,14,average,MV_605,40,100,50,2021-11-11,70,2021-12-02,50,,0,100,64,2022-01-14,2022-02-20,2022-03-15,3.36
ea3c2e9754d44e9dafbf10e19f836c0b,22A,ea3c2e9754d44e9dafbf10e19f836c0b-22A-C,C,DAP 1Kg/Are + Urea 0.5Kg/Are at V6 + Urea 0.5Kg/Are at V10,Urea 1kg/Are(V6 + V10),Maize,,2021-09-30,14,average,MV_605,40,100,0,2021-11-11,64,2021-12-02,50,,50,100,64,2022-01-14,2022-02-20,2022-03-15,2.89
ea3c2e9754d44e9dafbf10e19f836c0b,22A,ea3c2e9754d44e9dafbf10e19f836c0b-22A-D,D,DAP 1Kg/Are at planting+ Urea 1Kg/Are at V6,Urea 1kg/Are(V6),Maize,,2021-09-30,14,average,MV_605,40,100,0,2021-11-11,68,2021-12-02,100,,0,100,64,2022-01-14,2022-02-20,2022-03-15,3.06
fcaaa7085f684b8c8cfc98e966e11cdd,22A,fcaaa7085f684b8c8cfc98e966e11cdd-22A-A,A,DAP 1Kg/Are + Urea 0.5Kg/Are at V6,Urea 0.5Kg/Are(V6),Maize,,2021-10-01,16,average,MV_605,36,100,0,2021-11-16,52,2021-11-30,50,,0,50,41,2022-01-17,2022-02-25,2022-03-17,3.26
fcaaa7085f684b8c8cfc98e966e11cdd,22A,fcaaa7085f684b8c8cfc98e966e11cdd-22A-B,B,DAP 1Kg/Are + Urea 0.5Kg/Are at Planting and Urea 0.5Kg/Are at V6,Urea1kg/Are(Planting+V6),Maize,,2021-10-01,16,average,MV_605,36,100,50,2021-11-16,52,2021-11-30,50,,0,100,64,2022-01-17,2022-02-25,2022-03-17,3.25
fcaaa7085f684b8c8cfc98e966e11cdd,22A,fcaaa7085f684b8c8cfc98e966e11cdd-22A-C,C,DAP 1Kg/Are + Urea 0.5Kg/Are at V6 + Urea 0.5Kg/Are at V10,Urea 1kg/Are(V6 + V10),Maize,,2021-10-01,16,average,MV_605,36,100,0,2021-11-16,53,2021-11-30,50,,50,100,64,2022-01-17,2022-02-25,2022-03-17,2.98
fcaaa7085f684b8c8cfc98e966e11cdd,22A,fcaaa7085f684b8c8cfc98e966e11cdd-22A-D,D,DAP 1Kg/Are at planting+ Urea 1Kg/Are at V6,Urea 1kg/Are(V6),Maize,,2021-10-01,16,average,MV_605,36,100,0,2021-11-16,50,2021-11-30,100,,0,100,64,2022-01-17,2022-02-25,2022-03-17,2.59
1e29dd8505d741f6a1f660afb4b7b68e,22A,1e29dd8505d741f6a1f660afb4b7b68e-22A-A,A,DAP 1Kg/Are + Urea 0.5Kg/Are at V6,Urea 0.5Kg/Are(V6),Maize,,2021-09-30,16,average,MV_605,44,100,0,2021-11-11,58,2021-12-03,50,,0,50,41,2022-01-14,2022-02-20,2022-03-15,1.49
1e29dd8505d741f6a1f660afb4b7b68e,22A,1e29dd8505d741f6a1f660afb4b7b68e-22A-B,B,DAP 1Kg/Are + Urea 0.5Kg/Are at Planting and Urea 0.5Kg/Are at V6,Urea1kg/Are(Planting+V6),Maize,,2021-09-30,16,average,MV_605,44,100,50,2021-11-11,60,2021-12-03,50,,0,100,64,2022-01-14,2022-02-20,2022-03-15,2.65
1e29dd8505d741f6a1f660afb4b7b68e,22A,1e29dd8505d741f6a1f660afb4b7b68e-22A-C,C,DAP 1Kg/Are + Urea 0.5Kg/Are at V6 + Urea 0.5Kg/Are at V10,Urea 1kg/Are(V6 + V10),Maize,,2021-09-30,16,average,MV_605,44,100,0,2021-11-11,60,2021-12-03,50,,50,100,64,2022-01-14,2022-02-20,2022-03-15,0.85
1e29dd8505d741f6a1f660afb4b7b68e,22A,1e29dd8505d741f6a1f660afb4b7b68e-22A-D,D,DAP 1Kg/Are at planting+ Urea 1Kg/Are at V6,Urea 1kg/Are(V6),Maize,,2021-09-30,16,average,MV_605,44,100,0,2021-11-11,56,2021-12-03,100,,0,100,64,2022-01-14,2022-02-20,2022-03-15,1.7
b0f8cfa2862a471db1fdbddb5e7acc0c,22A,b0f8cfa2862a471db1fdbddb5e7acc0c-22A-A,A,DAP 1Kg/Are + Urea 0.5Kg/Are at V6,Urea 0.5Kg/Are(V6),Maize,,2021-09-20,10,Well_decomposed,MV_605,36,100,0,2021-10-24,56,2021-11-25,50,,0,50,41,2021-12-30,2022-02-04,2022-03-10,1.3
b0f8cfa2862a471db1fdbddb5e7acc0c,22A,b0f8cfa2862a471db1fdbddb5e7acc0c-22A-B,B,DAP 1Kg/Are + Urea 0.5Kg/Are at Planting and Urea 0.5Kg/Are at V6,Urea1kg/Are(Planting+V6),Maize,,2021-09-20,10,Well_decomposed,MV_605,36,100,50,2021-10-24,50,2021-11-25,50,,0,100,64,2021-12-30,2022-02-04,2022-03-10,2.01
b0f8cfa2862a471db1fdbddb5e7acc0c,22A,b0f8cfa2862a471db1fdbddb5e7acc0c-22A-C,C,DAP 1Kg/Are + Urea 0.5Kg/Are at V6 + Urea 0.5Kg/Are at V10,Urea 1kg/Are(V6 + V10),Maize,,2021-09-20,10,Well_decomposed,MV_605,36,100,0,2021-10-24,55,2021-11-25,50,,50,100,64,2021-12-30,2022-02-04,2022-03-10,1.64
b0f8cfa2862a471db1fdbddb5e7acc0c,22A,b0f8cfa2862a471db1fdbddb5e7acc0c-22A-D,D,DAP 1Kg/Are at planting+ Urea 1Kg/Are at V6,Urea 1kg/Are(V6),Maize,,2021-09-20,10,Well_decomposed,MV_605,36,100,0,2021-10-24,52,2021-11-25,100,,0,100,64,2021-12-30,2022-02-04,2022-03-10,0.79
b2d908af4a2a466bbc277006f29da27d,22A,b2d908af4a2a466bbc277006f29da27d-22A-A,A,DAP 1Kg/Are + Urea 0.5Kg/Are at V6,Urea 0.5Kg/Are(V6),Maize,,2021-10-01,18,average,MV_605,42,101,0,2021-11-17,56,2021-12-01,50,,0,50,41,2022-01-14,2022-02-25,2022-03-17,2.03
b2d908af4a2a466bbc277006f29da27d,22A,b2d908af4a2a466bbc277006f29da27d-22A-B,B,DAP 1Kg/Are + Urea 0.5Kg/Are at Planting and Urea 0.5Kg/Are at V6,Urea1kg/Are(Planting+V6),Maize,,2021-10-01,18,average,MV_605,41,101,50,2021-11-17,53,2021-12-01,50,,0,100,64,2022-01-14,2022-02-25,2022-03-17,2.94
b2d908af4a2a466bbc277006f29da27d,22A,b2d908af4a2a466bbc277006f29da27d-22A-C,C,DAP 1Kg/Are + Urea 0.5Kg/Are at V6 + Urea 0.5Kg/Are at V10,Urea 1kg/Are(V6 + V10),Maize,,2021-10-01,18,average,MV_605,41,101,0,2021-11-17,55,2021-12-01,50,,50,100,64,2022-01-14,2022-02-25,2022-03-17,2.38
b2d908af4a2a466bbc277006f29da27d,22A,b2d908af4a2a466bbc277006f29da27d-22A-D,D,DAP 1Kg/Are at planting+ Urea 1Kg/Are at V6,Urea 1kg/Are(V6),Maize,,2021-10-01,18,average,MV_605,41,101,0,2021-11-17,56,2021-12-01,100,,0,100,64,2022-01-14,2022-02-25,2022-03-17,2.08
72e2e081263c4e3db433d49fb0bf3ed1,22A,72e2e081263c4e3db433d49fb0bf3ed1-22A-A,A,DAP 1Kg/Are + Urea 0.5Kg/Are at V6,Urea 0.5Kg/Are(V6),Maize,,2021-10-04,10,average,MV_605,36,99,0,2021-11-16,51,2021-11-18,49,,0,49,40,2022-01-17,2022-02-26,2022-03-18,1.63
72e2e081263c4e3db433d49fb0bf3ed1,22A,72e2e081263c4e3db433d49fb0bf3ed1-22A-B,B,DAP 1Kg/Are + Urea 0.5Kg/Are at Planting and Urea 0.5Kg/Are at V6,Urea1kg/Are(Planting+V6),Maize,,2021-10-04,10,average,MV_605,36,99,49,2021-11-16,50,2021-11-18,49,,0,99,63,2022-01-17,2022-02-26,2022-03-18,2.35
72e2e081263c4e3db433d49fb0bf3ed1,22A,72e2e081263c4e3db433d49fb0bf3ed1-22A-C,C,DAP 1Kg/Are + Urea 0.5Kg/Are at V6 + Urea 0.5Kg/Are at V10,Urea 1kg/Are(V6 + V10),Maize,,2021-10-04,10,average,MV_605,36,99,0,2021-11-16,53,2021-11-18,49,,49,99,63,2022-01-17,2022-02-26,2022-03-18,1.9
72e2e081263c4e3db433d49fb0bf3ed1,22A,72e2e081263c4e3db433d49fb0bf3ed1-22A-D,D,DAP 1Kg/Are at planting+ Urea 1Kg/Are at V6,Urea 1kg/Are(V6),Maize,,2021-10-04,10,average,MV_605,36,99,0,2021-11-16,50,2021-11-18,99,,0,99,63,2022-01-17,2022-02-26,2022-03-18,2.92
7b9a2d5c8d0c4e029b32bee26ff19f8c,22A,7b9a2d5c8d0c4e029b32bee26ff19f8c-22A-A,A,DAP 1Kg/Are + Urea 0.5Kg/Are at V6,Urea 0.5Kg/Are(V6),Maize,,2021-09-20,16,Well_decomposed,MV_605,36,101,0,2021-11-17,50,2021-11-20,51,,0,51,41,2021-12-31,2022-02-13,2022-03-15,4.26
7b9a2d5c8d0c4e029b32bee26ff19f8c,22A,7b9a2d5c8d0c4e029b32bee26ff19f8c-22A-B,B,DAP 1Kg/Are + Urea 0.5Kg/Are at Planting and Urea 0.5Kg/Are at V6,Urea1kg/Are(Planting+V6),Maize,,2021-09-20,16,Well_decomposed,MV_605,36,101,51,2021-11-17,53,2021-11-20,51,,0,101,65,2021-12-31,2022-02-13,2022-03-15,3.34
7b9a2d5c8d0c4e029b32bee26ff19f8c,22A,7b9a2d5c8d0c4e029b32bee26ff19f8c-22A-C,C,DAP 1Kg/Are + Urea 0.5Kg/Are at V6 + Urea 0.5Kg/Are at V10,Urea 1kg/Are(V6 + V10),Maize,,2021-09-20,16,Well_decomposed,MV_605,36,101,0,2021-11-17,50,2021-11-20,51,,51,101,65,2021-12-31,2022-02-13,2022-03-15,3.39
7b9a2d5c8d0c4e029b32bee26ff19f8c,22A,7b9a2d5c8d0c4e029b32bee26ff19f8c-22A-D,D,DAP 1Kg/Are at planting+ Urea 1Kg/Are at V6,Urea 1kg/Are(V6),Maize,,2021-09-20,16,Well_decomposed,MV_605,36,101,0,2021-11-17,52,2021-11-20,101,,0,101,65,2021-12-31,2022-02-13,2022-03-15,3.13
